date,agent_id,team,site,account,shift,channel,program,tenure_band,ssa_n8nn_month,ssa_n8nn_calls_offered,ssa_n8nn_busy_rate_pct,daily_contacts,occupancy,aht,acw,qa,csat,fcr,escalation_rate,transfer_rate,late_count,absent_flag
2026-04-01,A001,Team Manila A,Manila,Telco,Day,Voice,Retention,new,2026-04,2715000,7.9,1603.0,0.841,462.47,67.31,90.09,4.51,0.825,0.074,0.104,0.2,1
2026-04-01,A002,Team Manila A,Manila,Telco,Swing,Voice,Retention,steady,2026-04,2715000,7.9,1716.0,0.851,428.12,62.35,91.53,4.51,0.831,0.078,0.101,0.35,0
2026-04-01,A003,Team Manila A,Manila,Telco,Night,Voice,Retention,senior,2026-04,2715000,7.9,1829.0,0.861,402.37,58.63,92.61,4.51,0.836,0.082,0.099,0.5,0
2026-04-01,A004,Team Manila A,Manila,Telco,Day,Voice,Retention,new,2026-04,2715000,7.9,1942.0,0.871,462.47,67.31,90.09,4.51,0.825,0.086,0.113,0.65,0
2026-04-01,A005,Team Manila A,Manila,Telco,Swing,Voice,Retention,steady,2026-04,2715000,7.9,2055.0,0.841,428.12,62.35,91.53,4.51,0.831,0.074,0.11,0.2,0
2026-04-01,A006,Team Manila A,Manila,Telco,Night,Voice,Retention,senior,2026-04,2715000,7.9,2168.0,0.851,402.37,58.63,92.61,4.51,0.836,0.078,0.093,0.35,0
2026-04-01,A007,Team Manila A,Manila,Telco,Day,Voice,Retention,new,2026-04,2715000,7.9,1603.0,0.861,462.47,67.31,90.09,4.51,0.825,0.082,0.107,0.5,0
2026-04-01,A008,Team Manila A,Manila,Telco,Swing,Voice,Retention,steady,2026-04,2715000,7.9,1716.0,0.871,428.12,62.35,91.53,4.51,0.831,0.086,0.104,0.65,0
2026-04-01,A009,Team Manila A,Manila,Telco,Night,Voice,Retention,senior,2026-04,2715000,7.9,1829.0,0.841,402.37,58.63,92.61,4.51,0.836,0.074,0.102,0.2,0
2026-04-01,A010,Team Manila A,Manila,Telco,Day,Voice,Retention,new,2026-04,2715000,7.9,1942.0,0.851,462.47,67.31,90.09,4.51,0.825,0.078,0.116,0.35,0
2026-04-01,A011,Team Manila A,Manila,Telco,Swing,Voice,Retention,steady,2026-04,2715000,7.9,2055.0,0.861,428.12,62.35,91.53,4.51,0.831,0.082,0.098,0.5,0
2026-04-01,A012,Team Manila A,Manila,Telco,Night,Voice,Retention,senior,2026-04,2715000,7.9,2168.0,0.871,402.37,58.63,92.61,4.51,0.836,0.086,0.096,0.65,0
2026-04-01,A013,Team Manila B,Manila,Retail,Day,Voice,Order Support,new,2026-04,2715000,7.9,1603.0,0.838,427.48,67.31,90.09,4.57,0.829,0.065,0.11,0.2,0
2026-04-01,A014,Team Manila B,Manila,Retail,Swing,Voice,Order Support,steady,2026-04,2715000,7.9,1716.0,0.848,395.72,62.35,91.53,4.57,0.835,0.069,0.107,0.35,0
2026-04-01,A015,Team Manila B,Manila,Retail,Night,Voice,Order Support,senior,2026-04,2715000,7.9,1829.0,0.858,371.91,58.63,92.61,4.57,0.84,0.073,0.105,0.5,0
2026-04-01,A016,Team Manila B,Manila,Retail,Day,Voice,Order Support,new,2026-04,2715000,7.9,1942.0,0.868,427.48,67.31,90.09,4.57,0.829,0.077,0.104,0.65,0
2026-04-01,A017,Team Manila B,Manila,Retail,Swing,Voice,Order Support,steady,2026-04,2715000,7.9,2055.0,0.838,395.72,62.35,91.53,4.57,0.835,0.065,0.101,0.2,0
2026-04-01,A018,Team Manila B,Manila,Retail,Night,Voice,Order Support,senior,2026-04,2715000,7.9,2168.0,0.848,371.91,58.63,92.61,4.57,0.84,0.069,0.099,0.35,0
2026-04-01,A019,Team Manila B,Manila,Retail,Day,Voice,Order Support,new,2026-04,2715000,7.9,1603.0,0.858,427.48,67.31,90.09,4.57,0.829,0.073,0.113,0.5,0
2026-04-01,A020,Team Manila B,Manila,Retail,Swing,Voice,Order Support,steady,2026-04,2715000,7.9,1716.0,0.868,395.72,62.35,91.53,4.57,0.835,0.077,0.11,0.65,0
2026-04-01,A021,Team Manila B,Manila,Retail,Night,Voice,Order Support,senior,2026-04,2715000,7.9,1829.0,0.838,371.91,58.63,92.61,4.57,0.84,0.065,0.093,0.2,0
2026-04-01,A022,Team Manila B,Manila,Retail,Day,Voice,Order Support,new,2026-04,2715000,7.9,1942.0,0.848,427.48,67.31,90.09,4.57,0.829,0.069,0.107,0.35,0
2026-04-01,A023,Team Manila B,Manila,Retail,Swing,Voice,Order Support,steady,2026-04,2715000,7.9,2055.0,0.858,395.72,62.35,91.53,4.57,0.835,0.073,0.104,0.5,0
2026-04-01,A024,Team Manila B,Manila,Retail,Night,Voice,Order Support,senior,2026-04,2715000,7.9,2168.0,0.868,371.91,58.63,92.61,4.57,0.84,0.077,0.102,0.65,0
2026-04-01,A025,Team Cebu C,Cebu,Travel,Day,Voice,Reservations,new,2026-04,2715000,7.9,1603.0,0.843,479.97,67.31,90.09,4.48,0.823,0.079,0.116,0.2,0
2026-04-01,A026,Team Cebu C,Cebu,Travel,Swing,Voice,Reservations,steady,2026-04,2715000,7.9,1716.0,0.853,444.33,62.35,91.53,4.48,0.829,0.083,0.098,0.35,0
2026-04-01,A027,Team Cebu C,Cebu,Travel,Night,Voice,Reservations,senior,2026-04,2715000,7.9,1829.0,0.863,417.6,58.63,92.61,4.48,0.834,0.087,0.096,0.5,0
2026-04-01,A028,Team Cebu C,Cebu,Travel,Day,Voice,Reservations,new,2026-04,2715000,7.9,1942.0,0.873,479.97,67.31,90.09,4.48,0.823,0.091,0.11,0.65,0
2026-04-01,A029,Team Cebu C,Cebu,Travel,Swing,Voice,Reservations,steady,2026-04,2715000,7.9,2055.0,0.843,444.33,62.35,91.53,4.48,0.829,0.079,0.107,0.2,0
2026-04-01,A030,Team Cebu C,Cebu,Travel,Night,Voice,Reservations,senior,2026-04,2715000,7.9,2168.0,0.853,417.6,58.63,92.61,4.48,0.834,0.083,0.105,0.35,0
2026-04-01,A031,Team Cebu C,Cebu,Travel,Day,Voice,Reservations,new,2026-04,2715000,7.9,1603.0,0.863,479.97,67.31,90.09,4.48,0.823,0.087,0.104,0.5,0
2026-04-01,A032,Team Cebu C,Cebu,Travel,Swing,Voice,Reservations,steady,2026-04,2715000,7.9,1716.0,0.873,444.33,62.35,91.53,4.48,0.829,0.091,0.101,0.65,0
2026-04-01,A033,Team Cebu C,Cebu,Travel,Night,Voice,Reservations,senior,2026-04,2715000,7.9,1829.0,0.843,417.6,58.63,92.61,4.48,0.834,0.079,0.099,0.2,0
2026-04-01,A034,Team Cebu C,Cebu,Travel,Day,Voice,Reservations,new,2026-04,2715000,7.9,1942.0,0.853,479.97,67.31,90.09,4.48,0.823,0.083,0.113,0.35,0
2026-04-01,A035,Team Cebu C,Cebu,Travel,Swing,Voice,Reservations,steady,2026-04,2715000,7.9,2055.0,0.863,444.33,62.35,91.53,4.48,0.829,0.087,0.11,0.5,0
2026-04-01,A036,Team Cebu C,Cebu,Travel,Night,Voice,Reservations,senior,2026-04,2715000,7.9,2168.0,0.873,417.6,58.63,92.61,4.48,0.834,0.091,0.093,0.65,0
2026-04-01,A037,Team Davao D,Davao,Healthcare,Day,Voice,Benefits,new,2026-04,2715000,7.9,1603.0,0.84,444.97,67.31,90.09,4.54,0.827,0.07,0.107,0.2,0
2026-04-01,A038,Team Davao D,Davao,Healthcare,Swing,Voice,Benefits,steady,2026-04,2715000,7.9,1716.0,0.85,411.93,62.35,91.53,4.54,0.833,0.074,0.104,0.35,0
2026-04-01,A039,Team Davao D,Davao,Healthcare,Night,Voice,Benefits,senior,2026-04,2715000,7.9,1829.0,0.86,387.14,58.63,92.61,4.54,0.838,0.078,0.102,0.5,0
2026-04-01,A040,Team Davao D,Davao,Healthcare,Day,Voice,Benefits,new,2026-04,2715000,7.9,1942.0,0.87,444.97,67.31,90.09,4.54,0.827,0.082,0.116,0.65,0
2026-04-01,A041,Team Davao D,Davao,Healthcare,Swing,Voice,Benefits,steady,2026-04,2715000,7.9,2055.0,0.84,411.93,62.35,91.53,4.54,0.833,0.07,0.098,0.2,0
2026-04-01,A042,Team Davao D,Davao,Healthcare,Night,Voice,Benefits,senior,2026-04,2715000,7.9,2168.0,0.85,387.14,58.63,92.61,4.54,0.838,0.074,0.096,0.35,0
2026-04-01,A043,Team Davao D,Davao,Healthcare,Day,Voice,Benefits,new,2026-04,2715000,7.9,1603.0,0.86,444.97,67.31,90.09,4.54,0.827,0.078,0.11,0.5,0
2026-04-01,A044,Team Davao D,Davao,Healthcare,Swing,Voice,Benefits,steady,2026-04,2715000,7.9,1716.0,0.87,411.93,62.35,91.53,4.54,0.833,0.082,0.107,0.65,0
2026-04-01,A045,Team Davao D,Davao,Healthcare,Night,Voice,Benefits,senior,2026-04,2715000,7.9,1829.0,0.84,387.14,58.63,92.61,4.54,0.838,0.07,0.105,0.2,0
2026-04-01,A046,Team Davao D,Davao,Healthcare,Day,Voice,Benefits,new,2026-04,2715000,7.9,1942.0,0.85,444.97,67.31,90.09,4.54,0.827,0.074,0.104,0.35,0
2026-04-01,A047,Team Davao D,Davao,Healthcare,Swing,Voice,Benefits,steady,2026-04,2715000,7.9,2055.0,0.86,411.93,62.35,91.53,4.54,0.833,0.078,0.101,0.5,0
2026-04-01,A048,Team Davao D,Davao,Healthcare,Night,Voice,Benefits,senior,2026-04,2715000,7.9,2168.0,0.87,387.14,58.63,92.61,4.54,0.838,0.082,0.099,0.65,0
2026-04-02,A001,Team Manila A,Manila,Telco,Day,Voice,Retention,new,2026-04,2715000,7.9,1587.0,0.841,467.47,68.51,90.27,4.52,0.825,0.074,0.104,0.2,0
2026-04-02,A002,Team Manila A,Manila,Telco,Swing,Voice,Retention,steady,2026-04,2715000,7.9,1699.0,0.851,433.12,63.55,91.71,4.52,0.831,0.078,0.101,0.35,0
2026-04-02,A003,Team Manila A,Manila,Telco,Night,Voice,Retention,senior,2026-04,2715000,7.9,1811.0,0.861,407.37,59.83,92.79,4.52,0.836,0.082,0.099,0.5,0
2026-04-02,A004,Team Manila A,Manila,Telco,Day,Voice,Retention,new,2026-04,2715000,7.9,1923.0,0.871,467.47,68.51,90.27,4.52,0.825,0.086,0.113,0.65,0
2026-04-02,A005,Team Manila A,Manila,Telco,Swing,Voice,Retention,steady,2026-04,2715000,7.9,2035.0,0.841,433.12,63.55,91.71,4.52,0.831,0.074,0.11,0.2,0
2026-04-02,A006,Team Manila A,Manila,Telco,Night,Voice,Retention,senior,2026-04,2715000,7.9,2147.0,0.851,407.37,59.83,92.79,4.52,0.836,0.078,0.093,0.35,0
2026-04-02,A007,Team Manila A,Manila,Telco,Day,Voice,Retention,new,2026-04,2715000,7.9,1587.0,0.861,467.47,68.51,90.27,4.52,0.825,0.082,0.107,0.5,0
2026-04-02,A008,Team Manila A,Manila,Telco,Swing,Voice,Retention,steady,2026-04,2715000,7.9,1699.0,0.871,433.12,63.55,91.71,4.52,0.831,0.086,0.104,0.65,0
2026-04-02,A009,Team Manila A,Manila,Telco,Night,Voice,Retention,senior,2026-04,2715000,7.9,1811.0,0.841,407.37,59.83,92.79,4.52,0.836,0.074,0.102,0.2,0
2026-04-02,A010,Team Manila A,Manila,Telco,Day,Voice,Retention,new,2026-04,2715000,7.9,1923.0,0.851,467.47,68.51,90.27,4.52,0.825,0.078,0.116,0.35,0
2026-04-02,A011,Team Manila A,Manila,Telco,Swing,Voice,Retention,steady,2026-04,2715000,7.9,2035.0,0.861,433.12,63.55,91.71,4.52,0.831,0.082,0.098,0.5,0
2026-04-02,A012,Team Manila A,Manila,Telco,Night,Voice,Retention,senior,2026-04,2715000,7.9,2147.0,0.871,407.37,59.83,92.79,4.52,0.836,0.086,0.096,0.65,0
2026-04-02,A013,Team Manila B,Manila,Retail,Day,Voice,Order Support,new,2026-04,2715000,7.9,1587.0,0.838,432.48,68.51,90.27,4.58,0.829,0.065,0.11,0.2,0
2026-04-02,A014,Team Manila B,Manila,Retail,Swing,Voice,Order Support,steady,2026-04,2715000,7.9,1699.0,0.848,400.72,63.55,91.71,4.58,0.835,0.069,0.107,0.35,0
2026-04-02,A015,Team Manila B,Manila,Retail,Night,Voice,Order Support,senior,2026-04,2715000,7.9,1811.0,0.858,376.91,59.83,92.79,4.58,0.84,0.073,0.105,0.5,0
2026-04-02,A016,Team Manila B,Manila,Retail,Day,Voice,Order Support,new,2026-04,2715000,7.9,1923.0,0.868,432.48,68.51,90.27,4.58,0.829,0.077,0.104,0.65,0
2026-04-02,A017,Team Manila B,Manila,Retail,Swing,Voice,Order Support,steady,2026-04,2715000,7.9,2035.0,0.838,400.72,63.55,91.71,4.58,0.835,0.065,0.101,0.2,0
2026-04-02,A018,Team Manila B,Manila,Retail,Night,Voice,Order Support,senior,2026-04,2715000,7.9,2147.0,0.848,376.91,59.83,92.79,4.58,0.84,0.069,0.099,0.35,0
2026-04-02,A019,Team Manila B,Manila,Retail,Day,Voice,Order Support,new,2026-04,2715000,7.9,1587.0,0.858,432.48,68.51,90.27,4.58,0.829,0.073,0.113,0.5,0
2026-04-02,A020,Team Manila B,Manila,Retail,Swing,Voice,Order Support,steady,2026-04,2715000,7.9,1699.0,0.868,400.72,63.55,91.71,4.58,0.835,0.077,0.11,0.65,0
2026-04-02,A021,Team Manila B,Manila,Retail,Night,Voice,Order Support,senior,2026-04,2715000,7.9,1811.0,0.838,376.91,59.83,92.79,4.58,0.84,0.065,0.093,0.2,0
2026-04-02,A022,Team Manila B,Manila,Retail,Day,Voice,Order Support,new,2026-04,2715000,7.9,1923.0,0.848,432.48,68.51,90.27,4.58,0.829,0.069,0.107,0.35,0
2026-04-02,A023,Team Manila B,Manila,Retail,Swing,Voice,Order Support,steady,2026-04,2715000,7.9,2035.0,0.858,400.72,63.55,91.71,4.58,0.835,0.073,0.104,0.5,0
2026-04-02,A024,Team Manila B,Manila,Retail,Night,Voice,Order Support,senior,2026-04,2715000,7.9,2147.0,0.868,376.91,59.83,92.79,4.58,0.84,0.077,0.102,0.65,0
2026-04-02,A025,Team Cebu C,Cebu,Travel,Day,Voice,Reservations,new,2026-04,2715000,7.9,1587.0,0.843,484.97,68.51,90.27,4.49,0.823,0.079,0.116,0.2,0
2026-04-02,A026,Team Cebu C,Cebu,Travel,Swing,Voice,Reservations,steady,2026-04,2715000,7.9,1699.0,0.853,449.33,63.55,91.71,4.49,0.829,0.083,0.098,0.35,0
2026-04-02,A027,Team Cebu C,Cebu,Travel,Night,Voice,Reservations,senior,2026-04,2715000,7.9,1811.0,0.863,422.6,59.83,92.79,4.49,0.834,0.087,0.096,0.5,0
2026-04-02,A028,Team Cebu C,Cebu,Travel,Day,Voice,Reservations,new,2026-04,2715000,7.9,1923.0,0.873,484.97,68.51,90.27,4.49,0.823,0.091,0.11,0.65,0
2026-04-02,A029,Team Cebu C,Cebu,Travel,Swing,Voice,Reservations,steady,2026-04,2715000,7.9,2035.0,0.843,449.33,63.55,91.71,4.49,0.829,0.079,0.107,0.2,0
2026-04-02,A030,Team Cebu C,Cebu,Travel,Night,Voice,Reservations,senior,2026-04,2715000,7.9,2147.0,0.853,422.6,59.83,92.79,4.49,0.834,0.083,0.105,0.35,0
2026-04-02,A031,Team Cebu C,Cebu,Travel,Day,Voice,Reservations,new,2026-04,2715000,7.9,1587.0,0.863,484.97,68.51,90.27,4.49,0.823,0.087,0.104,0.5,0
2026-04-02,A032,Team Cebu C,Cebu,Travel,Swing,Voice,Reservations,steady,2026-04,2715000,7.9,1699.0,0.873,449.33,63.55,91.71,4.49,0.829,0.091,0.101,0.65,0
2026-04-02,A033,Team Cebu C,Cebu,Travel,Night,Voice,Reservations,senior,2026-04,2715000,7.9,1811.0,0.843,422.6,59.83,92.79,4.49,0.834,0.079,0.099,0.2,0
2026-04-02,A034,Team Cebu C,Cebu,Travel,Day,Voice,Reservations,new,2026-04,2715000,7.9,1923.0,0.853,484.97,68.51,90.27,4.49,0.823,0.083,0.113,0.35,0
2026-04-02,A035,Team Cebu C,Cebu,Travel,Swing,Voice,Reservations,steady,2026-04,2715000,7.9,2035.0,0.863,449.33,63.55,91.71,4.49,0.829,0.087,0.11,0.5,0
2026-04-02,A036,Team Cebu C,Cebu,Travel,Night,Voice,Reservations,senior,2026-04,2715000,7.9,2147.0,0.873,422.6,59.83,92.79,4.49,0.834,0.091,0.093,0.65,1
2026-04-02,A037,Team Davao D,Davao,Healthcare,Day,Voice,Benefits,new,2026-04,2715000,7.9,1587.0,0.84,449.97,68.51,90.27,4.55,0.827,0.07,0.107,0.2,0
2026-04-02,A038,Team Davao D,Davao,Healthcare,Swing,Voice,Benefits,steady,2026-04,2715000,7.9,1699.0,0.85,416.93,63.55,91.71,4.55,0.833,0.074,0.104,0.35,0
2026-04-02,A039,Team Davao D,Davao,Healthcare,Night,Voice,Benefits,senior,2026-04,2715000,7.9,1811.0,0.86,392.14,59.83,92.79,4.55,0.838,0.078,0.102,0.5,0
2026-04-02,A040,Team Davao D,Davao,Healthcare,Day,Voice,Benefits,new,2026-04,2715000,7.9,1923.0,0.87,449.97,68.51,90.27,4.55,0.827,0.082,0.116,0.65,0
2026-04-02,A041,Team Davao D,Davao,Healthcare,Swing,Voice,Benefits,steady,2026-04,2715000,7.9,2035.0,0.84,416.93,63.55,91.71,4.55,0.833,0.07,0.098,0.2,0
2026-04-02,A042,Team Davao D,Davao,Healthcare,Night,Voice,Benefits,senior,2026-04,2715000,7.9,2147.0,0.85,392.14,59.83,92.79,4.55,0.838,0.074,0.096,0.35,0
2026-04-02,A043,Team Davao D,Davao,Healthcare,Day,Voice,Benefits,new,2026-04,2715000,7.9,1587.0,0.86,449.97,68.51,90.27,4.55,0.827,0.078,0.11,0.5,0
2026-04-02,A044,Team Davao D,Davao,Healthcare,Swing,Voice,Benefits,steady,2026-04,2715000,7.9,1699.0,0.87,416.93,63.55,91.71,4.55,0.833,0.082,0.107,0.65,0
2026-04-02,A045,Team Davao D,Davao,Healthcare,Night,Voice,Benefits,senior,2026-04,2715000,7.9,1811.0,0.84,392.14,59.83,92.79,4.55,0.838,0.07,0.105,0.2,0
2026-04-02,A046,Team Davao D,Davao,Healthcare,Day,Voice,Benefits,new,2026-04,2715000,7.9,1923.0,0.85,449.97,68.51,90.27,4.55,0.827,0.074,0.104,0.35,0
2026-04-02,A047,Team Davao D,Davao,Healthcare,Swing,Voice,Benefits,steady,2026-04,2715000,7.9,2035.0,0.86,416.93,63.55,91.71,4.55,0.833,0.078,0.101,0.5,0
2026-04-02,A048,Team Davao D,Davao,Healthcare,Night,Voice,Benefits,senior,2026-04,2715000,7.9,2147.0,0.87,392.14,59.83,92.79,4.55,0.838,0.082,0.099,0.65,0
2026-04-03,A001,Team Manila A,Manila,Telco,Day,Voice,Retention,new,2026-04,2715000,7.9,1506.0,0.841,472.47,69.71,90.45,4.53,0.825,0.074,0.104,0.2,0
2026-04-03,A002,Team Manila A,Manila,Telco,Swing,Voice,Retention,steady,2026-04,2715000,7.9,1613.0,0.851,438.12,64.75,91.89,4.53,0.831,0.078,0.101,0.35,0
2026-04-03,A003,Team Manila A,Manila,Telco,Night,Voice,Retention,senior,2026-04,2715000,7.9,1719.0,0.861,412.37,61.03,92.97,4.53,0.836,0.082,0.099,0.5,0
2026-04-03,A004,Team Manila A,Manila,Telco,Day,Voice,Retention,new,2026-04,2715000,7.9,1825.0,0.871,472.47,69.71,90.45,4.53,0.825,0.086,0.113,0.65,0
2026-04-03,A005,Team Manila A,Manila,Telco,Swing,Voice,Retention,steady,2026-04,2715000,7.9,1932.0,0.841,438.12,64.75,91.89,4.53,0.831,0.074,0.11,0.2,0
2026-04-03,A006,Team Manila A,Manila,Telco,Night,Voice,Retention,senior,2026-04,2715000,7.9,2038.0,0.851,412.37,61.03,92.97,4.53,0.836,0.078,0.093,0.35,0
2026-04-03,A007,Team Manila A,Manila,Telco,Day,Voice,Retention,new,2026-04,2715000,7.9,1506.0,0.861,472.47,69.71,90.45,4.53,0.825,0.082,0.107,0.5,0
2026-04-03,A008,Team Manila A,Manila,Telco,Swing,Voice,Retention,steady,2026-04,2715000,7.9,1613.0,0.871,438.12,64.75,91.89,4.53,0.831,0.086,0.104,0.65,0
2026-04-03,A009,Team Manila A,Manila,Telco,Night,Voice,Retention,senior,2026-04,2715000,7.9,1719.0,0.841,412.37,61.03,92.97,4.53,0.836,0.074,0.102,0.2,0
2026-04-03,A010,Team Manila A,Manila,Telco,Day,Voice,Retention,new,2026-04,2715000,7.9,1825.0,0.851,472.47,69.71,90.45,4.53,0.825,0.078,0.116,0.35,0
2026-04-03,A011,Team Manila A,Manila,Telco,Swing,Voice,Retention,steady,2026-04,2715000,7.9,1932.0,0.861,438.12,64.75,91.89,4.53,0.831,0.082,0.098,0.5,0
2026-04-03,A012,Team Manila A,Manila,Telco,Night,Voice,Retention,senior,2026-04,2715000,7.9,2038.0,0.871,412.37,61.03,92.97,4.53,0.836,0.086,0.096,0.65,0
2026-04-03,A013,Team Manila B,Manila,Retail,Day,Voice,Order Support,new,2026-04,2715000,7.9,1506.0,0.838,437.48,69.71,90.45,4.59,0.829,0.065,0.11,0.2,0
2026-04-03,A014,Team Manila B,Manila,Retail,Swing,Voice,Order Support,steady,2026-04,2715000,7.9,1613.0,0.848,405.72,64.75,91.89,4.59,0.835,0.069,0.107,0.35,0
2026-04-03,A015,Team Manila B,Manila,Retail,Night,Voice,Order Support,senior,2026-04,2715000,7.9,1719.0,0.858,381.91,61.03,92.97,4.59,0.84,0.073,0.105,0.5,0
2026-04-03,A016,Team Manila B,Manila,Retail,Day,Voice,Order Support,new,2026-04,2715000,7.9,1825.0,0.868,437.48,69.71,90.45,4.59,0.829,0.077,0.104,0.65,0
2026-04-03,A017,Team Manila B,Manila,Retail,Swing,Voice,Order Support,steady,2026-04,2715000,7.9,1932.0,0.838,405.72,64.75,91.89,4.59,0.835,0.065,0.101,0.2,0
2026-04-03,A018,Team Manila B,Manila,Retail,Night,Voice,Order Support,senior,2026-04,2715000,7.9,2038.0,0.848,381.91,61.03,92.97,4.59,0.84,0.069,0.099,0.35,1
2026-04-03,A019,Team Manila B,Manila,Retail,Day,Voice,Order Support,new,2026-04,2715000,7.9,1506.0,0.858,437.48,69.71,90.45,4.59,0.829,0.073,0.113,0.5,0
2026-04-03,A020,Team Manila B,Manila,Retail,Swing,Voice,Order Support,steady,2026-04,2715000,7.9,1613.0,0.868,405.72,64.75,91.89,4.59,0.835,0.077,0.11,0.65,0
2026-04-03,A021,Team Manila B,Manila,Retail,Night,Voice,Order Support,senior,2026-04,2715000,7.9,1719.0,0.838,381.91,61.03,92.97,4.59,0.84,0.065,0.093,0.2,0
2026-04-03,A022,Team Manila B,Manila,Retail,Day,Voice,Order Support,new,2026-04,2715000,7.9,1825.0,0.848,437.48,69.71,90.45,4.59,0.829,0.069,0.107,0.35,0
2026-04-03,A023,Team Manila B,Manila,Retail,Swing,Voice,Order Support,steady,2026-04,2715000,7.9,1932.0,0.858,405.72,64.75,91.89,4.59,0.835,0.073,0.104,0.5,0
2026-04-03,A024,Team Manila B,Manila,Retail,Night,Voice,Order Support,senior,2026-04,2715000,7.9,2038.0,0.868,381.91,61.03,92.97,4.59,0.84,0.077,0.102,0.65,0
2026-04-03,A025,Team Cebu C,Cebu,Travel,Day,Voice,Reservations,new,2026-04,2715000,7.9,1506.0,0.843,489.97,69.71,90.45,4.5,0.823,0.079,0.116,0.2,0
2026-04-03,A026,Team Cebu C,Cebu,Travel,Swing,Voice,Reservations,steady,2026-04,2715000,7.9,1613.0,0.853,454.33,64.75,91.89,4.5,0.829,0.083,0.098,0.35,0
2026-04-03,A027,Team Cebu C,Cebu,Travel,Night,Voice,Reservations,senior,2026-04,2715000,7.9,1719.0,0.863,427.6,61.03,92.97,4.5,0.834,0.087,0.096,0.5,0
2026-04-03,A028,Team Cebu C,Cebu,Travel,Day,Voice,Reservations,new,2026-04,2715000,7.9,1825.0,0.873,489.97,69.71,90.45,4.5,0.823,0.091,0.11,0.65,0
2026-04-03,A029,Team Cebu C,Cebu,Travel,Swing,Voice,Reservations,steady,2026-04,2715000,7.9,1932.0,0.843,454.33,64.75,91.89,4.5,0.829,0.079,0.107,0.2,0
2026-04-03,A030,Team Cebu C,Cebu,Travel,Night,Voice,Reservations,senior,2026-04,2715000,7.9,2038.0,0.853,427.6,61.03,92.97,4.5,0.834,0.083,0.105,0.35,0
2026-04-03,A031,Team Cebu C,Cebu,Travel,Day,Voice,Reservations,new,2026-04,2715000,7.9,1506.0,0.863,489.97,69.71,90.45,4.5,0.823,0.087,0.104,0.5,0
2026-04-03,A032,Team Cebu C,Cebu,Travel,Swing,Voice,Reservations,steady,2026-04,2715000,7.9,1613.0,0.873,454.33,64.75,91.89,4.5,0.829,0.091,0.101,0.65,0
2026-04-03,A033,Team Cebu C,Cebu,Travel,Night,Voice,Reservations,senior,2026-04,2715000,7.9,1719.0,0.843,427.6,61.03,92.97,4.5,0.834,0.079,0.099,0.2,0
2026-04-03,A034,Team Cebu C,Cebu,Travel,Day,Voice,Reservations,new,2026-04,2715000,7.9,1825.0,0.853,489.97,69.71,90.45,4.5,0.823,0.083,0.113,0.35,0
2026-04-03,A035,Team Cebu C,Cebu,Travel,Swing,Voice,Reservations,steady,2026-04,2715000,7.9,1932.0,0.863,454.33,64.75,91.89,4.5,0.829,0.087,0.11,0.5,0
2026-04-03,A036,Team Cebu C,Cebu,Travel,Night,Voice,Reservations,senior,2026-04,2715000,7.9,2038.0,0.873,427.6,61.03,92.97,4.5,0.834,0.091,0.093,0.65,0
2026-04-03,A037,Team Davao D,Davao,Healthcare,Day,Voice,Benefits,new,2026-04,2715000,7.9,1506.0,0.84,454.97,69.71,90.45,4.56,0.827,0.07,0.107,0.2,0
2026-04-03,A038,Team Davao D,Davao,Healthcare,Swing,Voice,Benefits,steady,2026-04,2715000,7.9,1613.0,0.85,421.93,64.75,91.89,4.56,0.833,0.074,0.104,0.35,0
2026-04-03,A039,Team Davao D,Davao,Healthcare,Night,Voice,Benefits,senior,2026-04,2715000,7.9,1719.0,0.86,397.14,61.03,92.97,4.56,0.838,0.078,0.102,0.5,0
2026-04-03,A040,Team Davao D,Davao,Healthcare,Day,Voice,Benefits,new,2026-04,2715000,7.9,1825.0,0.87,454.97,69.71,90.45,4.56,0.827,0.082,0.116,0.65,0
2026-04-03,A041,Team Davao D,Davao,Healthcare,Swing,Voice,Benefits,steady,2026-04,2715000,7.9,1932.0,0.84,421.93,64.75,91.89,4.56,0.833,0.07,0.098,0.2,0
2026-04-03,A042,Team Davao D,Davao,Healthcare,Night,Voice,Benefits,senior,2026-04,2715000,7.9,2038.0,0.85,397.14,61.03,92.97,4.56,0.838,0.074,0.096,0.35,0
2026-04-03,A043,Team Davao D,Davao,Healthcare,Day,Voice,Benefits,new,2026-04,2715000,7.9,1506.0,0.86,454.97,69.71,90.45,4.56,0.827,0.078,0.11,0.5,0
2026-04-03,A044,Team Davao D,Davao,Healthcare,Swing,Voice,Benefits,steady,2026-04,2715000,7.9,1613.0,0.87,421.93,64.75,91.89,4.56,0.833,0.082,0.107,0.65,0
2026-04-03,A045,Team Davao D,Davao,Healthcare,Night,Voice,Benefits,senior,2026-04,2715000,7.9,1719.0,0.84,397.14,61.03,92.97,4.56,0.838,0.07,0.105,0.2,0
2026-04-03,A046,Team Davao D,Davao,Healthcare,Day,Voice,Benefits,new,2026-04,2715000,7.9,1825.0,0.85,454.97,69.71,90.45,4.56,0.827,0.074,0.104,0.35,0
2026-04-03,A047,Team Davao D,Davao,Healthcare,Swing,Voice,Benefits,steady,2026-04,2715000,7.9,1932.0,0.86,421.93,64.75,91.89,4.56,0.833,0.078,0.101,0.5,0
2026-04-03,A048,Team Davao D,Davao,Healthcare,Night,Voice,Benefits,senior,2026-04,2715000,7.9,2038.0,0.87,397.14,61.03,92.97,4.56,0.838,0.082,0.099,0.65,0
2026-04-04,A001,Team Manila A,Manila,Telco,Day,Voice,Retention,new,2026-04,2715000,7.9,1154.0,0.841,477.47,70.91,90.63,4.54,0.825,0.074,0.104,0.2,0
2026-04-04,A002,Team Manila A,Manila,Telco,Swing,Voice,Retention,steady,2026-04,2715000,7.9,1235.0,0.851,443.12,65.95,92.07,4.54,0.831,0.078,0.101,0.35,0
2026-04-04,A003,Team Manila A,Manila,Telco,Night,Voice,Retention,senior,2026-04,2715000,7.9,1317.0,0.861,417.37,62.23,93.15,4.54,0.836,0.082,0.099,0.5,0
2026-04-04,A004,Team Manila A,Manila,Telco,Day,Voice,Retention,new,2026-04,2715000,7.9,1398.0,0.871,477.47,70.91,90.63,4.54,0.825,0.086,0.113,0.65,0
2026-04-04,A005,Team Manila A,Manila,Telco,Swing,Voice,Retention,steady,2026-04,2715000,7.9,1480.0,0.841,443.12,65.95,92.07,4.54,0.831,0.074,0.11,0.2,0
2026-04-04,A006,Team Manila A,Manila,Telco,Night,Voice,Retention,senior,2026-04,2715000,7.9,1561.0,0.851,417.37,62.23,93.15,4.54,0.836,0.078,0.093,0.35,0
2026-04-04,A007,Team Manila A,Manila,Telco,Day,Voice,Retention,new,2026-04,2715000,7.9,1154.0,0.861,477.47,70.91,90.63,4.54,0.825,0.082,0.107,0.5,0
2026-04-04,A008,Team Manila A,Manila,Telco,Swing,Voice,Retention,steady,2026-04,2715000,7.9,1235.0,0.871,443.12,65.95,92.07,4.54,0.831,0.086,0.104,0.65,0
2026-04-04,A009,Team Manila A,Manila,Telco,Night,Voice,Retention,senior,2026-04,2715000,7.9,1317.0,0.841,417.37,62.23,93.15,4.54,0.836,0.074,0.102,0.2,0
2026-04-04,A010,Team Manila A,Manila,Telco,Day,Voice,Retention,new,2026-04,2715000,7.9,1398.0,0.851,477.47,70.91,90.63,4.54,0.825,0.078,0.116,0.35,0
2026-04-04,A011,Team Manila A,Manila,Telco,Swing,Voice,Retention,steady,2026-04,2715000,7.9,1480.0,0.861,443.12,65.95,92.07,4.54,0.831,0.082,0.098,0.5,0
2026-04-04,A012,Team Manila A,Manila,Telco,Night,Voice,Retention,senior,2026-04,2715000,7.9,1561.0,0.871,417.37,62.23,93.15,4.54,0.836,0.086,0.096,0.65,0
2026-04-04,A013,Team Manila B,Manila,Retail,Day,Voice,Order Support,new,2026-04,2715000,7.9,1154.0,0.838,442.48,70.91,90.63,4.6,0.829,0.065,0.11,0.2,0
2026-04-04,A014,Team Manila B,Manila,Retail,Swing,Voice,Order Support,steady,2026-04,2715000,7.9,1235.0,0.848,410.72,65.95,92.07,4.6,0.835,0.069,0.107,0.35,0
2026-04-04,A015,Team Manila B,Manila,Retail,Night,Voice,Order Support,senior,2026-04,2715000,7.9,1317.0,0.858,386.91,62.23,93.15,4.6,0.84,0.073,0.105,0.5,0
2026-04-04,A016,Team Manila B,Manila,Retail,Day,Voice,Order Support,new,2026-04,2715000,7.9,1398.0,0.868,442.48,70.91,90.63,4.6,0.829,0.077,0.104,0.65,0
2026-04-04,A017,Team Manila B,Manila,Retail,Swing,Voice,Order Support,steady,2026-04,2715000,7.9,1480.0,0.838,410.72,65.95,92.07,4.6,0.835,0.065,0.101,0.2,0
2026-04-04,A018,Team Manila B,Manila,Retail,Night,Voice,Order Support,senior,2026-04,2715000,7.9,1561.0,0.848,386.91,62.23,93.15,4.6,0.84,0.069,0.099,0.35,0
2026-04-04,A019,Team Manila B,Manila,Retail,Day,Voice,Order Support,new,2026-04,2715000,7.9,1154.0,0.858,442.48,70.91,90.63,4.6,0.829,0.073,0.113,0.5,0
2026-04-04,A020,Team Manila B,Manila,Retail,Swing,Voice,Order Support,steady,2026-04,2715000,7.9,1235.0,0.868,410.72,65.95,92.07,4.6,0.835,0.077,0.11,0.65,0
2026-04-04,A021,Team Manila B,Manila,Retail,Night,Voice,Order Support,senior,2026-04,2715000,7.9,1317.0,0.838,386.91,62.23,93.15,4.6,0.84,0.065,0.093,0.2,0
2026-04-04,A022,Team Manila B,Manila,Retail,Day,Voice,Order Support,new,2026-04,2715000,7.9,1398.0,0.848,442.48,70.91,90.63,4.6,0.829,0.069,0.107,0.35,0
2026-04-04,A023,Team Manila B,Manila,Retail,Swing,Voice,Order Support,steady,2026-04,2715000,7.9,1480.0,0.858,410.72,65.95,92.07,4.6,0.835,0.073,0.104,0.5,0
2026-04-04,A024,Team Manila B,Manila,Retail,Night,Voice,Order Support,senior,2026-04,2715000,7.9,1561.0,0.868,386.91,62.23,93.15,4.6,0.84,0.077,0.102,0.65,0
2026-04-04,A025,Team Cebu C,Cebu,Travel,Day,Voice,Reservations,new,2026-04,2715000,7.9,1154.0,0.843,494.97,70.91,90.63,4.51,0.823,0.079,0.116,0.2,0
2026-04-04,A026,Team Cebu C,Cebu,Travel,Swing,Voice,Reservations,steady,2026-04,2715000,7.9,1235.0,0.853,459.33,65.95,92.07,4.51,0.829,0.083,0.098,0.35,0
2026-04-04,A027,Team Cebu C,Cebu,Travel,Night,Voice,Reservations,senior,2026-04,2715000,7.9,1317.0,0.863,432.6,62.23,93.15,4.51,0.834,0.087,0.096,0.5,0
2026-04-04,A028,Team Cebu C,Cebu,Travel,Day,Voice,Reservations,new,2026-04,2715000,7.9,1398.0,0.873,494.97,70.91,90.63,4.51,0.823,0.091,0.11,0.65,0
2026-04-04,A029,Team Cebu C,Cebu,Travel,Swing,Voice,Reservations,steady,2026-04,2715000,7.9,1480.0,0.843,459.33,65.95,92.07,4.51,0.829,0.079,0.107,0.2,0
2026-04-04,A030,Team Cebu C,Cebu,Travel,Night,Voice,Reservations,senior,2026-04,2715000,7.9,1561.0,0.853,432.6,62.23,93.15,4.51,0.834,0.083,0.105,0.35,0
2026-04-04,A031,Team Cebu C,Cebu,Travel,Day,Voice,Reservations,new,2026-04,2715000,7.9,1154.0,0.863,494.97,70.91,90.63,4.51,0.823,0.087,0.104,0.5,0
2026-04-04,A032,Team Cebu C,Cebu,Travel,Swing,Voice,Reservations,steady,2026-04,2715000,7.9,1235.0,0.873,459.33,65.95,92.07,4.51,0.829,0.091,0.101,0.65,0
2026-04-04,A033,Team Cebu C,Cebu,Travel,Night,Voice,Reservations,senior,2026-04,2715000,7.9,1317.0,0.843,432.6,62.23,93.15,4.51,0.834,0.079,0.099,0.2,0
2026-04-04,A034,Team Cebu C,Cebu,Travel,Day,Voice,Reservations,new,2026-04,2715000,7.9,1398.0,0.853,494.97,70.91,90.63,4.51,0.823,0.083,0.113,0.35,0
2026-04-04,A035,Team Cebu C,Cebu,Travel,Swing,Voice,Reservations,steady,2026-04,2715000,7.9,1480.0,0.863,459.33,65.95,92.07,4.51,0.829,0.087,0.11,0.5,0
2026-04-04,A036,Team Cebu C,Cebu,Travel,Night,Voice,Reservations,senior,2026-04,2715000,7.9,1561.0,0.873,432.6,62.23,93.15,4.51,0.834,0.091,0.093,0.65,0
2026-04-04,A037,Team Davao D,Davao,Healthcare,Day,Voice,Benefits,new,2026-04,2715000,7.9,1154.0,0.84,459.97,70.91,90.63,4.57,0.827,0.07,0.107,0.2,0
2026-04-04,A038,Team Davao D,Davao,Healthcare,Swing,Voice,Benefits,steady,2026-04,2715000,7.9,1235.0,0.85,426.93,65.95,92.07,4.57,0.833,0.074,0.104,0.35,0
2026-04-04,A039,Team Davao D,Davao,Healthcare,Night,Voice,Benefits,senior,2026-04,2715000,7.9,1317.0,0.86,402.14,62.23,93.15,4.57,0.838,0.078,0.102,0.5,0
2026-04-04,A040,Team Davao D,Davao,Healthcare,Day,Voice,Benefits,new,2026-04,2715000,7.9,1398.0,0.87,459.97,70.91,90.63,4.57,0.827,0.082,0.116,0.65,0
2026-04-04,A041,Team Davao D,Davao,Healthcare,Swing,Voice,Benefits,steady,2026-04,2715000,7.9,1480.0,0.84,426.93,65.95,92.07,4.57,0.833,0.07,0.098,0.2,0
2026-04-04,A042,Team Davao D,Davao,Healthcare,Night,Voice,Benefits,senior,2026-04,2715000,7.9,1561.0,0.85,402.14,62.23,93.15,4.57,0.838,0.074,0.096,0.35,0
2026-04-04,A043,Team Davao D,Davao,Healthcare,Day,Voice,Benefits,new,2026-04,2715000,7.9,1154.0,0.86,459.97,70.91,90.63,4.57,0.827,0.078,0.11,0.5,0
2026-04-04,A044,Team Davao D,Davao,Healthcare,Swing,Voice,Benefits,steady,2026-04,2715000,7.9,1235.0,0.87,426.93,65.95,92.07,4.57,0.833,0.082,0.107,0.65,0
2026-04-04,A045,Team Davao D,Davao,Healthcare,Night,Voice,Benefits,senior,2026-04,2715000,7.9,1317.0,0.84,402.14,62.23,93.15,4.57,0.838,0.07,0.105,0.2,0
2026-04-04,A046,Team Davao D,Davao,Healthcare,Day,Voice,Benefits,new,2026-04,2715000,7.9,1398.0,0.85,459.97,70.91,90.63,4.57,0.827,0.074,0.104,0.35,0
2026-04-04,A047,Team Davao D,Davao,Healthcare,Swing,Voice,Benefits,steady,2026-04,2715000,7.9,1480.0,0.86,426.93,65.95,92.07,4.57,0.833,0.078,0.101,0.5,0
2026-04-04,A048,Team Davao D,Davao,Healthcare,Night,Voice,Benefits,senior,2026-04,2715000,7.9,1561.0,0.87,402.14,62.23,93.15,4.57,0.838,0.082,0.099,0.65,0
2026-04-05,A001,Team Manila A,Manila,Telco,Day,Voice,Retention,new,2026-04,2715000,7.9,1058.0,0.841,482.47,72.11,90.45,4.53,0.825,0.074,0.104,0.28,0
2026-04-05,A002,Team Manila A,Manila,Telco,Swing,Voice,Retention,steady,2026-04,2715000,7.9,1132.0,0.851,448.12,67.15,91.89,4.53,0.831,0.078,0.101,0.43,0
2026-04-05,A003,Team Manila A,Manila,Telco,Night,Voice,Retention,senior,2026-04,2715000,7.9,1207.0,0.861,422.37,63.43,92.97,4.53,0.836,0.082,0.099,0.58,0
2026-04-05,A004,Team Manila A,Manila,Telco,Day,Voice,Retention,new,2026-04,2715000,7.9,1282.0,0.871,482.47,72.11,90.45,4.53,0.825,0.086,0.113,0.73,0
2026-04-05,A005,Team Manila A,Manila,Telco,Swing,Voice,Retention,steady,2026-04,2715000,7.9,1356.0,0.841,448.12,67.15,91.89,4.53,0.831,0.074,0.11,0.28,0
2026-04-05,A006,Team Manila A,Manila,Telco,Night,Voice,Retention,senior,2026-04,2715000,7.9,1431.0,0.851,422.37,63.43,92.97,4.53,0.836,0.078,0.093,0.43,0
2026-04-05,A007,Team Manila A,Manila,Telco,Day,Voice,Retention,new,2026-04,2715000,7.9,1058.0,0.861,482.47,72.11,90.45,4.53,0.825,0.082,0.107,0.58,0
2026-04-05,A008,Team Manila A,Manila,Telco,Swing,Voice,Retention,steady,2026-04,2715000,7.9,1132.0,0.871,448.12,67.15,91.89,4.53,0.831,0.086,0.104,0.73,0
2026-04-05,A009,Team Manila A,Manila,Telco,Night,Voice,Retention,senior,2026-04,2715000,7.9,1207.0,0.841,422.37,63.43,92.97,4.53,0.836,0.074,0.102,0.28,0
2026-04-05,A010,Team Manila A,Manila,Telco,Day,Voice,Retention,new,2026-04,2715000,7.9,1282.0,0.851,482.47,72.11,90.45,4.53,0.825,0.078,0.116,0.43,0
2026-04-05,A011,Team Manila A,Manila,Telco,Swing,Voice,Retention,steady,2026-04,2715000,7.9,1356.0,0.861,448.12,67.15,91.89,4.53,0.831,0.082,0.098,0.58,0
2026-04-05,A012,Team Manila A,Manila,Telco,Night,Voice,Retention,senior,2026-04,2715000,7.9,1431.0,0.871,422.37,63.43,92.97,4.53,0.836,0.086,0.096,0.73,0
2026-04-05,A013,Team Manila B,Manila,Retail,Day,Voice,Order Support,new,2026-04,2715000,7.9,1058.0,0.838,447.48,72.11,90.45,4.59,0.829,0.065,0.11,0.28,0
2026-04-05,A014,Team Manila B,Manila,Retail,Swing,Voice,Order Support,steady,2026-04,2715000,7.9,1132.0,0.848,415.72,67.15,91.89,4.59,0.835,0.069,0.107,0.43,0
2026-04-05,A015,Team Manila B,Manila,Retail,Night,Voice,Order Support,senior,2026-04,2715000,7.9,1207.0,0.858,391.91,63.43,92.97,4.59,0.84,0.073,0.105,0.58,0
2026-04-05,A016,Team Manila B,Manila,Retail,Day,Voice,Order Support,new,2026-04,2715000,7.9,1282.0,0.868,447.48,72.11,90.45,4.59,0.829,0.077,0.104,0.73,0
2026-04-05,A017,Team Manila B,Manila,Retail,Swing,Voice,Order Support,steady,2026-04,2715000,7.9,1356.0,0.838,415.72,67.15,91.89,4.59,0.835,0.065,0.101,0.28,0
2026-04-05,A018,Team Manila B,Manila,Retail,Night,Voice,Order Support,senior,2026-04,2715000,7.9,1431.0,0.848,391.91,63.43,92.97,4.59,0.84,0.069,0.099,0.43,0
2026-04-05,A019,Team Manila B,Manila,Retail,Day,Voice,Order Support,new,2026-04,2715000,7.9,1058.0,0.858,447.48,72.11,90.45,4.59,0.829,0.073,0.113,0.58,0
2026-04-05,A020,Team Manila B,Manila,Retail,Swing,Voice,Order Support,steady,2026-04,2715000,7.9,1132.0,0.868,415.72,67.15,91.89,4.59,0.835,0.077,0.11,0.73,0
2026-04-05,A021,Team Manila B,Manila,Retail,Night,Voice,Order Support,senior,2026-04,2715000,7.9,1207.0,0.838,391.91,63.43,92.97,4.59,0.84,0.065,0.093,0.28,0
2026-04-05,A022,Team Manila B,Manila,Retail,Day,Voice,Order Support,new,2026-04,2715000,7.9,1282.0,0.848,447.48,72.11,90.45,4.59,0.829,0.069,0.107,0.43,0
2026-04-05,A023,Team Manila B,Manila,Retail,Swing,Voice,Order Support,steady,2026-04,2715000,7.9,1356.0,0.858,415.72,67.15,91.89,4.59,0.835,0.073,0.104,0.58,0
2026-04-05,A024,Team Manila B,Manila,Retail,Night,Voice,Order Support,senior,2026-04,2715000,7.9,1431.0,0.868,391.91,63.43,92.97,4.59,0.84,0.077,0.102,0.73,0
2026-04-05,A025,Team Cebu C,Cebu,Travel,Day,Voice,Reservations,new,2026-04,2715000,7.9,1058.0,0.843,499.97,72.11,90.45,4.5,0.823,0.079,0.116,0.28,0
2026-04-05,A026,Team Cebu C,Cebu,Travel,Swing,Voice,Reservations,steady,2026-04,2715000,7.9,1132.0,0.853,464.33,67.15,91.89,4.5,0.829,0.083,0.098,0.43,0
2026-04-05,A027,Team Cebu C,Cebu,Travel,Night,Voice,Reservations,senior,2026-04,2715000,7.9,1207.0,0.863,437.6,63.43,92.97,4.5,0.834,0.087,0.096,0.58,0
2026-04-05,A028,Team Cebu C,Cebu,Travel,Day,Voice,Reservations,new,2026-04,2715000,7.9,1282.0,0.873,499.97,72.11,90.45,4.5,0.823,0.091,0.11,0.73,0
2026-04-05,A029,Team Cebu C,Cebu,Travel,Swing,Voice,Reservations,steady,2026-04,2715000,7.9,1356.0,0.843,464.33,67.15,91.89,4.5,0.829,0.079,0.107,0.28,0
2026-04-05,A030,Team Cebu C,Cebu,Travel,Night,Voice,Reservations,senior,2026-04,2715000,7.9,1431.0,0.853,437.6,63.43,92.97,4.5,0.834,0.083,0.105,0.43,0
2026-04-05,A031,Team Cebu C,Cebu,Travel,Day,Voice,Reservations,new,2026-04,2715000,7.9,1058.0,0.863,499.97,72.11,90.45,4.5,0.823,0.087,0.104,0.58,0
2026-04-05,A032,Team Cebu C,Cebu,Travel,Swing,Voice,Reservations,steady,2026-04,2715000,7.9,1132.0,0.873,464.33,67.15,91.89,4.5,0.829,0.091,0.101,0.73,0
2026-04-05,A033,Team Cebu C,Cebu,Travel,Night,Voice,Reservations,senior,2026-04,2715000,7.9,1207.0,0.843,437.6,63.43,92.97,4.5,0.834,0.079,0.099,0.28,0
2026-04-05,A034,Team Cebu C,Cebu,Travel,Day,Voice,Reservations,new,2026-04,2715000,7.9,1282.0,0.853,499.97,72.11,90.45,4.5,0.823,0.083,0.113,0.43,0
2026-04-05,A035,Team Cebu C,Cebu,Travel,Swing,Voice,Reservations,steady,2026-04,2715000,7.9,1356.0,0.863,464.33,67.15,91.89,4.5,0.829,0.087,0.11,0.58,1
2026-04-05,A036,Team Cebu C,Cebu,Travel,Night,Voice,Reservations,senior,2026-04,2715000,7.9,1431.0,0.873,437.6,63.43,92.97,4.5,0.834,0.091,0.093,0.73,0
2026-04-05,A037,Team Davao D,Davao,Healthcare,Day,Voice,Benefits,new,2026-04,2715000,7.9,1058.0,0.84,464.97,72.11,90.45,4.56,0.827,0.07,0.107,0.28,0
2026-04-05,A038,Team Davao D,Davao,Healthcare,Swing,Voice,Benefits,steady,2026-04,2715000,7.9,1132.0,0.85,431.93,67.15,91.89,4.56,0.833,0.074,0.104,0.43,0
2026-04-05,A039,Team Davao D,Davao,Healthcare,Night,Voice,Benefits,senior,2026-04,2715000,7.9,1207.0,0.86,407.14,63.43,92.97,4.56,0.838,0.078,0.102,0.58,0
2026-04-05,A040,Team Davao D,Davao,Healthcare,Day,Voice,Benefits,new,2026-04,2715000,7.9,1282.0,0.87,464.97,72.11,90.45,4.56,0.827,0.082,0.116,0.73,0
2026-04-05,A041,Team Davao D,Davao,Healthcare,Swing,Voice,Benefits,steady,2026-04,2715000,7.9,1356.0,0.84,431.93,67.15,91.89,4.56,0.833,0.07,0.098,0.28,0
2026-04-05,A042,Team Davao D,Davao,Healthcare,Night,Voice,Benefits,senior,2026-04,2715000,7.9,1431.0,0.85,407.14,63.43,92.97,4.56,0.838,0.074,0.096,0.43,0
2026-04-05,A043,Team Davao D,Davao,Healthcare,Day,Voice,Benefits,new,2026-04,2715000,7.9,1058.0,0.86,464.97,72.11,90.45,4.56,0.827,0.078,0.11,0.58,0
2026-04-05,A044,Team Davao D,Davao,Healthcare,Swing,Voice,Benefits,steady,2026-04,2715000,7.9,1132.0,0.87,431.93,67.15,91.89,4.56,0.833,0.082,0.107,0.73,0
2026-04-05,A045,Team Davao D,Davao,Healthcare,Night,Voice,Benefits,senior,2026-04,2715000,7.9,1207.0,0.84,407.14,63.43,92.97,4.56,0.838,0.07,0.105,0.28,0
2026-04-05,A046,Team Davao D,Davao,Healthcare,Day,Voice,Benefits,new,2026-04,2715000,7.9,1282.0,0.85,464.97,72.11,90.45,4.56,0.827,0.074,0.104,0.43,0
2026-04-05,A047,Team Davao D,Davao,Healthcare,Swing,Voice,Benefits,steady,2026-04,2715000,7.9,1356.0,0.86,431.93,67.15,91.89,4.56,0.833,0.078,0.101,0.58,0
2026-04-05,A048,Team Davao D,Davao,Healthcare,Night,Voice,Benefits,senior,2026-04,2715000,7.9,1431.0,0.87,407.14,63.43,92.97,4.56,0.838,0.082,0.099,0.73,0
2026-04-06,A001,Team Manila A,Manila,Telco,Day,Voice,Retention,new,2026-04,2715000,7.9,1731.0,0.841,487.47,73.31,90.27,4.52,0.825,0.074,0.104,0.36,0
2026-04-06,A002,Team Manila A,Manila,Telco,Swing,Voice,Retention,steady,2026-04,2715000,7.9,1853.0,0.851,453.12,68.35,91.71,4.52,0.831,0.078,0.101,0.51,0
2026-04-06,A003,Team Manila A,Manila,Telco,Night,Voice,Retention,senior,2026-04,2715000,7.9,1975.0,0.861,427.37,64.63,92.79,4.52,0.836,0.082,0.099,0.66,0
2026-04-06,A004,Team Manila A,Manila,Telco,Day,Voice,Retention,new,2026-04,2715000,7.9,2097.0,0.871,487.47,73.31,90.27,4.52,0.825,0.086,0.113,0.81,0
2026-04-06,A005,Team Manila A,Manila,Telco,Swing,Voice,Retention,steady,2026-04,2715000,7.9,2220.0,0.841,453.12,68.35,91.71,4.52,0.831,0.074,0.11,0.36,0
2026-04-06,A006,Team Manila A,Manila,Telco,Night,Voice,Retention,senior,2026-04,2715000,7.9,2342.0,0.851,427.37,64.63,92.79,4.52,0.836,0.078,0.093,0.51,0
2026-04-06,A007,Team Manila A,Manila,Telco,Day,Voice,Retention,new,2026-04,2715000,7.9,1731.0,0.861,487.47,73.31,90.27,4.52,0.825,0.082,0.107,0.66,0
2026-04-06,A008,Team Manila A,Manila,Telco,Swing,Voice,Retention,steady,2026-04,2715000,7.9,1853.0,0.871,453.12,68.35,91.71,4.52,0.831,0.086,0.104,0.81,0
2026-04-06,A009,Team Manila A,Manila,Telco,Night,Voice,Retention,senior,2026-04,2715000,7.9,1975.0,0.841,427.37,64.63,92.79,4.52,0.836,0.074,0.102,0.36,0
2026-04-06,A010,Team Manila A,Manila,Telco,Day,Voice,Retention,new,2026-04,2715000,7.9,2097.0,0.851,487.47,73.31,90.27,4.52,0.825,0.078,0.116,0.51,0
2026-04-06,A011,Team Manila A,Manila,Telco,Swing,Voice,Retention,steady,2026-04,2715000,7.9,2220.0,0.861,453.12,68.35,91.71,4.52,0.831,0.082,0.098,0.66,0
2026-04-06,A012,Team Manila A,Manila,Telco,Night,Voice,Retention,senior,2026-04,2715000,7.9,2342.0,0.871,427.37,64.63,92.79,4.52,0.836,0.086,0.096,0.81,0
2026-04-06,A013,Team Manila B,Manila,Retail,Day,Voice,Order Support,new,2026-04,2715000,7.9,1731.0,0.838,452.48,73.31,90.27,4.58,0.829,0.065,0.11,0.36,0
2026-04-06,A014,Team Manila B,Manila,Retail,Swing,Voice,Order Support,steady,2026-04,2715000,7.9,1853.0,0.848,420.72,68.35,91.71,4.58,0.835,0.069,0.107,0.51,0
2026-04-06,A015,Team Manila B,Manila,Retail,Night,Voice,Order Support,senior,2026-04,2715000,7.9,1975.0,0.858,396.91,64.63,92.79,4.58,0.84,0.073,0.105,0.66,0
2026-04-06,A016,Team Manila B,Manila,Retail,Day,Voice,Order Support,new,2026-04,2715000,7.9,2097.0,0.868,452.48,73.31,90.27,4.58,0.829,0.077,0.104,0.81,0
2026-04-06,A017,Team Manila B,Manila,Retail,Swing,Voice,Order Support,steady,2026-04,2715000,7.9,2220.0,0.838,420.72,68.35,91.71,4.58,0.835,0.065,0.101,0.36,1
2026-04-06,A018,Team Manila B,Manila,Retail,Night,Voice,Order Support,senior,2026-04,2715000,7.9,2342.0,0.848,396.91,64.63,92.79,4.58,0.84,0.069,0.099,0.51,0
2026-04-06,A019,Team Manila B,Manila,Retail,Day,Voice,Order Support,new,2026-04,2715000,7.9,1731.0,0.858,452.48,73.31,90.27,4.58,0.829,0.073,0.113,0.66,0
2026-04-06,A020,Team Manila B,Manila,Retail,Swing,Voice,Order Support,steady,2026-04,2715000,7.9,1853.0,0.868,420.72,68.35,91.71,4.58,0.835,0.077,0.11,0.81,0
2026-04-06,A021,Team Manila B,Manila,Retail,Night,Voice,Order Support,senior,2026-04,2715000,7.9,1975.0,0.838,396.91,64.63,92.79,4.58,0.84,0.065,0.093,0.36,0
2026-04-06,A022,Team Manila B,Manila,Retail,Day,Voice,Order Support,new,2026-04,2715000,7.9,2097.0,0.848,452.48,73.31,90.27,4.58,0.829,0.069,0.107,0.51,0
2026-04-06,A023,Team Manila B,Manila,Retail,Swing,Voice,Order Support,steady,2026-04,2715000,7.9,2220.0,0.858,420.72,68.35,91.71,4.58,0.835,0.073,0.104,0.66,0
2026-04-06,A024,Team Manila B,Manila,Retail,Night,Voice,Order Support,senior,2026-04,2715000,7.9,2342.0,0.868,396.91,64.63,92.79,4.58,0.84,0.077,0.102,0.81,0
2026-04-06,A025,Team Cebu C,Cebu,Travel,Day,Voice,Reservations,new,2026-04,2715000,7.9,1731.0,0.843,504.97,73.31,90.27,4.49,0.823,0.079,0.116,0.36,0
2026-04-06,A026,Team Cebu C,Cebu,Travel,Swing,Voice,Reservations,steady,2026-04,2715000,7.9,1853.0,0.853,469.33,68.35,91.71,4.49,0.829,0.083,0.098,0.51,0
2026-04-06,A027,Team Cebu C,Cebu,Travel,Night,Voice,Reservations,senior,2026-04,2715000,7.9,1975.0,0.863,442.6,64.63,92.79,4.49,0.834,0.087,0.096,0.66,0
2026-04-06,A028,Team Cebu C,Cebu,Travel,Day,Voice,Reservations,new,2026-04,2715000,7.9,2097.0,0.873,504.97,73.31,90.27,4.49,0.823,0.091,0.11,0.81,0
2026-04-06,A029,Team Cebu C,Cebu,Travel,Swing,Voice,Reservations,steady,2026-04,2715000,7.9,2220.0,0.843,469.33,68.35,91.71,4.49,0.829,0.079,0.107,0.36,0
2026-04-06,A030,Team Cebu C,Cebu,Travel,Night,Voice,Reservations,senior,2026-04,2715000,7.9,2342.0,0.853,442.6,64.63,92.79,4.49,0.834,0.083,0.105,0.51,0
2026-04-06,A031,Team Cebu C,Cebu,Travel,Day,Voice,Reservations,new,2026-04,2715000,7.9,1731.0,0.863,504.97,73.31,90.27,4.49,0.823,0.087,0.104,0.66,0
2026-04-06,A032,Team Cebu C,Cebu,Travel,Swing,Voice,Reservations,steady,2026-04,2715000,7.9,1853.0,0.873,469.33,68.35,91.71,4.49,0.829,0.091,0.101,0.81,0
2026-04-06,A033,Team Cebu C,Cebu,Travel,Night,Voice,Reservations,senior,2026-04,2715000,7.9,1975.0,0.843,442.6,64.63,92.79,4.49,0.834,0.079,0.099,0.36,0
2026-04-06,A034,Team Cebu C,Cebu,Travel,Day,Voice,Reservations,new,2026-04,2715000,7.9,2097.0,0.853,504.97,73.31,90.27,4.49,0.823,0.083,0.113,0.51,0
2026-04-06,A035,Team Cebu C,Cebu,Travel,Swing,Voice,Reservations,steady,2026-04,2715000,7.9,2220.0,0.863,469.33,68.35,91.71,4.49,0.829,0.087,0.11,0.66,0
2026-04-06,A036,Team Cebu C,Cebu,Travel,Night,Voice,Reservations,senior,2026-04,2715000,7.9,2342.0,0.873,442.6,64.63,92.79,4.49,0.834,0.091,0.093,0.81,0
2026-04-06,A037,Team Davao D,Davao,Healthcare,Day,Voice,Benefits,new,2026-04,2715000,7.9,1731.0,0.84,469.97,73.31,90.27,4.55,0.827,0.07,0.107,0.36,0
2026-04-06,A038,Team Davao D,Davao,Healthcare,Swing,Voice,Benefits,steady,2026-04,2715000,7.9,1853.0,0.85,436.93,68.35,91.71,4.55,0.833,0.074,0.104,0.51,0
2026-04-06,A039,Team Davao D,Davao,Healthcare,Night,Voice,Benefits,senior,2026-04,2715000,7.9,1975.0,0.86,412.14,64.63,92.79,4.55,0.838,0.078,0.102,0.66,0
2026-04-06,A040,Team Davao D,Davao,Healthcare,Day,Voice,Benefits,new,2026-04,2715000,7.9,2097.0,0.87,469.97,73.31,90.27,4.55,0.827,0.082,0.116,0.81,0
2026-04-06,A041,Team Davao D,Davao,Healthcare,Swing,Voice,Benefits,steady,2026-04,2715000,7.9,2220.0,0.84,436.93,68.35,91.71,4.55,0.833,0.07,0.098,0.36,0
2026-04-06,A042,Team Davao D,Davao,Healthcare,Night,Voice,Benefits,senior,2026-04,2715000,7.9,2342.0,0.85,412.14,64.63,92.79,4.55,0.838,0.074,0.096,0.51,0
2026-04-06,A043,Team Davao D,Davao,Healthcare,Day,Voice,Benefits,new,2026-04,2715000,7.9,1731.0,0.86,469.97,73.31,90.27,4.55,0.827,0.078,0.11,0.66,0
2026-04-06,A044,Team Davao D,Davao,Healthcare,Swing,Voice,Benefits,steady,2026-04,2715000,7.9,1853.0,0.87,436.93,68.35,91.71,4.55,0.833,0.082,0.107,0.81,0
2026-04-06,A045,Team Davao D,Davao,Healthcare,Night,Voice,Benefits,senior,2026-04,2715000,7.9,1975.0,0.84,412.14,64.63,92.79,4.55,0.838,0.07,0.105,0.36,0
2026-04-06,A046,Team Davao D,Davao,Healthcare,Day,Voice,Benefits,new,2026-04,2715000,7.9,2097.0,0.85,469.97,73.31,90.27,4.55,0.827,0.074,0.104,0.51,0
2026-04-06,A047,Team Davao D,Davao,Healthcare,Swing,Voice,Benefits,steady,2026-04,2715000,7.9,2220.0,0.86,436.93,68.35,91.71,4.55,0.833,0.078,0.101,0.66,0
2026-04-06,A048,Team Davao D,Davao,Healthcare,Night,Voice,Benefits,senior,2026-04,2715000,7.9,2342.0,0.87,412.14,64.63,92.79,4.55,0.838,0.082,0.099,0.81,0
2026-04-07,A001,Team Manila A,Manila,Telco,Day,Voice,Retention,new,2026-04,2715000,7.9,1667.0,0.841,492.47,74.51,90.09,4.51,0.825,0.074,0.104,0.44,0
2026-04-07,A002,Team Manila A,Manila,Telco,Swing,Voice,Retention,steady,2026-04,2715000,7.9,1784.0,0.851,458.12,69.55,91.53,4.51,0.831,0.078,0.101,0.59,0
2026-04-07,A003,Team Manila A,Manila,Telco,Night,Voice,Retention,senior,2026-04,2715000,7.9,1902.0,0.861,432.37,65.83,92.61,4.51,0.836,0.082,0.099,0.74,0
2026-04-07,A004,Team Manila A,Manila,Telco,Day,Voice,Retention,new,2026-04,2715000,7.9,2020.0,0.871,492.47,74.51,90.09,4.51,0.825,0.086,0.113,0.89,0
2026-04-07,A005,Team Manila A,Manila,Telco,Swing,Voice,Retention,steady,2026-04,2715000,7.9,2137.0,0.841,458.12,69.55,91.53,4.51,0.831,0.074,0.11,0.44,0
2026-04-07,A006,Team Manila A,Manila,Telco,Night,Voice,Retention,senior,2026-04,2715000,7.9,2255.0,0.851,432.37,65.83,92.61,4.51,0.836,0.078,0.093,0.59,0
2026-04-07,A007,Team Manila A,Manila,Telco,Day,Voice,Retention,new,2026-04,2715000,7.9,1667.0,0.861,492.47,74.51,90.09,4.51,0.825,0.082,0.107,0.74,0
2026-04-07,A008,Team Manila A,Manila,Telco,Swing,Voice,Retention,steady,2026-04,2715000,7.9,1784.0,0.871,458.12,69.55,91.53,4.51,0.831,0.086,0.104,0.89,0
2026-04-07,A009,Team Manila A,Manila,Telco,Night,Voice,Retention,senior,2026-04,2715000,7.9,1902.0,0.841,432.37,65.83,92.61,4.51,0.836,0.074,0.102,0.44,0
2026-04-07,A010,Team Manila A,Manila,Telco,Day,Voice,Retention,new,2026-04,2715000,7.9,2020.0,0.851,492.47,74.51,90.09,4.51,0.825,0.078,0.116,0.59,0
2026-04-07,A011,Team Manila A,Manila,Telco,Swing,Voice,Retention,steady,2026-04,2715000,7.9,2137.0,0.861,458.12,69.55,91.53,4.51,0.831,0.082,0.098,0.74,0
2026-04-07,A012,Team Manila A,Manila,Telco,Night,Voice,Retention,senior,2026-04,2715000,7.9,2255.0,0.871,432.37,65.83,92.61,4.51,0.836,0.086,0.096,0.89,0
2026-04-07,A013,Team Manila B,Manila,Retail,Day,Voice,Order Support,new,2026-04,2715000,7.9,1667.0,0.838,457.48,74.51,90.09,4.57,0.829,0.065,0.11,0.44,0
2026-04-07,A014,Team Manila B,Manila,Retail,Swing,Voice,Order Support,steady,2026-04,2715000,7.9,1784.0,0.848,425.72,69.55,91.53,4.57,0.835,0.069,0.107,0.59,0
2026-04-07,A015,Team Manila B,Manila,Retail,Night,Voice,Order Support,senior,2026-04,2715000,7.9,1902.0,0.858,401.91,65.83,92.61,4.57,0.84,0.073,0.105,0.74,0
2026-04-07,A016,Team Manila B,Manila,Retail,Day,Voice,Order Support,new,2026-04,2715000,7.9,2020.0,0.868,457.48,74.51,90.09,4.57,0.829,0.077,0.104,0.89,0
2026-04-07,A017,Team Manila B,Manila,Retail,Swing,Voice,Order Support,steady,2026-04,2715000,7.9,2137.0,0.838,425.72,69.55,91.53,4.57,0.835,0.065,0.101,0.44,0
2026-04-07,A018,Team Manila B,Manila,Retail,Night,Voice,Order Support,senior,2026-04,2715000,7.9,2255.0,0.848,401.91,65.83,92.61,4.57,0.84,0.069,0.099,0.59,0
2026-04-07,A019,Team Manila B,Manila,Retail,Day,Voice,Order Support,new,2026-04,2715000,7.9,1667.0,0.858,457.48,74.51,90.09,4.57,0.829,0.073,0.113,0.74,0
2026-04-07,A020,Team Manila B,Manila,Retail,Swing,Voice,Order Support,steady,2026-04,2715000,7.9,1784.0,0.868,425.72,69.55,91.53,4.57,0.835,0.077,0.11,0.89,0
2026-04-07,A021,Team Manila B,Manila,Retail,Night,Voice,Order Support,senior,2026-04,2715000,7.9,1902.0,0.838,401.91,65.83,92.61,4.57,0.84,0.065,0.093,0.44,0
2026-04-07,A022,Team Manila B,Manila,Retail,Day,Voice,Order Support,new,2026-04,2715000,7.9,2020.0,0.848,457.48,74.51,90.09,4.57,0.829,0.069,0.107,0.59,0
2026-04-07,A023,Team Manila B,Manila,Retail,Swing,Voice,Order Support,steady,2026-04,2715000,7.9,2137.0,0.858,425.72,69.55,91.53,4.57,0.835,0.073,0.104,0.74,0
2026-04-07,A024,Team Manila B,Manila,Retail,Night,Voice,Order Support,senior,2026-04,2715000,7.9,2255.0,0.868,401.91,65.83,92.61,4.57,0.84,0.077,0.102,0.89,0
2026-04-07,A025,Team Cebu C,Cebu,Travel,Day,Voice,Reservations,new,2026-04,2715000,7.9,1667.0,0.843,509.97,74.51,90.09,4.48,0.823,0.079,0.116,0.44,0
2026-04-07,A026,Team Cebu C,Cebu,Travel,Swing,Voice,Reservations,steady,2026-04,2715000,7.9,1784.0,0.853,474.33,69.55,91.53,4.48,0.829,0.083,0.098,0.59,0
2026-04-07,A027,Team Cebu C,Cebu,Travel,Night,Voice,Reservations,senior,2026-04,2715000,7.9,1902.0,0.863,447.6,65.83,92.61,4.48,0.834,0.087,0.096,0.74,0
2026-04-07,A028,Team Cebu C,Cebu,Travel,Day,Voice,Reservations,new,2026-04,2715000,7.9,2020.0,0.873,509.97,74.51,90.09,4.48,0.823,0.091,0.11,0.89,0
2026-04-07,A029,Team Cebu C,Cebu,Travel,Swing,Voice,Reservations,steady,2026-04,2715000,7.9,2137.0,0.843,474.33,69.55,91.53,4.48,0.829,0.079,0.107,0.44,0
2026-04-07,A030,Team Cebu C,Cebu,Travel,Night,Voice,Reservations,senior,2026-04,2715000,7.9,2255.0,0.853,447.6,65.83,92.61,4.48,0.834,0.083,0.105,0.59,0
2026-04-07,A031,Team Cebu C,Cebu,Travel,Day,Voice,Reservations,new,2026-04,2715000,7.9,1667.0,0.863,509.97,74.51,90.09,4.48,0.823,0.087,0.104,0.74,0
2026-04-07,A032,Team Cebu C,Cebu,Travel,Swing,Voice,Reservations,steady,2026-04,2715000,7.9,1784.0,0.873,474.33,69.55,91.53,4.48,0.829,0.091,0.101,0.89,0
2026-04-07,A033,Team Cebu C,Cebu,Travel,Night,Voice,Reservations,senior,2026-04,2715000,7.9,1902.0,0.843,447.6,65.83,92.61,4.48,0.834,0.079,0.099,0.44,0
2026-04-07,A034,Team Cebu C,Cebu,Travel,Day,Voice,Reservations,new,2026-04,2715000,7.9,2020.0,0.853,509.97,74.51,90.09,4.48,0.823,0.083,0.113,0.59,0
2026-04-07,A035,Team Cebu C,Cebu,Travel,Swing,Voice,Reservations,steady,2026-04,2715000,7.9,2137.0,0.863,474.33,69.55,91.53,4.48,0.829,0.087,0.11,0.74,0
2026-04-07,A036,Team Cebu C,Cebu,Travel,Night,Voice,Reservations,senior,2026-04,2715000,7.9,2255.0,0.873,447.6,65.83,92.61,4.48,0.834,0.091,0.093,0.89,0
2026-04-07,A037,Team Davao D,Davao,Healthcare,Day,Voice,Benefits,new,2026-04,2715000,7.9,1667.0,0.84,474.97,74.51,90.09,4.54,0.827,0.07,0.107,0.44,0
2026-04-07,A038,Team Davao D,Davao,Healthcare,Swing,Voice,Benefits,steady,2026-04,2715000,7.9,1784.0,0.85,441.93,69.55,91.53,4.54,0.833,0.074,0.104,0.59,0
2026-04-07,A039,Team Davao D,Davao,Healthcare,Night,Voice,Benefits,senior,2026-04,2715000,7.9,1902.0,0.86,417.14,65.83,92.61,4.54,0.838,0.078,0.102,0.74,0
2026-04-07,A040,Team Davao D,Davao,Healthcare,Day,Voice,Benefits,new,2026-04,2715000,7.9,2020.0,0.87,474.97,74.51,90.09,4.54,0.827,0.082,0.116,0.89,0
2026-04-07,A041,Team Davao D,Davao,Healthcare,Swing,Voice,Benefits,steady,2026-04,2715000,7.9,2137.0,0.84,441.93,69.55,91.53,4.54,0.833,0.07,0.098,0.44,0
2026-04-07,A042,Team Davao D,Davao,Healthcare,Night,Voice,Benefits,senior,2026-04,2715000,7.9,2255.0,0.85,417.14,65.83,92.61,4.54,0.838,0.074,0.096,0.59,0
2026-04-07,A043,Team Davao D,Davao,Healthcare,Day,Voice,Benefits,new,2026-04,2715000,7.9,1667.0,0.86,474.97,74.51,90.09,4.54,0.827,0.078,0.11,0.74,0
2026-04-07,A044,Team Davao D,Davao,Healthcare,Swing,Voice,Benefits,steady,2026-04,2715000,7.9,1784.0,0.87,441.93,69.55,91.53,4.54,0.833,0.082,0.107,0.89,0
2026-04-07,A045,Team Davao D,Davao,Healthcare,Night,Voice,Benefits,senior,2026-04,2715000,7.9,1902.0,0.84,417.14,65.83,92.61,4.54,0.838,0.07,0.105,0.44,0
2026-04-07,A046,Team Davao D,Davao,Healthcare,Day,Voice,Benefits,new,2026-04,2715000,7.9,2020.0,0.85,474.97,74.51,90.09,4.54,0.827,0.074,0.104,0.59,0
2026-04-07,A047,Team Davao D,Davao,Healthcare,Swing,Voice,Benefits,steady,2026-04,2715000,7.9,2137.0,0.86,441.93,69.55,91.53,4.54,0.833,0.078,0.101,0.74,0
2026-04-07,A048,Team Davao D,Davao,Healthcare,Night,Voice,Benefits,senior,2026-04,2715000,7.9,2255.0,0.87,417.14,65.83,92.61,4.54,0.838,0.082,0.099,0.89,0
2026-04-08,A001,Team Manila A,Manila,Telco,Day,Voice,Retention,new,2026-04,2715000,7.9,1603.0,0.841,462.47,67.31,90.09,4.51,0.825,0.074,0.104,0.2,0
2026-04-08,A002,Team Manila A,Manila,Telco,Swing,Voice,Retention,steady,2026-04,2715000,7.9,1716.0,0.851,428.12,62.35,91.53,4.51,0.831,0.078,0.101,0.35,0
2026-04-08,A003,Team Manila A,Manila,Telco,Night,Voice,Retention,senior,2026-04,2715000,7.9,1829.0,0.861,402.37,58.63,92.61,4.51,0.836,0.082,0.099,0.5,0
2026-04-08,A004,Team Manila A,Manila,Telco,Day,Voice,Retention,new,2026-04,2715000,7.9,1942.0,0.871,462.47,67.31,90.09,4.51,0.825,0.086,0.113,0.65,0
2026-04-08,A005,Team Manila A,Manila,Telco,Swing,Voice,Retention,steady,2026-04,2715000,7.9,2055.0,0.841,428.12,62.35,91.53,4.51,0.831,0.074,0.11,0.2,0
2026-04-08,A006,Team Manila A,Manila,Telco,Night,Voice,Retention,senior,2026-04,2715000,7.9,2168.0,0.851,402.37,58.63,92.61,4.51,0.836,0.078,0.093,0.35,0
2026-04-08,A007,Team Manila A,Manila,Telco,Day,Voice,Retention,new,2026-04,2715000,7.9,1603.0,0.861,462.47,67.31,90.09,4.51,0.825,0.082,0.107,0.5,0
2026-04-08,A008,Team Manila A,Manila,Telco,Swing,Voice,Retention,steady,2026-04,2715000,7.9,1716.0,0.871,428.12,62.35,91.53,4.51,0.831,0.086,0.104,0.65,0
2026-04-08,A009,Team Manila A,Manila,Telco,Night,Voice,Retention,senior,2026-04,2715000,7.9,1829.0,0.841,402.37,58.63,92.61,4.51,0.836,0.074,0.102,0.2,0
2026-04-08,A010,Team Manila A,Manila,Telco,Day,Voice,Retention,new,2026-04,2715000,7.9,1942.0,0.851,462.47,67.31,90.09,4.51,0.825,0.078,0.116,0.35,0
2026-04-08,A011,Team Manila A,Manila,Telco,Swing,Voice,Retention,steady,2026-04,2715000,7.9,2055.0,0.861,428.12,62.35,91.53,4.51,0.831,0.082,0.098,0.5,0
2026-04-08,A012,Team Manila A,Manila,Telco,Night,Voice,Retention,senior,2026-04,2715000,7.9,2168.0,0.871,402.37,58.63,92.61,4.51,0.836,0.086,0.096,0.65,0
2026-04-08,A013,Team Manila B,Manila,Retail,Day,Voice,Order Support,new,2026-04,2715000,7.9,1603.0,0.838,427.48,67.31,90.09,4.57,0.829,0.065,0.11,0.2,0
2026-04-08,A014,Team Manila B,Manila,Retail,Swing,Voice,Order Support,steady,2026-04,2715000,7.9,1716.0,0.848,395.72,62.35,91.53,4.57,0.835,0.069,0.107,0.35,0
2026-04-08,A015,Team Manila B,Manila,Retail,Night,Voice,Order Support,senior,2026-04,2715000,7.9,1829.0,0.858,371.91,58.63,92.61,4.57,0.84,0.073,0.105,0.5,0
2026-04-08,A016,Team Manila B,Manila,Retail,Day,Voice,Order Support,new,2026-04,2715000,7.9,1942.0,0.868,427.48,67.31,90.09,4.57,0.829,0.077,0.104,0.65,0
2026-04-08,A017,Team Manila B,Manila,Retail,Swing,Voice,Order Support,steady,2026-04,2715000,7.9,2055.0,0.838,395.72,62.35,91.53,4.57,0.835,0.065,0.101,0.2,0
2026-04-08,A018,Team Manila B,Manila,Retail,Night,Voice,Order Support,senior,2026-04,2715000,7.9,2168.0,0.848,371.91,58.63,92.61,4.57,0.84,0.069,0.099,0.35,0
2026-04-08,A019,Team Manila B,Manila,Retail,Day,Voice,Order Support,new,2026-04,2715000,7.9,1603.0,0.858,427.48,67.31,90.09,4.57,0.829,0.073,0.113,0.5,0
2026-04-08,A020,Team Manila B,Manila,Retail,Swing,Voice,Order Support,steady,2026-04,2715000,7.9,1716.0,0.868,395.72,62.35,91.53,4.57,0.835,0.077,0.11,0.65,0
2026-04-08,A021,Team Manila B,Manila,Retail,Night,Voice,Order Support,senior,2026-04,2715000,7.9,1829.0,0.838,371.91,58.63,92.61,4.57,0.84,0.065,0.093,0.2,0
2026-04-08,A022,Team Manila B,Manila,Retail,Day,Voice,Order Support,new,2026-04,2715000,7.9,1942.0,0.848,427.48,67.31,90.09,4.57,0.829,0.069,0.107,0.35,0
2026-04-08,A023,Team Manila B,Manila,Retail,Swing,Voice,Order Support,steady,2026-04,2715000,7.9,2055.0,0.858,395.72,62.35,91.53,4.57,0.835,0.073,0.104,0.5,0
2026-04-08,A024,Team Manila B,Manila,Retail,Night,Voice,Order Support,senior,2026-04,2715000,7.9,2168.0,0.868,371.91,58.63,92.61,4.57,0.84,0.077,0.102,0.65,0
2026-04-08,A025,Team Cebu C,Cebu,Travel,Day,Voice,Reservations,new,2026-04,2715000,7.9,1603.0,0.843,479.97,67.31,90.09,4.48,0.823,0.079,0.116,0.2,0
2026-04-08,A026,Team Cebu C,Cebu,Travel,Swing,Voice,Reservations,steady,2026-04,2715000,7.9,1716.0,0.853,444.33,62.35,91.53,4.48,0.829,0.083,0.098,0.35,0
2026-04-08,A027,Team Cebu C,Cebu,Travel,Night,Voice,Reservations,senior,2026-04,2715000,7.9,1829.0,0.863,417.6,58.63,92.61,4.48,0.834,0.087,0.096,0.5,0
2026-04-08,A028,Team Cebu C,Cebu,Travel,Day,Voice,Reservations,new,2026-04,2715000,7.9,1942.0,0.873,479.97,67.31,90.09,4.48,0.823,0.091,0.11,0.65,0
2026-04-08,A029,Team Cebu C,Cebu,Travel,Swing,Voice,Reservations,steady,2026-04,2715000,7.9,2055.0,0.843,444.33,62.35,91.53,4.48,0.829,0.079,0.107,0.2,0
2026-04-08,A030,Team Cebu C,Cebu,Travel,Night,Voice,Reservations,senior,2026-04,2715000,7.9,2168.0,0.853,417.6,58.63,92.61,4.48,0.834,0.083,0.105,0.35,0
2026-04-08,A031,Team Cebu C,Cebu,Travel,Day,Voice,Reservations,new,2026-04,2715000,7.9,1603.0,0.863,479.97,67.31,90.09,4.48,0.823,0.087,0.104,0.5,0
2026-04-08,A032,Team Cebu C,Cebu,Travel,Swing,Voice,Reservations,steady,2026-04,2715000,7.9,1716.0,0.873,444.33,62.35,91.53,4.48,0.829,0.091,0.101,0.65,0
2026-04-08,A033,Team Cebu C,Cebu,Travel,Night,Voice,Reservations,senior,2026-04,2715000,7.9,1829.0,0.843,417.6,58.63,92.61,4.48,0.834,0.079,0.099,0.2,0
2026-04-08,A034,Team Cebu C,Cebu,Travel,Day,Voice,Reservations,new,2026-04,2715000,7.9,1942.0,0.853,479.97,67.31,90.09,4.48,0.823,0.083,0.113,0.35,1
2026-04-08,A035,Team Cebu C,Cebu,Travel,Swing,Voice,Reservations,steady,2026-04,2715000,7.9,2055.0,0.863,444.33,62.35,91.53,4.48,0.829,0.087,0.11,0.5,0
2026-04-08,A036,Team Cebu C,Cebu,Travel,Night,Voice,Reservations,senior,2026-04,2715000,7.9,2168.0,0.873,417.6,58.63,92.61,4.48,0.834,0.091,0.093,0.65,0
2026-04-08,A037,Team Davao D,Davao,Healthcare,Day,Voice,Benefits,new,2026-04,2715000,7.9,1603.0,0.84,444.97,67.31,90.09,4.54,0.827,0.07,0.107,0.2,0
2026-04-08,A038,Team Davao D,Davao,Healthcare,Swing,Voice,Benefits,steady,2026-04,2715000,7.9,1716.0,0.85,411.93,62.35,91.53,4.54,0.833,0.074,0.104,0.35,0
2026-04-08,A039,Team Davao D,Davao,Healthcare,Night,Voice,Benefits,senior,2026-04,2715000,7.9,1829.0,0.86,387.14,58.63,92.61,4.54,0.838,0.078,0.102,0.5,0
2026-04-08,A040,Team Davao D,Davao,Healthcare,Day,Voice,Benefits,new,2026-04,2715000,7.9,1942.0,0.87,444.97,67.31,90.09,4.54,0.827,0.082,0.116,0.65,0
2026-04-08,A041,Team Davao D,Davao,Healthcare,Swing,Voice,Benefits,steady,2026-04,2715000,7.9,2055.0,0.84,411.93,62.35,91.53,4.54,0.833,0.07,0.098,0.2,0
2026-04-08,A042,Team Davao D,Davao,Healthcare,Night,Voice,Benefits,senior,2026-04,2715000,7.9,2168.0,0.85,387.14,58.63,92.61,4.54,0.838,0.074,0.096,0.35,0
2026-04-08,A043,Team Davao D,Davao,Healthcare,Day,Voice,Benefits,new,2026-04,2715000,7.9,1603.0,0.86,444.97,67.31,90.09,4.54,0.827,0.078,0.11,0.5,0
2026-04-08,A044,Team Davao D,Davao,Healthcare,Swing,Voice,Benefits,steady,2026-04,2715000,7.9,1716.0,0.87,411.93,62.35,91.53,4.54,0.833,0.082,0.107,0.65,0
2026-04-08,A045,Team Davao D,Davao,Healthcare,Night,Voice,Benefits,senior,2026-04,2715000,7.9,1829.0,0.84,387.14,58.63,92.61,4.54,0.838,0.07,0.105,0.2,0
2026-04-08,A046,Team Davao D,Davao,Healthcare,Day,Voice,Benefits,new,2026-04,2715000,7.9,1942.0,0.85,444.97,67.31,90.09,4.54,0.827,0.074,0.104,0.35,0
2026-04-08,A047,Team Davao D,Davao,Healthcare,Swing,Voice,Benefits,steady,2026-04,2715000,7.9,2055.0,0.86,411.93,62.35,91.53,4.54,0.833,0.078,0.101,0.5,0
2026-04-08,A048,Team Davao D,Davao,Healthcare,Night,Voice,Benefits,senior,2026-04,2715000,7.9,2168.0,0.87,387.14,58.63,92.61,4.54,0.838,0.082,0.099,0.65,0
2026-04-09,A001,Team Manila A,Manila,Telco,Day,Voice,Retention,new,2026-04,2715000,7.9,1587.0,0.841,467.47,68.51,90.27,4.52,0.825,0.074,0.104,0.2,0
2026-04-09,A002,Team Manila A,Manila,Telco,Swing,Voice,Retention,steady,2026-04,2715000,7.9,1699.0,0.851,433.12,63.55,91.71,4.52,0.831,0.078,0.101,0.35,0
2026-04-09,A003,Team Manila A,Manila,Telco,Night,Voice,Retention,senior,2026-04,2715000,7.9,1811.0,0.861,407.37,59.83,92.79,4.52,0.836,0.082,0.099,0.5,0
2026-04-09,A004,Team Manila A,Manila,Telco,Day,Voice,Retention,new,2026-04,2715000,7.9,1923.0,0.871,467.47,68.51,90.27,4.52,0.825,0.086,0.113,0.65,0
2026-04-09,A005,Team Manila A,Manila,Telco,Swing,Voice,Retention,steady,2026-04,2715000,7.9,2035.0,0.841,433.12,63.55,91.71,4.52,0.831,0.074,0.11,0.2,0
2026-04-09,A006,Team Manila A,Manila,Telco,Night,Voice,Retention,senior,2026-04,2715000,7.9,2147.0,0.851,407.37,59.83,92.79,4.52,0.836,0.078,0.093,0.35,0
2026-04-09,A007,Team Manila A,Manila,Telco,Day,Voice,Retention,new,2026-04,2715000,7.9,1587.0,0.861,467.47,68.51,90.27,4.52,0.825,0.082,0.107,0.5,0
2026-04-09,A008,Team Manila A,Manila,Telco,Swing,Voice,Retention,steady,2026-04,2715000,7.9,1699.0,0.871,433.12,63.55,91.71,4.52,0.831,0.086,0.104,0.65,0
2026-04-09,A009,Team Manila A,Manila,Telco,Night,Voice,Retention,senior,2026-04,2715000,7.9,1811.0,0.841,407.37,59.83,92.79,4.52,0.836,0.074,0.102,0.2,0
2026-04-09,A010,Team Manila A,Manila,Telco,Day,Voice,Retention,new,2026-04,2715000,7.9,1923.0,0.851,467.47,68.51,90.27,4.52,0.825,0.078,0.116,0.35,0
2026-04-09,A011,Team Manila A,Manila,Telco,Swing,Voice,Retention,steady,2026-04,2715000,7.9,2035.0,0.861,433.12,63.55,91.71,4.52,0.831,0.082,0.098,0.5,0
2026-04-09,A012,Team Manila A,Manila,Telco,Night,Voice,Retention,senior,2026-04,2715000,7.9,2147.0,0.871,407.37,59.83,92.79,4.52,0.836,0.086,0.096,0.65,0
2026-04-09,A013,Team Manila B,Manila,Retail,Day,Voice,Order Support,new,2026-04,2715000,7.9,1587.0,0.838,432.48,68.51,90.27,4.58,0.829,0.065,0.11,0.2,0
2026-04-09,A014,Team Manila B,Manila,Retail,Swing,Voice,Order Support,steady,2026-04,2715000,7.9,1699.0,0.848,400.72,63.55,91.71,4.58,0.835,0.069,0.107,0.35,0
2026-04-09,A015,Team Manila B,Manila,Retail,Night,Voice,Order Support,senior,2026-04,2715000,7.9,1811.0,0.858,376.91,59.83,92.79,4.58,0.84,0.073,0.105,0.5,0
2026-04-09,A016,Team Manila B,Manila,Retail,Day,Voice,Order Support,new,2026-04,2715000,7.9,1923.0,0.868,432.48,68.51,90.27,4.58,0.829,0.077,0.104,0.65,1
2026-04-09,A017,Team Manila B,Manila,Retail,Swing,Voice,Order Support,steady,2026-04,2715000,7.9,2035.0,0.838,400.72,63.55,91.71,4.58,0.835,0.065,0.101,0.2,0
2026-04-09,A018,Team Manila B,Manila,Retail,Night,Voice,Order Support,senior,2026-04,2715000,7.9,2147.0,0.848,376.91,59.83,92.79,4.58,0.84,0.069,0.099,0.35,0
2026-04-09,A019,Team Manila B,Manila,Retail,Day,Voice,Order Support,new,2026-04,2715000,7.9,1587.0,0.858,432.48,68.51,90.27,4.58,0.829,0.073,0.113,0.5,0
2026-04-09,A020,Team Manila B,Manila,Retail,Swing,Voice,Order Support,steady,2026-04,2715000,7.9,1699.0,0.868,400.72,63.55,91.71,4.58,0.835,0.077,0.11,0.65,0
2026-04-09,A021,Team Manila B,Manila,Retail,Night,Voice,Order Support,senior,2026-04,2715000,7.9,1811.0,0.838,376.91,59.83,92.79,4.58,0.84,0.065,0.093,0.2,0
2026-04-09,A022,Team Manila B,Manila,Retail,Day,Voice,Order Support,new,2026-04,2715000,7.9,1923.0,0.848,432.48,68.51,90.27,4.58,0.829,0.069,0.107,0.35,0
2026-04-09,A023,Team Manila B,Manila,Retail,Swing,Voice,Order Support,steady,2026-04,2715000,7.9,2035.0,0.858,400.72,63.55,91.71,4.58,0.835,0.073,0.104,0.5,0
2026-04-09,A024,Team Manila B,Manila,Retail,Night,Voice,Order Support,senior,2026-04,2715000,7.9,2147.0,0.868,376.91,59.83,92.79,4.58,0.84,0.077,0.102,0.65,0
2026-04-09,A025,Team Cebu C,Cebu,Travel,Day,Voice,Reservations,new,2026-04,2715000,7.9,1587.0,0.843,484.97,68.51,90.27,4.49,0.823,0.079,0.116,0.2,0
2026-04-09,A026,Team Cebu C,Cebu,Travel,Swing,Voice,Reservations,steady,2026-04,2715000,7.9,1699.0,0.853,449.33,63.55,91.71,4.49,0.829,0.083,0.098,0.35,0
2026-04-09,A027,Team Cebu C,Cebu,Travel,Night,Voice,Reservations,senior,2026-04,2715000,7.9,1811.0,0.863,422.6,59.83,92.79,4.49,0.834,0.087,0.096,0.5,0
2026-04-09,A028,Team Cebu C,Cebu,Travel,Day,Voice,Reservations,new,2026-04,2715000,7.9,1923.0,0.873,484.97,68.51,90.27,4.49,0.823,0.091,0.11,0.65,0
2026-04-09,A029,Team Cebu C,Cebu,Travel,Swing,Voice,Reservations,steady,2026-04,2715000,7.9,2035.0,0.843,449.33,63.55,91.71,4.49,0.829,0.079,0.107,0.2,0
2026-04-09,A030,Team Cebu C,Cebu,Travel,Night,Voice,Reservations,senior,2026-04,2715000,7.9,2147.0,0.853,422.6,59.83,92.79,4.49,0.834,0.083,0.105,0.35,0
2026-04-09,A031,Team Cebu C,Cebu,Travel,Day,Voice,Reservations,new,2026-04,2715000,7.9,1587.0,0.863,484.97,68.51,90.27,4.49,0.823,0.087,0.104,0.5,0
2026-04-09,A032,Team Cebu C,Cebu,Travel,Swing,Voice,Reservations,steady,2026-04,2715000,7.9,1699.0,0.873,449.33,63.55,91.71,4.49,0.829,0.091,0.101,0.65,0
2026-04-09,A033,Team Cebu C,Cebu,Travel,Night,Voice,Reservations,senior,2026-04,2715000,7.9,1811.0,0.843,422.6,59.83,92.79,4.49,0.834,0.079,0.099,0.2,0
2026-04-09,A034,Team Cebu C,Cebu,Travel,Day,Voice,Reservations,new,2026-04,2715000,7.9,1923.0,0.853,484.97,68.51,90.27,4.49,0.823,0.083,0.113,0.35,0
2026-04-09,A035,Team Cebu C,Cebu,Travel,Swing,Voice,Reservations,steady,2026-04,2715000,7.9,2035.0,0.863,449.33,63.55,91.71,4.49,0.829,0.087,0.11,0.5,0
2026-04-09,A036,Team Cebu C,Cebu,Travel,Night,Voice,Reservations,senior,2026-04,2715000,7.9,2147.0,0.873,422.6,59.83,92.79,4.49,0.834,0.091,0.093,0.65,0
2026-04-09,A037,Team Davao D,Davao,Healthcare,Day,Voice,Benefits,new,2026-04,2715000,7.9,1587.0,0.84,449.97,68.51,90.27,4.55,0.827,0.07,0.107,0.2,0
2026-04-09,A038,Team Davao D,Davao,Healthcare,Swing,Voice,Benefits,steady,2026-04,2715000,7.9,1699.0,0.85,416.93,63.55,91.71,4.55,0.833,0.074,0.104,0.35,0
2026-04-09,A039,Team Davao D,Davao,Healthcare,Night,Voice,Benefits,senior,2026-04,2715000,7.9,1811.0,0.86,392.14,59.83,92.79,4.55,0.838,0.078,0.102,0.5,0
2026-04-09,A040,Team Davao D,Davao,Healthcare,Day,Voice,Benefits,new,2026-04,2715000,7.9,1923.0,0.87,449.97,68.51,90.27,4.55,0.827,0.082,0.116,0.65,0
2026-04-09,A041,Team Davao D,Davao,Healthcare,Swing,Voice,Benefits,steady,2026-04,2715000,7.9,2035.0,0.84,416.93,63.55,91.71,4.55,0.833,0.07,0.098,0.2,0
2026-04-09,A042,Team Davao D,Davao,Healthcare,Night,Voice,Benefits,senior,2026-04,2715000,7.9,2147.0,0.85,392.14,59.83,92.79,4.55,0.838,0.074,0.096,0.35,0
2026-04-09,A043,Team Davao D,Davao,Healthcare,Day,Voice,Benefits,new,2026-04,2715000,7.9,1587.0,0.86,449.97,68.51,90.27,4.55,0.827,0.078,0.11,0.5,0
2026-04-09,A044,Team Davao D,Davao,Healthcare,Swing,Voice,Benefits,steady,2026-04,2715000,7.9,1699.0,0.87,416.93,63.55,91.71,4.55,0.833,0.082,0.107,0.65,0
2026-04-09,A045,Team Davao D,Davao,Healthcare,Night,Voice,Benefits,senior,2026-04,2715000,7.9,1811.0,0.84,392.14,59.83,92.79,4.55,0.838,0.07,0.105,0.2,0
2026-04-09,A046,Team Davao D,Davao,Healthcare,Day,Voice,Benefits,new,2026-04,2715000,7.9,1923.0,0.85,449.97,68.51,90.27,4.55,0.827,0.074,0.104,0.35,0
2026-04-09,A047,Team Davao D,Davao,Healthcare,Swing,Voice,Benefits,steady,2026-04,2715000,7.9,2035.0,0.86,416.93,63.55,91.71,4.55,0.833,0.078,0.101,0.5,0
2026-04-09,A048,Team Davao D,Davao,Healthcare,Night,Voice,Benefits,senior,2026-04,2715000,7.9,2147.0,0.87,392.14,59.83,92.79,4.55,0.838,0.082,0.099,0.65,0
2026-04-10,A001,Team Manila A,Manila,Telco,Day,Voice,Retention,new,2026-04,2715000,7.9,1506.0,0.841,472.47,69.71,90.45,4.53,0.825,0.074,0.104,0.2,0
2026-04-10,A002,Team Manila A,Manila,Telco,Swing,Voice,Retention,steady,2026-04,2715000,7.9,1613.0,0.851,438.12,64.75,91.89,4.53,0.831,0.078,0.101,0.35,0
2026-04-10,A003,Team Manila A,Manila,Telco,Night,Voice,Retention,senior,2026-04,2715000,7.9,1719.0,0.861,412.37,61.03,92.97,4.53,0.836,0.082,0.099,0.5,0
2026-04-10,A004,Team Manila A,Manila,Telco,Day,Voice,Retention,new,2026-04,2715000,7.9,1825.0,0.871,472.47,69.71,90.45,4.53,0.825,0.086,0.113,0.65,0
2026-04-10,A005,Team Manila A,Manila,Telco,Swing,Voice,Retention,steady,2026-04,2715000,7.9,1932.0,0.841,438.12,64.75,91.89,4.53,0.831,0.074,0.11,0.2,0
2026-04-10,A006,Team Manila A,Manila,Telco,Night,Voice,Retention,senior,2026-04,2715000,7.9,2038.0,0.851,412.37,61.03,92.97,4.53,0.836,0.078,0.093,0.35,0
2026-04-10,A007,Team Manila A,Manila,Telco,Day,Voice,Retention,new,2026-04,2715000,7.9,1506.0,0.861,472.47,69.71,90.45,4.53,0.825,0.082,0.107,0.5,0
2026-04-10,A008,Team Manila A,Manila,Telco,Swing,Voice,Retention,steady,2026-04,2715000,7.9,1613.0,0.871,438.12,64.75,91.89,4.53,0.831,0.086,0.104,0.65,0
2026-04-10,A009,Team Manila A,Manila,Telco,Night,Voice,Retention,senior,2026-04,2715000,7.9,1719.0,0.841,412.37,61.03,92.97,4.53,0.836,0.074,0.102,0.2,0
2026-04-10,A010,Team Manila A,Manila,Telco,Day,Voice,Retention,new,2026-04,2715000,7.9,1825.0,0.851,472.47,69.71,90.45,4.53,0.825,0.078,0.116,0.35,0
2026-04-10,A011,Team Manila A,Manila,Telco,Swing,Voice,Retention,steady,2026-04,2715000,7.9,1932.0,0.861,438.12,64.75,91.89,4.53,0.831,0.082,0.098,0.5,0
2026-04-10,A012,Team Manila A,Manila,Telco,Night,Voice,Retention,senior,2026-04,2715000,7.9,2038.0,0.871,412.37,61.03,92.97,4.53,0.836,0.086,0.096,0.65,0
2026-04-10,A013,Team Manila B,Manila,Retail,Day,Voice,Order Support,new,2026-04,2715000,7.9,1506.0,0.838,437.48,69.71,90.45,4.59,0.829,0.065,0.11,0.2,0
2026-04-10,A014,Team Manila B,Manila,Retail,Swing,Voice,Order Support,steady,2026-04,2715000,7.9,1613.0,0.848,405.72,64.75,91.89,4.59,0.835,0.069,0.107,0.35,0
2026-04-10,A015,Team Manila B,Manila,Retail,Night,Voice,Order Support,senior,2026-04,2715000,7.9,1719.0,0.858,381.91,61.03,92.97,4.59,0.84,0.073,0.105,0.5,0
2026-04-10,A016,Team Manila B,Manila,Retail,Day,Voice,Order Support,new,2026-04,2715000,7.9,1825.0,0.868,437.48,69.71,90.45,4.59,0.829,0.077,0.104,0.65,0
2026-04-10,A017,Team Manila B,Manila,Retail,Swing,Voice,Order Support,steady,2026-04,2715000,7.9,1932.0,0.838,405.72,64.75,91.89,4.59,0.835,0.065,0.101,0.2,0
2026-04-10,A018,Team Manila B,Manila,Retail,Night,Voice,Order Support,senior,2026-04,2715000,7.9,2038.0,0.848,381.91,61.03,92.97,4.59,0.84,0.069,0.099,0.35,0
2026-04-10,A019,Team Manila B,Manila,Retail,Day,Voice,Order Support,new,2026-04,2715000,7.9,1506.0,0.858,437.48,69.71,90.45,4.59,0.829,0.073,0.113,0.5,0
2026-04-10,A020,Team Manila B,Manila,Retail,Swing,Voice,Order Support,steady,2026-04,2715000,7.9,1613.0,0.868,405.72,64.75,91.89,4.59,0.835,0.077,0.11,0.65,0
2026-04-10,A021,Team Manila B,Manila,Retail,Night,Voice,Order Support,senior,2026-04,2715000,7.9,1719.0,0.838,381.91,61.03,92.97,4.59,0.84,0.065,0.093,0.2,0
2026-04-10,A022,Team Manila B,Manila,Retail,Day,Voice,Order Support,new,2026-04,2715000,7.9,1825.0,0.848,437.48,69.71,90.45,4.59,0.829,0.069,0.107,0.35,0
2026-04-10,A023,Team Manila B,Manila,Retail,Swing,Voice,Order Support,steady,2026-04,2715000,7.9,1932.0,0.858,405.72,64.75,91.89,4.59,0.835,0.073,0.104,0.5,0
2026-04-10,A024,Team Manila B,Manila,Retail,Night,Voice,Order Support,senior,2026-04,2715000,7.9,2038.0,0.868,381.91,61.03,92.97,4.59,0.84,0.077,0.102,0.65,0
2026-04-10,A025,Team Cebu C,Cebu,Travel,Day,Voice,Reservations,new,2026-04,2715000,7.9,1506.0,0.843,489.97,69.71,90.45,4.5,0.823,0.079,0.116,0.2,0
2026-04-10,A026,Team Cebu C,Cebu,Travel,Swing,Voice,Reservations,steady,2026-04,2715000,7.9,1613.0,0.853,454.33,64.75,91.89,4.5,0.829,0.083,0.098,0.35,0
2026-04-10,A027,Team Cebu C,Cebu,Travel,Night,Voice,Reservations,senior,2026-04,2715000,7.9,1719.0,0.863,427.6,61.03,92.97,4.5,0.834,0.087,0.096,0.5,0
2026-04-10,A028,Team Cebu C,Cebu,Travel,Day,Voice,Reservations,new,2026-04,2715000,7.9,1825.0,0.873,489.97,69.71,90.45,4.5,0.823,0.091,0.11,0.65,0
2026-04-10,A029,Team Cebu C,Cebu,Travel,Swing,Voice,Reservations,steady,2026-04,2715000,7.9,1932.0,0.843,454.33,64.75,91.89,4.5,0.829,0.079,0.107,0.2,0
2026-04-10,A030,Team Cebu C,Cebu,Travel,Night,Voice,Reservations,senior,2026-04,2715000,7.9,2038.0,0.853,427.6,61.03,92.97,4.5,0.834,0.083,0.105,0.35,0
2026-04-10,A031,Team Cebu C,Cebu,Travel,Day,Voice,Reservations,new,2026-04,2715000,7.9,1506.0,0.863,489.97,69.71,90.45,4.5,0.823,0.087,0.104,0.5,0
2026-04-10,A032,Team Cebu C,Cebu,Travel,Swing,Voice,Reservations,steady,2026-04,2715000,7.9,1613.0,0.873,454.33,64.75,91.89,4.5,0.829,0.091,0.101,0.65,0
2026-04-10,A033,Team Cebu C,Cebu,Travel,Night,Voice,Reservations,senior,2026-04,2715000,7.9,1719.0,0.843,427.6,61.03,92.97,4.5,0.834,0.079,0.099,0.2,0
2026-04-10,A034,Team Cebu C,Cebu,Travel,Day,Voice,Reservations,new,2026-04,2715000,7.9,1825.0,0.853,489.97,69.71,90.45,4.5,0.823,0.083,0.113,0.35,0
2026-04-10,A035,Team Cebu C,Cebu,Travel,Swing,Voice,Reservations,steady,2026-04,2715000,7.9,1932.0,0.863,454.33,64.75,91.89,4.5,0.829,0.087,0.11,0.5,0
2026-04-10,A036,Team Cebu C,Cebu,Travel,Night,Voice,Reservations,senior,2026-04,2715000,7.9,2038.0,0.873,427.6,61.03,92.97,4.5,0.834,0.091,0.093,0.65,0
2026-04-10,A037,Team Davao D,Davao,Healthcare,Day,Voice,Benefits,new,2026-04,2715000,7.9,1506.0,0.84,454.97,69.71,90.45,4.56,0.827,0.07,0.107,0.2,0
2026-04-10,A038,Team Davao D,Davao,Healthcare,Swing,Voice,Benefits,steady,2026-04,2715000,7.9,1613.0,0.85,421.93,64.75,91.89,4.56,0.833,0.074,0.104,0.35,0
2026-04-10,A039,Team Davao D,Davao,Healthcare,Night,Voice,Benefits,senior,2026-04,2715000,7.9,1719.0,0.86,397.14,61.03,92.97,4.56,0.838,0.078,0.102,0.5,0
2026-04-10,A040,Team Davao D,Davao,Healthcare,Day,Voice,Benefits,new,2026-04,2715000,7.9,1825.0,0.87,454.97,69.71,90.45,4.56,0.827,0.082,0.116,0.65,0
2026-04-10,A041,Team Davao D,Davao,Healthcare,Swing,Voice,Benefits,steady,2026-04,2715000,7.9,1932.0,0.84,421.93,64.75,91.89,4.56,0.833,0.07,0.098,0.2,0
2026-04-10,A042,Team Davao D,Davao,Healthcare,Night,Voice,Benefits,senior,2026-04,2715000,7.9,2038.0,0.85,397.14,61.03,92.97,4.56,0.838,0.074,0.096,0.35,0
2026-04-10,A043,Team Davao D,Davao,Healthcare,Day,Voice,Benefits,new,2026-04,2715000,7.9,1506.0,0.86,454.97,69.71,90.45,4.56,0.827,0.078,0.11,0.5,0
2026-04-10,A044,Team Davao D,Davao,Healthcare,Swing,Voice,Benefits,steady,2026-04,2715000,7.9,1613.0,0.87,421.93,64.75,91.89,4.56,0.833,0.082,0.107,0.65,0
2026-04-10,A045,Team Davao D,Davao,Healthcare,Night,Voice,Benefits,senior,2026-04,2715000,7.9,1719.0,0.84,397.14,61.03,92.97,4.56,0.838,0.07,0.105,0.2,0
2026-04-10,A046,Team Davao D,Davao,Healthcare,Day,Voice,Benefits,new,2026-04,2715000,7.9,1825.0,0.85,454.97,69.71,90.45,4.56,0.827,0.074,0.104,0.35,0
2026-04-10,A047,Team Davao D,Davao,Healthcare,Swing,Voice,Benefits,steady,2026-04,2715000,7.9,1932.0,0.86,421.93,64.75,91.89,4.56,0.833,0.078,0.101,0.5,0
2026-04-10,A048,Team Davao D,Davao,Healthcare,Night,Voice,Benefits,senior,2026-04,2715000,7.9,2038.0,0.87,397.14,61.03,92.97,4.56,0.838,0.082,0.099,0.65,0
2026-04-11,A001,Team Manila A,Manila,Telco,Day,Voice,Retention,new,2026-04,2715000,7.9,1154.0,0.841,477.47,70.91,90.63,4.54,0.825,0.074,0.104,0.2,0
2026-04-11,A002,Team Manila A,Manila,Telco,Swing,Voice,Retention,steady,2026-04,2715000,7.9,1235.0,0.851,443.12,65.95,92.07,4.54,0.831,0.078,0.101,0.35,0
2026-04-11,A003,Team Manila A,Manila,Telco,Night,Voice,Retention,senior,2026-04,2715000,7.9,1317.0,0.861,417.37,62.23,93.15,4.54,0.836,0.082,0.099,0.5,0
2026-04-11,A004,Team Manila A,Manila,Telco,Day,Voice,Retention,new,2026-04,2715000,7.9,1398.0,0.871,477.47,70.91,90.63,4.54,0.825,0.086,0.113,0.65,0
2026-04-11,A005,Team Manila A,Manila,Telco,Swing,Voice,Retention,steady,2026-04,2715000,7.9,1480.0,0.841,443.12,65.95,92.07,4.54,0.831,0.074,0.11,0.2,0
2026-04-11,A006,Team Manila A,Manila,Telco,Night,Voice,Retention,senior,2026-04,2715000,7.9,1561.0,0.851,417.37,62.23,93.15,4.54,0.836,0.078,0.093,0.35,0
2026-04-11,A007,Team Manila A,Manila,Telco,Day,Voice,Retention,new,2026-04,2715000,7.9,1154.0,0.861,477.47,70.91,90.63,4.54,0.825,0.082,0.107,0.5,0
2026-04-11,A008,Team Manila A,Manila,Telco,Swing,Voice,Retention,steady,2026-04,2715000,7.9,1235.0,0.871,443.12,65.95,92.07,4.54,0.831,0.086,0.104,0.65,0
2026-04-11,A009,Team Manila A,Manila,Telco,Night,Voice,Retention,senior,2026-04,2715000,7.9,1317.0,0.841,417.37,62.23,93.15,4.54,0.836,0.074,0.102,0.2,0
2026-04-11,A010,Team Manila A,Manila,Telco,Day,Voice,Retention,new,2026-04,2715000,7.9,1398.0,0.851,477.47,70.91,90.63,4.54,0.825,0.078,0.116,0.35,0
2026-04-11,A011,Team Manila A,Manila,Telco,Swing,Voice,Retention,steady,2026-04,2715000,7.9,1480.0,0.861,443.12,65.95,92.07,4.54,0.831,0.082,0.098,0.5,0
2026-04-11,A012,Team Manila A,Manila,Telco,Night,Voice,Retention,senior,2026-04,2715000,7.9,1561.0,0.871,417.37,62.23,93.15,4.54,0.836,0.086,0.096,0.65,0
2026-04-11,A013,Team Manila B,Manila,Retail,Day,Voice,Order Support,new,2026-04,2715000,7.9,1154.0,0.838,442.48,70.91,90.63,4.6,0.829,0.065,0.11,0.2,0
2026-04-11,A014,Team Manila B,Manila,Retail,Swing,Voice,Order Support,steady,2026-04,2715000,7.9,1235.0,0.848,410.72,65.95,92.07,4.6,0.835,0.069,0.107,0.35,0
2026-04-11,A015,Team Manila B,Manila,Retail,Night,Voice,Order Support,senior,2026-04,2715000,7.9,1317.0,0.858,386.91,62.23,93.15,4.6,0.84,0.073,0.105,0.5,0
2026-04-11,A016,Team Manila B,Manila,Retail,Day,Voice,Order Support,new,2026-04,2715000,7.9,1398.0,0.868,442.48,70.91,90.63,4.6,0.829,0.077,0.104,0.65,0
2026-04-11,A017,Team Manila B,Manila,Retail,Swing,Voice,Order Support,steady,2026-04,2715000,7.9,1480.0,0.838,410.72,65.95,92.07,4.6,0.835,0.065,0.101,0.2,0
2026-04-11,A018,Team Manila B,Manila,Retail,Night,Voice,Order Support,senior,2026-04,2715000,7.9,1561.0,0.848,386.91,62.23,93.15,4.6,0.84,0.069,0.099,0.35,0
2026-04-11,A019,Team Manila B,Manila,Retail,Day,Voice,Order Support,new,2026-04,2715000,7.9,1154.0,0.858,442.48,70.91,90.63,4.6,0.829,0.073,0.113,0.5,0
2026-04-11,A020,Team Manila B,Manila,Retail,Swing,Voice,Order Support,steady,2026-04,2715000,7.9,1235.0,0.868,410.72,65.95,92.07,4.6,0.835,0.077,0.11,0.65,0
2026-04-11,A021,Team Manila B,Manila,Retail,Night,Voice,Order Support,senior,2026-04,2715000,7.9,1317.0,0.838,386.91,62.23,93.15,4.6,0.84,0.065,0.093,0.2,0
2026-04-11,A022,Team Manila B,Manila,Retail,Day,Voice,Order Support,new,2026-04,2715000,7.9,1398.0,0.848,442.48,70.91,90.63,4.6,0.829,0.069,0.107,0.35,0
2026-04-11,A023,Team Manila B,Manila,Retail,Swing,Voice,Order Support,steady,2026-04,2715000,7.9,1480.0,0.858,410.72,65.95,92.07,4.6,0.835,0.073,0.104,0.5,0
2026-04-11,A024,Team Manila B,Manila,Retail,Night,Voice,Order Support,senior,2026-04,2715000,7.9,1561.0,0.868,386.91,62.23,93.15,4.6,0.84,0.077,0.102,0.65,0
2026-04-11,A025,Team Cebu C,Cebu,Travel,Day,Voice,Reservations,new,2026-04,2715000,7.9,1154.0,0.843,494.97,70.91,90.63,4.51,0.823,0.079,0.116,0.2,0
2026-04-11,A026,Team Cebu C,Cebu,Travel,Swing,Voice,Reservations,steady,2026-04,2715000,7.9,1235.0,0.853,459.33,65.95,92.07,4.51,0.829,0.083,0.098,0.35,0
2026-04-11,A027,Team Cebu C,Cebu,Travel,Night,Voice,Reservations,senior,2026-04,2715000,7.9,1317.0,0.863,432.6,62.23,93.15,4.51,0.834,0.087,0.096,0.5,0
2026-04-11,A028,Team Cebu C,Cebu,Travel,Day,Voice,Reservations,new,2026-04,2715000,7.9,1398.0,0.873,494.97,70.91,90.63,4.51,0.823,0.091,0.11,0.65,0
2026-04-11,A029,Team Cebu C,Cebu,Travel,Swing,Voice,Reservations,steady,2026-04,2715000,7.9,1480.0,0.843,459.33,65.95,92.07,4.51,0.829,0.079,0.107,0.2,0
2026-04-11,A030,Team Cebu C,Cebu,Travel,Night,Voice,Reservations,senior,2026-04,2715000,7.9,1561.0,0.853,432.6,62.23,93.15,4.51,0.834,0.083,0.105,0.35,0
2026-04-11,A031,Team Cebu C,Cebu,Travel,Day,Voice,Reservations,new,2026-04,2715000,7.9,1154.0,0.863,494.97,70.91,90.63,4.51,0.823,0.087,0.104,0.5,0
2026-04-11,A032,Team Cebu C,Cebu,Travel,Swing,Voice,Reservations,steady,2026-04,2715000,7.9,1235.0,0.873,459.33,65.95,92.07,4.51,0.829,0.091,0.101,0.65,0
2026-04-11,A033,Team Cebu C,Cebu,Travel,Night,Voice,Reservations,senior,2026-04,2715000,7.9,1317.0,0.843,432.6,62.23,93.15,4.51,0.834,0.079,0.099,0.2,1
2026-04-11,A034,Team Cebu C,Cebu,Travel,Day,Voice,Reservations,new,2026-04,2715000,7.9,1398.0,0.853,494.97,70.91,90.63,4.51,0.823,0.083,0.113,0.35,0
2026-04-11,A035,Team Cebu C,Cebu,Travel,Swing,Voice,Reservations,steady,2026-04,2715000,7.9,1480.0,0.863,459.33,65.95,92.07,4.51,0.829,0.087,0.11,0.5,0
2026-04-11,A036,Team Cebu C,Cebu,Travel,Night,Voice,Reservations,senior,2026-04,2715000,7.9,1561.0,0.873,432.6,62.23,93.15,4.51,0.834,0.091,0.093,0.65,0
2026-04-11,A037,Team Davao D,Davao,Healthcare,Day,Voice,Benefits,new,2026-04,2715000,7.9,1154.0,0.84,459.97,70.91,90.63,4.57,0.827,0.07,0.107,0.2,0
2026-04-11,A038,Team Davao D,Davao,Healthcare,Swing,Voice,Benefits,steady,2026-04,2715000,7.9,1235.0,0.85,426.93,65.95,92.07,4.57,0.833,0.074,0.104,0.35,0
2026-04-11,A039,Team Davao D,Davao,Healthcare,Night,Voice,Benefits,senior,2026-04,2715000,7.9,1317.0,0.86,402.14,62.23,93.15,4.57,0.838,0.078,0.102,0.5,0
2026-04-11,A040,Team Davao D,Davao,Healthcare,Day,Voice,Benefits,new,2026-04,2715000,7.9,1398.0,0.87,459.97,70.91,90.63,4.57,0.827,0.082,0.116,0.65,0
2026-04-11,A041,Team Davao D,Davao,Healthcare,Swing,Voice,Benefits,steady,2026-04,2715000,7.9,1480.0,0.84,426.93,65.95,92.07,4.57,0.833,0.07,0.098,0.2,0
2026-04-11,A042,Team Davao D,Davao,Healthcare,Night,Voice,Benefits,senior,2026-04,2715000,7.9,1561.0,0.85,402.14,62.23,93.15,4.57,0.838,0.074,0.096,0.35,0
2026-04-11,A043,Team Davao D,Davao,Healthcare,Day,Voice,Benefits,new,2026-04,2715000,7.9,1154.0,0.86,459.97,70.91,90.63,4.57,0.827,0.078,0.11,0.5,0
2026-04-11,A044,Team Davao D,Davao,Healthcare,Swing,Voice,Benefits,steady,2026-04,2715000,7.9,1235.0,0.87,426.93,65.95,92.07,4.57,0.833,0.082,0.107,0.65,0
2026-04-11,A045,Team Davao D,Davao,Healthcare,Night,Voice,Benefits,senior,2026-04,2715000,7.9,1317.0,0.84,402.14,62.23,93.15,4.57,0.838,0.07,0.105,0.2,0
2026-04-11,A046,Team Davao D,Davao,Healthcare,Day,Voice,Benefits,new,2026-04,2715000,7.9,1398.0,0.85,459.97,70.91,90.63,4.57,0.827,0.074,0.104,0.35,0
2026-04-11,A047,Team Davao D,Davao,Healthcare,Swing,Voice,Benefits,steady,2026-04,2715000,7.9,1480.0,0.86,426.93,65.95,92.07,4.57,0.833,0.078,0.101,0.5,0
2026-04-11,A048,Team Davao D,Davao,Healthcare,Night,Voice,Benefits,senior,2026-04,2715000,7.9,1561.0,0.87,402.14,62.23,93.15,4.57,0.838,0.082,0.099,0.65,0
2026-04-12,A001,Team Manila A,Manila,Telco,Day,Voice,Retention,new,2026-04,2715000,7.9,1058.0,0.841,482.47,72.11,90.45,4.53,0.825,0.074,0.104,0.28,0
2026-04-12,A002,Team Manila A,Manila,Telco,Swing,Voice,Retention,steady,2026-04,2715000,7.9,1132.0,0.851,448.12,67.15,91.89,4.53,0.831,0.078,0.101,0.43,0
2026-04-12,A003,Team Manila A,Manila,Telco,Night,Voice,Retention,senior,2026-04,2715000,7.9,1207.0,0.861,422.37,63.43,92.97,4.53,0.836,0.082,0.099,0.58,0
2026-04-12,A004,Team Manila A,Manila,Telco,Day,Voice,Retention,new,2026-04,2715000,7.9,1282.0,0.871,482.47,72.11,90.45,4.53,0.825,0.086,0.113,0.73,0
2026-04-12,A005,Team Manila A,Manila,Telco,Swing,Voice,Retention,steady,2026-04,2715000,7.9,1356.0,0.841,448.12,67.15,91.89,4.53,0.831,0.074,0.11,0.28,0
2026-04-12,A006,Team Manila A,Manila,Telco,Night,Voice,Retention,senior,2026-04,2715000,7.9,1431.0,0.851,422.37,63.43,92.97,4.53,0.836,0.078,0.093,0.43,0
2026-04-12,A007,Team Manila A,Manila,Telco,Day,Voice,Retention,new,2026-04,2715000,7.9,1058.0,0.861,482.47,72.11,90.45,4.53,0.825,0.082,0.107,0.58,0
2026-04-12,A008,Team Manila A,Manila,Telco,Swing,Voice,Retention,steady,2026-04,2715000,7.9,1132.0,0.871,448.12,67.15,91.89,4.53,0.831,0.086,0.104,0.73,0
2026-04-12,A009,Team Manila A,Manila,Telco,Night,Voice,Retention,senior,2026-04,2715000,7.9,1207.0,0.841,422.37,63.43,92.97,4.53,0.836,0.074,0.102,0.28,0
2026-04-12,A010,Team Manila A,Manila,Telco,Day,Voice,Retention,new,2026-04,2715000,7.9,1282.0,0.851,482.47,72.11,90.45,4.53,0.825,0.078,0.116,0.43,0
2026-04-12,A011,Team Manila A,Manila,Telco,Swing,Voice,Retention,steady,2026-04,2715000,7.9,1356.0,0.861,448.12,67.15,91.89,4.53,0.831,0.082,0.098,0.58,0
2026-04-12,A012,Team Manila A,Manila,Telco,Night,Voice,Retention,senior,2026-04,2715000,7.9,1431.0,0.871,422.37,63.43,92.97,4.53,0.836,0.086,0.096,0.73,0
2026-04-12,A013,Team Manila B,Manila,Retail,Day,Voice,Order Support,new,2026-04,2715000,7.9,1058.0,0.838,447.48,72.11,90.45,4.59,0.829,0.065,0.11,0.28,0
2026-04-12,A014,Team Manila B,Manila,Retail,Swing,Voice,Order Support,steady,2026-04,2715000,7.9,1132.0,0.848,415.72,67.15,91.89,4.59,0.835,0.069,0.107,0.43,0
2026-04-12,A015,Team Manila B,Manila,Retail,Night,Voice,Order Support,senior,2026-04,2715000,7.9,1207.0,0.858,391.91,63.43,92.97,4.59,0.84,0.073,0.105,0.58,1
2026-04-12,A016,Team Manila B,Manila,Retail,Day,Voice,Order Support,new,2026-04,2715000,7.9,1282.0,0.868,447.48,72.11,90.45,4.59,0.829,0.077,0.104,0.73,0
2026-04-12,A017,Team Manila B,Manila,Retail,Swing,Voice,Order Support,steady,2026-04,2715000,7.9,1356.0,0.838,415.72,67.15,91.89,4.59,0.835,0.065,0.101,0.28,0
2026-04-12,A018,Team Manila B,Manila,Retail,Night,Voice,Order Support,senior,2026-04,2715000,7.9,1431.0,0.848,391.91,63.43,92.97,4.59,0.84,0.069,0.099,0.43,0
2026-04-12,A019,Team Manila B,Manila,Retail,Day,Voice,Order Support,new,2026-04,2715000,7.9,1058.0,0.858,447.48,72.11,90.45,4.59,0.829,0.073,0.113,0.58,0
2026-04-12,A020,Team Manila B,Manila,Retail,Swing,Voice,Order Support,steady,2026-04,2715000,7.9,1132.0,0.868,415.72,67.15,91.89,4.59,0.835,0.077,0.11,0.73,0
2026-04-12,A021,Team Manila B,Manila,Retail,Night,Voice,Order Support,senior,2026-04,2715000,7.9,1207.0,0.838,391.91,63.43,92.97,4.59,0.84,0.065,0.093,0.28,0
2026-04-12,A022,Team Manila B,Manila,Retail,Day,Voice,Order Support,new,2026-04,2715000,7.9,1282.0,0.848,447.48,72.11,90.45,4.59,0.829,0.069,0.107,0.43,0
2026-04-12,A023,Team Manila B,Manila,Retail,Swing,Voice,Order Support,steady,2026-04,2715000,7.9,1356.0,0.858,415.72,67.15,91.89,4.59,0.835,0.073,0.104,0.58,0
2026-04-12,A024,Team Manila B,Manila,Retail,Night,Voice,Order Support,senior,2026-04,2715000,7.9,1431.0,0.868,391.91,63.43,92.97,4.59,0.84,0.077,0.102,0.73,0
2026-04-12,A025,Team Cebu C,Cebu,Travel,Day,Voice,Reservations,new,2026-04,2715000,7.9,1058.0,0.843,499.97,72.11,90.45,4.5,0.823,0.079,0.116,0.28,0
2026-04-12,A026,Team Cebu C,Cebu,Travel,Swing,Voice,Reservations,steady,2026-04,2715000,7.9,1132.0,0.853,464.33,67.15,91.89,4.5,0.829,0.083,0.098,0.43,0
2026-04-12,A027,Team Cebu C,Cebu,Travel,Night,Voice,Reservations,senior,2026-04,2715000,7.9,1207.0,0.863,437.6,63.43,92.97,4.5,0.834,0.087,0.096,0.58,0
2026-04-12,A028,Team Cebu C,Cebu,Travel,Day,Voice,Reservations,new,2026-04,2715000,7.9,1282.0,0.873,499.97,72.11,90.45,4.5,0.823,0.091,0.11,0.73,0
2026-04-12,A029,Team Cebu C,Cebu,Travel,Swing,Voice,Reservations,steady,2026-04,2715000,7.9,1356.0,0.843,464.33,67.15,91.89,4.5,0.829,0.079,0.107,0.28,0
2026-04-12,A030,Team Cebu C,Cebu,Travel,Night,Voice,Reservations,senior,2026-04,2715000,7.9,1431.0,0.853,437.6,63.43,92.97,4.5,0.834,0.083,0.105,0.43,0
2026-04-12,A031,Team Cebu C,Cebu,Travel,Day,Voice,Reservations,new,2026-04,2715000,7.9,1058.0,0.863,499.97,72.11,90.45,4.5,0.823,0.087,0.104,0.58,0
2026-04-12,A032,Team Cebu C,Cebu,Travel,Swing,Voice,Reservations,steady,2026-04,2715000,7.9,1132.0,0.873,464.33,67.15,91.89,4.5,0.829,0.091,0.101,0.73,0
2026-04-12,A033,Team Cebu C,Cebu,Travel,Night,Voice,Reservations,senior,2026-04,2715000,7.9,1207.0,0.843,437.6,63.43,92.97,4.5,0.834,0.079,0.099,0.28,0
2026-04-12,A034,Team Cebu C,Cebu,Travel,Day,Voice,Reservations,new,2026-04,2715000,7.9,1282.0,0.853,499.97,72.11,90.45,4.5,0.823,0.083,0.113,0.43,0
2026-04-12,A035,Team Cebu C,Cebu,Travel,Swing,Voice,Reservations,steady,2026-04,2715000,7.9,1356.0,0.863,464.33,67.15,91.89,4.5,0.829,0.087,0.11,0.58,0
2026-04-12,A036,Team Cebu C,Cebu,Travel,Night,Voice,Reservations,senior,2026-04,2715000,7.9,1431.0,0.873,437.6,63.43,92.97,4.5,0.834,0.091,0.093,0.73,0
2026-04-12,A037,Team Davao D,Davao,Healthcare,Day,Voice,Benefits,new,2026-04,2715000,7.9,1058.0,0.84,464.97,72.11,90.45,4.56,0.827,0.07,0.107,0.28,0
2026-04-12,A038,Team Davao D,Davao,Healthcare,Swing,Voice,Benefits,steady,2026-04,2715000,7.9,1132.0,0.85,431.93,67.15,91.89,4.56,0.833,0.074,0.104,0.43,0
2026-04-12,A039,Team Davao D,Davao,Healthcare,Night,Voice,Benefits,senior,2026-04,2715000,7.9,1207.0,0.86,407.14,63.43,92.97,4.56,0.838,0.078,0.102,0.58,0
2026-04-12,A040,Team Davao D,Davao,Healthcare,Day,Voice,Benefits,new,2026-04,2715000,7.9,1282.0,0.87,464.97,72.11,90.45,4.56,0.827,0.082,0.116,0.73,0
2026-04-12,A041,Team Davao D,Davao,Healthcare,Swing,Voice,Benefits,steady,2026-04,2715000,7.9,1356.0,0.84,431.93,67.15,91.89,4.56,0.833,0.07,0.098,0.28,0
2026-04-12,A042,Team Davao D,Davao,Healthcare,Night,Voice,Benefits,senior,2026-04,2715000,7.9,1431.0,0.85,407.14,63.43,92.97,4.56,0.838,0.074,0.096,0.43,0
2026-04-12,A043,Team Davao D,Davao,Healthcare,Day,Voice,Benefits,new,2026-04,2715000,7.9,1058.0,0.86,464.97,72.11,90.45,4.56,0.827,0.078,0.11,0.58,0
2026-04-12,A044,Team Davao D,Davao,Healthcare,Swing,Voice,Benefits,steady,2026-04,2715000,7.9,1132.0,0.87,431.93,67.15,91.89,4.56,0.833,0.082,0.107,0.73,0
2026-04-12,A045,Team Davao D,Davao,Healthcare,Night,Voice,Benefits,senior,2026-04,2715000,7.9,1207.0,0.84,407.14,63.43,92.97,4.56,0.838,0.07,0.105,0.28,0
2026-04-12,A046,Team Davao D,Davao,Healthcare,Day,Voice,Benefits,new,2026-04,2715000,7.9,1282.0,0.85,464.97,72.11,90.45,4.56,0.827,0.074,0.104,0.43,0
2026-04-12,A047,Team Davao D,Davao,Healthcare,Swing,Voice,Benefits,steady,2026-04,2715000,7.9,1356.0,0.86,431.93,67.15,91.89,4.56,0.833,0.078,0.101,0.58,0
2026-04-12,A048,Team Davao D,Davao,Healthcare,Night,Voice,Benefits,senior,2026-04,2715000,7.9,1431.0,0.87,407.14,63.43,92.97,4.56,0.838,0.082,0.099,0.73,0
2026-04-13,A001,Team Manila A,Manila,Telco,Day,Voice,Retention,new,2026-04,2715000,7.9,1731.0,0.841,487.47,73.31,90.27,4.52,0.825,0.074,0.104,0.36,0
2026-04-13,A002,Team Manila A,Manila,Telco,Swing,Voice,Retention,steady,2026-04,2715000,7.9,1853.0,0.851,453.12,68.35,91.71,4.52,0.831,0.078,0.101,0.51,0
2026-04-13,A003,Team Manila A,Manila,Telco,Night,Voice,Retention,senior,2026-04,2715000,7.9,1975.0,0.861,427.37,64.63,92.79,4.52,0.836,0.082,0.099,0.66,0
2026-04-13,A004,Team Manila A,Manila,Telco,Day,Voice,Retention,new,2026-04,2715000,7.9,2097.0,0.871,487.47,73.31,90.27,4.52,0.825,0.086,0.113,0.81,0
2026-04-13,A005,Team Manila A,Manila,Telco,Swing,Voice,Retention,steady,2026-04,2715000,7.9,2220.0,0.841,453.12,68.35,91.71,4.52,0.831,0.074,0.11,0.36,0
2026-04-13,A006,Team Manila A,Manila,Telco,Night,Voice,Retention,senior,2026-04,2715000,7.9,2342.0,0.851,427.37,64.63,92.79,4.52,0.836,0.078,0.093,0.51,0
2026-04-13,A007,Team Manila A,Manila,Telco,Day,Voice,Retention,new,2026-04,2715000,7.9,1731.0,0.861,487.47,73.31,90.27,4.52,0.825,0.082,0.107,0.66,0
2026-04-13,A008,Team Manila A,Manila,Telco,Swing,Voice,Retention,steady,2026-04,2715000,7.9,1853.0,0.871,453.12,68.35,91.71,4.52,0.831,0.086,0.104,0.81,0
2026-04-13,A009,Team Manila A,Manila,Telco,Night,Voice,Retention,senior,2026-04,2715000,7.9,1975.0,0.841,427.37,64.63,92.79,4.52,0.836,0.074,0.102,0.36,0
2026-04-13,A010,Team Manila A,Manila,Telco,Day,Voice,Retention,new,2026-04,2715000,7.9,2097.0,0.851,487.47,73.31,90.27,4.52,0.825,0.078,0.116,0.51,0
2026-04-13,A011,Team Manila A,Manila,Telco,Swing,Voice,Retention,steady,2026-04,2715000,7.9,2220.0,0.861,453.12,68.35,91.71,4.52,0.831,0.082,0.098,0.66,0
2026-04-13,A012,Team Manila A,Manila,Telco,Night,Voice,Retention,senior,2026-04,2715000,7.9,2342.0,0.871,427.37,64.63,92.79,4.52,0.836,0.086,0.096,0.81,0
2026-04-13,A013,Team Manila B,Manila,Retail,Day,Voice,Order Support,new,2026-04,2715000,7.9,1731.0,0.838,452.48,73.31,90.27,4.58,0.829,0.065,0.11,0.36,0
2026-04-13,A014,Team Manila B,Manila,Retail,Swing,Voice,Order Support,steady,2026-04,2715000,7.9,1853.0,0.848,420.72,68.35,91.71,4.58,0.835,0.069,0.107,0.51,0
2026-04-13,A015,Team Manila B,Manila,Retail,Night,Voice,Order Support,senior,2026-04,2715000,7.9,1975.0,0.858,396.91,64.63,92.79,4.58,0.84,0.073,0.105,0.66,0
2026-04-13,A016,Team Manila B,Manila,Retail,Day,Voice,Order Support,new,2026-04,2715000,7.9,2097.0,0.868,452.48,73.31,90.27,4.58,0.829,0.077,0.104,0.81,0
2026-04-13,A017,Team Manila B,Manila,Retail,Swing,Voice,Order Support,steady,2026-04,2715000,7.9,2220.0,0.838,420.72,68.35,91.71,4.58,0.835,0.065,0.101,0.36,0
2026-04-13,A018,Team Manila B,Manila,Retail,Night,Voice,Order Support,senior,2026-04,2715000,7.9,2342.0,0.848,396.91,64.63,92.79,4.58,0.84,0.069,0.099,0.51,0
2026-04-13,A019,Team Manila B,Manila,Retail,Day,Voice,Order Support,new,2026-04,2715000,7.9,1731.0,0.858,452.48,73.31,90.27,4.58,0.829,0.073,0.113,0.66,0
2026-04-13,A020,Team Manila B,Manila,Retail,Swing,Voice,Order Support,steady,2026-04,2715000,7.9,1853.0,0.868,420.72,68.35,91.71,4.58,0.835,0.077,0.11,0.81,0
2026-04-13,A021,Team Manila B,Manila,Retail,Night,Voice,Order Support,senior,2026-04,2715000,7.9,1975.0,0.838,396.91,64.63,92.79,4.58,0.84,0.065,0.093,0.36,0
2026-04-13,A022,Team Manila B,Manila,Retail,Day,Voice,Order Support,new,2026-04,2715000,7.9,2097.0,0.848,452.48,73.31,90.27,4.58,0.829,0.069,0.107,0.51,0
2026-04-13,A023,Team Manila B,Manila,Retail,Swing,Voice,Order Support,steady,2026-04,2715000,7.9,2220.0,0.858,420.72,68.35,91.71,4.58,0.835,0.073,0.104,0.66,0
2026-04-13,A024,Team Manila B,Manila,Retail,Night,Voice,Order Support,senior,2026-04,2715000,7.9,2342.0,0.868,396.91,64.63,92.79,4.58,0.84,0.077,0.102,0.81,0
2026-04-13,A025,Team Cebu C,Cebu,Travel,Day,Voice,Reservations,new,2026-04,2715000,7.9,1731.0,0.843,504.97,73.31,90.27,4.49,0.823,0.079,0.116,0.36,0
2026-04-13,A026,Team Cebu C,Cebu,Travel,Swing,Voice,Reservations,steady,2026-04,2715000,7.9,1853.0,0.853,469.33,68.35,91.71,4.49,0.829,0.083,0.098,0.51,0
2026-04-13,A027,Team Cebu C,Cebu,Travel,Night,Voice,Reservations,senior,2026-04,2715000,7.9,1975.0,0.863,442.6,64.63,92.79,4.49,0.834,0.087,0.096,0.66,0
2026-04-13,A028,Team Cebu C,Cebu,Travel,Day,Voice,Reservations,new,2026-04,2715000,7.9,2097.0,0.873,504.97,73.31,90.27,4.49,0.823,0.091,0.11,0.81,0
2026-04-13,A029,Team Cebu C,Cebu,Travel,Swing,Voice,Reservations,steady,2026-04,2715000,7.9,2220.0,0.843,469.33,68.35,91.71,4.49,0.829,0.079,0.107,0.36,0
2026-04-13,A030,Team Cebu C,Cebu,Travel,Night,Voice,Reservations,senior,2026-04,2715000,7.9,2342.0,0.853,442.6,64.63,92.79,4.49,0.834,0.083,0.105,0.51,0
2026-04-13,A031,Team Cebu C,Cebu,Travel,Day,Voice,Reservations,new,2026-04,2715000,7.9,1731.0,0.863,504.97,73.31,90.27,4.49,0.823,0.087,0.104,0.66,0
2026-04-13,A032,Team Cebu C,Cebu,Travel,Swing,Voice,Reservations,steady,2026-04,2715000,7.9,1853.0,0.873,469.33,68.35,91.71,4.49,0.829,0.091,0.101,0.81,0
2026-04-13,A033,Team Cebu C,Cebu,Travel,Night,Voice,Reservations,senior,2026-04,2715000,7.9,1975.0,0.843,442.6,64.63,92.79,4.49,0.834,0.079,0.099,0.36,0
2026-04-13,A034,Team Cebu C,Cebu,Travel,Day,Voice,Reservations,new,2026-04,2715000,7.9,2097.0,0.853,504.97,73.31,90.27,4.49,0.823,0.083,0.113,0.51,0
2026-04-13,A035,Team Cebu C,Cebu,Travel,Swing,Voice,Reservations,steady,2026-04,2715000,7.9,2220.0,0.863,469.33,68.35,91.71,4.49,0.829,0.087,0.11,0.66,0
2026-04-13,A036,Team Cebu C,Cebu,Travel,Night,Voice,Reservations,senior,2026-04,2715000,7.9,2342.0,0.873,442.6,64.63,92.79,4.49,0.834,0.091,0.093,0.81,0
2026-04-13,A037,Team Davao D,Davao,Healthcare,Day,Voice,Benefits,new,2026-04,2715000,7.9,1731.0,0.84,469.97,73.31,90.27,4.55,0.827,0.07,0.107,0.36,0
2026-04-13,A038,Team Davao D,Davao,Healthcare,Swing,Voice,Benefits,steady,2026-04,2715000,7.9,1853.0,0.85,436.93,68.35,91.71,4.55,0.833,0.074,0.104,0.51,0
2026-04-13,A039,Team Davao D,Davao,Healthcare,Night,Voice,Benefits,senior,2026-04,2715000,7.9,1975.0,0.86,412.14,64.63,92.79,4.55,0.838,0.078,0.102,0.66,0
2026-04-13,A040,Team Davao D,Davao,Healthcare,Day,Voice,Benefits,new,2026-04,2715000,7.9,2097.0,0.87,469.97,73.31,90.27,4.55,0.827,0.082,0.116,0.81,0
2026-04-13,A041,Team Davao D,Davao,Healthcare,Swing,Voice,Benefits,steady,2026-04,2715000,7.9,2220.0,0.84,436.93,68.35,91.71,4.55,0.833,0.07,0.098,0.36,0
2026-04-13,A042,Team Davao D,Davao,Healthcare,Night,Voice,Benefits,senior,2026-04,2715000,7.9,2342.0,0.85,412.14,64.63,92.79,4.55,0.838,0.074,0.096,0.51,0
2026-04-13,A043,Team Davao D,Davao,Healthcare,Day,Voice,Benefits,new,2026-04,2715000,7.9,1731.0,0.86,469.97,73.31,90.27,4.55,0.827,0.078,0.11,0.66,0
2026-04-13,A044,Team Davao D,Davao,Healthcare,Swing,Voice,Benefits,steady,2026-04,2715000,7.9,1853.0,0.87,436.93,68.35,91.71,4.55,0.833,0.082,0.107,0.81,0
2026-04-13,A045,Team Davao D,Davao,Healthcare,Night,Voice,Benefits,senior,2026-04,2715000,7.9,1975.0,0.84,412.14,64.63,92.79,4.55,0.838,0.07,0.105,0.36,0
2026-04-13,A046,Team Davao D,Davao,Healthcare,Day,Voice,Benefits,new,2026-04,2715000,7.9,2097.0,0.85,469.97,73.31,90.27,4.55,0.827,0.074,0.104,0.51,0
2026-04-13,A047,Team Davao D,Davao,Healthcare,Swing,Voice,Benefits,steady,2026-04,2715000,7.9,2220.0,0.86,436.93,68.35,91.71,4.55,0.833,0.078,0.101,0.66,0
2026-04-13,A048,Team Davao D,Davao,Healthcare,Night,Voice,Benefits,senior,2026-04,2715000,7.9,2342.0,0.87,412.14,64.63,92.79,4.55,0.838,0.082,0.099,0.81,0
2026-04-14,A001,Team Manila A,Manila,Telco,Day,Voice,Retention,new,2026-04,2715000,7.9,1667.0,0.841,492.47,74.51,90.09,4.51,0.825,0.074,0.104,0.44,0
2026-04-14,A002,Team Manila A,Manila,Telco,Swing,Voice,Retention,steady,2026-04,2715000,7.9,1784.0,0.851,458.12,69.55,91.53,4.51,0.831,0.078,0.101,0.59,0
2026-04-14,A003,Team Manila A,Manila,Telco,Night,Voice,Retention,senior,2026-04,2715000,7.9,1902.0,0.861,432.37,65.83,92.61,4.51,0.836,0.082,0.099,0.74,0
2026-04-14,A004,Team Manila A,Manila,Telco,Day,Voice,Retention,new,2026-04,2715000,7.9,2020.0,0.871,492.47,74.51,90.09,4.51,0.825,0.086,0.113,0.89,0
2026-04-14,A005,Team Manila A,Manila,Telco,Swing,Voice,Retention,steady,2026-04,2715000,7.9,2137.0,0.841,458.12,69.55,91.53,4.51,0.831,0.074,0.11,0.44,0
2026-04-14,A006,Team Manila A,Manila,Telco,Night,Voice,Retention,senior,2026-04,2715000,7.9,2255.0,0.851,432.37,65.83,92.61,4.51,0.836,0.078,0.093,0.59,0
2026-04-14,A007,Team Manila A,Manila,Telco,Day,Voice,Retention,new,2026-04,2715000,7.9,1667.0,0.861,492.47,74.51,90.09,4.51,0.825,0.082,0.107,0.74,0
2026-04-14,A008,Team Manila A,Manila,Telco,Swing,Voice,Retention,steady,2026-04,2715000,7.9,1784.0,0.871,458.12,69.55,91.53,4.51,0.831,0.086,0.104,0.89,0
2026-04-14,A009,Team Manila A,Manila,Telco,Night,Voice,Retention,senior,2026-04,2715000,7.9,1902.0,0.841,432.37,65.83,92.61,4.51,0.836,0.074,0.102,0.44,0
2026-04-14,A010,Team Manila A,Manila,Telco,Day,Voice,Retention,new,2026-04,2715000,7.9,2020.0,0.851,492.47,74.51,90.09,4.51,0.825,0.078,0.116,0.59,0
2026-04-14,A011,Team Manila A,Manila,Telco,Swing,Voice,Retention,steady,2026-04,2715000,7.9,2137.0,0.861,458.12,69.55,91.53,4.51,0.831,0.082,0.098,0.74,0
2026-04-14,A012,Team Manila A,Manila,Telco,Night,Voice,Retention,senior,2026-04,2715000,7.9,2255.0,0.871,432.37,65.83,92.61,4.51,0.836,0.086,0.096,0.89,0
2026-04-14,A013,Team Manila B,Manila,Retail,Day,Voice,Order Support,new,2026-04,2715000,7.9,1667.0,0.838,457.48,74.51,90.09,4.57,0.829,0.065,0.11,0.44,0
2026-04-14,A014,Team Manila B,Manila,Retail,Swing,Voice,Order Support,steady,2026-04,2715000,7.9,1784.0,0.848,425.72,69.55,91.53,4.57,0.835,0.069,0.107,0.59,0
2026-04-14,A015,Team Manila B,Manila,Retail,Night,Voice,Order Support,senior,2026-04,2715000,7.9,1902.0,0.858,401.91,65.83,92.61,4.57,0.84,0.073,0.105,0.74,0
2026-04-14,A016,Team Manila B,Manila,Retail,Day,Voice,Order Support,new,2026-04,2715000,7.9,2020.0,0.868,457.48,74.51,90.09,4.57,0.829,0.077,0.104,0.89,0
2026-04-14,A017,Team Manila B,Manila,Retail,Swing,Voice,Order Support,steady,2026-04,2715000,7.9,2137.0,0.838,425.72,69.55,91.53,4.57,0.835,0.065,0.101,0.44,0
2026-04-14,A018,Team Manila B,Manila,Retail,Night,Voice,Order Support,senior,2026-04,2715000,7.9,2255.0,0.848,401.91,65.83,92.61,4.57,0.84,0.069,0.099,0.59,0
2026-04-14,A019,Team Manila B,Manila,Retail,Day,Voice,Order Support,new,2026-04,2715000,7.9,1667.0,0.858,457.48,74.51,90.09,4.57,0.829,0.073,0.113,0.74,0
2026-04-14,A020,Team Manila B,Manila,Retail,Swing,Voice,Order Support,steady,2026-04,2715000,7.9,1784.0,0.868,425.72,69.55,91.53,4.57,0.835,0.077,0.11,0.89,0
2026-04-14,A021,Team Manila B,Manila,Retail,Night,Voice,Order Support,senior,2026-04,2715000,7.9,1902.0,0.838,401.91,65.83,92.61,4.57,0.84,0.065,0.093,0.44,0
2026-04-14,A022,Team Manila B,Manila,Retail,Day,Voice,Order Support,new,2026-04,2715000,7.9,2020.0,0.848,457.48,74.51,90.09,4.57,0.829,0.069,0.107,0.59,0
2026-04-14,A023,Team Manila B,Manila,Retail,Swing,Voice,Order Support,steady,2026-04,2715000,7.9,2137.0,0.858,425.72,69.55,91.53,4.57,0.835,0.073,0.104,0.74,0
2026-04-14,A024,Team Manila B,Manila,Retail,Night,Voice,Order Support,senior,2026-04,2715000,7.9,2255.0,0.868,401.91,65.83,92.61,4.57,0.84,0.077,0.102,0.89,0
2026-04-14,A025,Team Cebu C,Cebu,Travel,Day,Voice,Reservations,new,2026-04,2715000,7.9,1667.0,0.843,509.97,74.51,90.09,4.48,0.823,0.079,0.116,0.44,0
2026-04-14,A026,Team Cebu C,Cebu,Travel,Swing,Voice,Reservations,steady,2026-04,2715000,7.9,1784.0,0.853,474.33,69.55,91.53,4.48,0.829,0.083,0.098,0.59,0
2026-04-14,A027,Team Cebu C,Cebu,Travel,Night,Voice,Reservations,senior,2026-04,2715000,7.9,1902.0,0.863,447.6,65.83,92.61,4.48,0.834,0.087,0.096,0.74,0
2026-04-14,A028,Team Cebu C,Cebu,Travel,Day,Voice,Reservations,new,2026-04,2715000,7.9,2020.0,0.873,509.97,74.51,90.09,4.48,0.823,0.091,0.11,0.89,0
2026-04-14,A029,Team Cebu C,Cebu,Travel,Swing,Voice,Reservations,steady,2026-04,2715000,7.9,2137.0,0.843,474.33,69.55,91.53,4.48,0.829,0.079,0.107,0.44,0
2026-04-14,A030,Team Cebu C,Cebu,Travel,Night,Voice,Reservations,senior,2026-04,2715000,7.9,2255.0,0.853,447.6,65.83,92.61,4.48,0.834,0.083,0.105,0.59,0
2026-04-14,A031,Team Cebu C,Cebu,Travel,Day,Voice,Reservations,new,2026-04,2715000,7.9,1667.0,0.863,509.97,74.51,90.09,4.48,0.823,0.087,0.104,0.74,0
2026-04-14,A032,Team Cebu C,Cebu,Travel,Swing,Voice,Reservations,steady,2026-04,2715000,7.9,1784.0,0.873,474.33,69.55,91.53,4.48,0.829,0.091,0.101,0.89,1
2026-04-14,A033,Team Cebu C,Cebu,Travel,Night,Voice,Reservations,senior,2026-04,2715000,7.9,1902.0,0.843,447.6,65.83,92.61,4.48,0.834,0.079,0.099,0.44,0
2026-04-14,A034,Team Cebu C,Cebu,Travel,Day,Voice,Reservations,new,2026-04,2715000,7.9,2020.0,0.853,509.97,74.51,90.09,4.48,0.823,0.083,0.113,0.59,0
2026-04-14,A035,Team Cebu C,Cebu,Travel,Swing,Voice,Reservations,steady,2026-04,2715000,7.9,2137.0,0.863,474.33,69.55,91.53,4.48,0.829,0.087,0.11,0.74,0
2026-04-14,A036,Team Cebu C,Cebu,Travel,Night,Voice,Reservations,senior,2026-04,2715000,7.9,2255.0,0.873,447.6,65.83,92.61,4.48,0.834,0.091,0.093,0.89,0
2026-04-14,A037,Team Davao D,Davao,Healthcare,Day,Voice,Benefits,new,2026-04,2715000,7.9,1667.0,0.84,474.97,74.51,90.09,4.54,0.827,0.07,0.107,0.44,0
2026-04-14,A038,Team Davao D,Davao,Healthcare,Swing,Voice,Benefits,steady,2026-04,2715000,7.9,1784.0,0.85,441.93,69.55,91.53,4.54,0.833,0.074,0.104,0.59,0
2026-04-14,A039,Team Davao D,Davao,Healthcare,Night,Voice,Benefits,senior,2026-04,2715000,7.9,1902.0,0.86,417.14,65.83,92.61,4.54,0.838,0.078,0.102,0.74,0
2026-04-14,A040,Team Davao D,Davao,Healthcare,Day,Voice,Benefits,new,2026-04,2715000,7.9,2020.0,0.87,474.97,74.51,90.09,4.54,0.827,0.082,0.116,0.89,0
2026-04-14,A041,Team Davao D,Davao,Healthcare,Swing,Voice,Benefits,steady,2026-04,2715000,7.9,2137.0,0.84,441.93,69.55,91.53,4.54,0.833,0.07,0.098,0.44,0
2026-04-14,A042,Team Davao D,Davao,Healthcare,Night,Voice,Benefits,senior,2026-04,2715000,7.9,2255.0,0.85,417.14,65.83,92.61,4.54,0.838,0.074,0.096,0.59,0
2026-04-14,A043,Team Davao D,Davao,Healthcare,Day,Voice,Benefits,new,2026-04,2715000,7.9,1667.0,0.86,474.97,74.51,90.09,4.54,0.827,0.078,0.11,0.74,0
2026-04-14,A044,Team Davao D,Davao,Healthcare,Swing,Voice,Benefits,steady,2026-04,2715000,7.9,1784.0,0.87,441.93,69.55,91.53,4.54,0.833,0.082,0.107,0.89,0
2026-04-14,A045,Team Davao D,Davao,Healthcare,Night,Voice,Benefits,senior,2026-04,2715000,7.9,1902.0,0.84,417.14,65.83,92.61,4.54,0.838,0.07,0.105,0.44,0
2026-04-14,A046,Team Davao D,Davao,Healthcare,Day,Voice,Benefits,new,2026-04,2715000,7.9,2020.0,0.85,474.97,74.51,90.09,4.54,0.827,0.074,0.104,0.59,0
2026-04-14,A047,Team Davao D,Davao,Healthcare,Swing,Voice,Benefits,steady,2026-04,2715000,7.9,2137.0,0.86,441.93,69.55,91.53,4.54,0.833,0.078,0.101,0.74,0
2026-04-14,A048,Team Davao D,Davao,Healthcare,Night,Voice,Benefits,senior,2026-04,2715000,7.9,2255.0,0.87,417.14,65.83,92.61,4.54,0.838,0.082,0.099,0.89,0
2026-04-15,A001,Team Manila A,Manila,Telco,Day,Voice,Retention,new,2026-04,2715000,7.9,1603.0,0.841,462.47,67.31,90.09,4.51,0.825,0.074,0.104,0.2,0
2026-04-15,A002,Team Manila A,Manila,Telco,Swing,Voice,Retention,steady,2026-04,2715000,7.9,1716.0,0.851,428.12,62.35,91.53,4.51,0.831,0.078,0.101,0.35,0
2026-04-15,A003,Team Manila A,Manila,Telco,Night,Voice,Retention,senior,2026-04,2715000,7.9,1829.0,0.861,402.37,58.63,92.61,4.51,0.836,0.082,0.099,0.5,0
2026-04-15,A004,Team Manila A,Manila,Telco,Day,Voice,Retention,new,2026-04,2715000,7.9,1942.0,0.871,462.47,67.31,90.09,4.51,0.825,0.086,0.113,0.65,0
2026-04-15,A005,Team Manila A,Manila,Telco,Swing,Voice,Retention,steady,2026-04,2715000,7.9,2055.0,0.841,428.12,62.35,91.53,4.51,0.831,0.074,0.11,0.2,0
2026-04-15,A006,Team Manila A,Manila,Telco,Night,Voice,Retention,senior,2026-04,2715000,7.9,2168.0,0.851,402.37,58.63,92.61,4.51,0.836,0.078,0.093,0.35,0
2026-04-15,A007,Team Manila A,Manila,Telco,Day,Voice,Retention,new,2026-04,2715000,7.9,1603.0,0.861,462.47,67.31,90.09,4.51,0.825,0.082,0.107,0.5,0
2026-04-15,A008,Team Manila A,Manila,Telco,Swing,Voice,Retention,steady,2026-04,2715000,7.9,1716.0,0.871,428.12,62.35,91.53,4.51,0.831,0.086,0.104,0.65,0
2026-04-15,A009,Team Manila A,Manila,Telco,Night,Voice,Retention,senior,2026-04,2715000,7.9,1829.0,0.841,402.37,58.63,92.61,4.51,0.836,0.074,0.102,0.2,0
2026-04-15,A010,Team Manila A,Manila,Telco,Day,Voice,Retention,new,2026-04,2715000,7.9,1942.0,0.851,462.47,67.31,90.09,4.51,0.825,0.078,0.116,0.35,0
2026-04-15,A011,Team Manila A,Manila,Telco,Swing,Voice,Retention,steady,2026-04,2715000,7.9,2055.0,0.861,428.12,62.35,91.53,4.51,0.831,0.082,0.098,0.5,0
2026-04-15,A012,Team Manila A,Manila,Telco,Night,Voice,Retention,senior,2026-04,2715000,7.9,2168.0,0.871,402.37,58.63,92.61,4.51,0.836,0.086,0.096,0.65,0
2026-04-15,A013,Team Manila B,Manila,Retail,Day,Voice,Order Support,new,2026-04,2715000,7.9,1603.0,0.838,427.48,67.31,90.09,4.57,0.829,0.065,0.11,0.2,0
2026-04-15,A014,Team Manila B,Manila,Retail,Swing,Voice,Order Support,steady,2026-04,2715000,7.9,1716.0,0.848,395.72,62.35,91.53,4.57,0.835,0.069,0.107,0.35,1
2026-04-15,A015,Team Manila B,Manila,Retail,Night,Voice,Order Support,senior,2026-04,2715000,7.9,1829.0,0.858,371.91,58.63,92.61,4.57,0.84,0.073,0.105,0.5,0
2026-04-15,A016,Team Manila B,Manila,Retail,Day,Voice,Order Support,new,2026-04,2715000,7.9,1942.0,0.868,427.48,67.31,90.09,4.57,0.829,0.077,0.104,0.65,0
2026-04-15,A017,Team Manila B,Manila,Retail,Swing,Voice,Order Support,steady,2026-04,2715000,7.9,2055.0,0.838,395.72,62.35,91.53,4.57,0.835,0.065,0.101,0.2,0
2026-04-15,A018,Team Manila B,Manila,Retail,Night,Voice,Order Support,senior,2026-04,2715000,7.9,2168.0,0.848,371.91,58.63,92.61,4.57,0.84,0.069,0.099,0.35,0
2026-04-15,A019,Team Manila B,Manila,Retail,Day,Voice,Order Support,new,2026-04,2715000,7.9,1603.0,0.858,427.48,67.31,90.09,4.57,0.829,0.073,0.113,0.5,0
2026-04-15,A020,Team Manila B,Manila,Retail,Swing,Voice,Order Support,steady,2026-04,2715000,7.9,1716.0,0.868,395.72,62.35,91.53,4.57,0.835,0.077,0.11,0.65,0
2026-04-15,A021,Team Manila B,Manila,Retail,Night,Voice,Order Support,senior,2026-04,2715000,7.9,1829.0,0.838,371.91,58.63,92.61,4.57,0.84,0.065,0.093,0.2,0
2026-04-15,A022,Team Manila B,Manila,Retail,Day,Voice,Order Support,new,2026-04,2715000,7.9,1942.0,0.848,427.48,67.31,90.09,4.57,0.829,0.069,0.107,0.35,0
2026-04-15,A023,Team Manila B,Manila,Retail,Swing,Voice,Order Support,steady,2026-04,2715000,7.9,2055.0,0.858,395.72,62.35,91.53,4.57,0.835,0.073,0.104,0.5,0
2026-04-15,A024,Team Manila B,Manila,Retail,Night,Voice,Order Support,senior,2026-04,2715000,7.9,2168.0,0.868,371.91,58.63,92.61,4.57,0.84,0.077,0.102,0.65,0
2026-04-15,A025,Team Cebu C,Cebu,Travel,Day,Voice,Reservations,new,2026-04,2715000,7.9,1603.0,0.843,479.97,67.31,90.09,4.48,0.823,0.079,0.116,0.2,0
2026-04-15,A026,Team Cebu C,Cebu,Travel,Swing,Voice,Reservations,steady,2026-04,2715000,7.9,1716.0,0.853,444.33,62.35,91.53,4.48,0.829,0.083,0.098,0.35,0
2026-04-15,A027,Team Cebu C,Cebu,Travel,Night,Voice,Reservations,senior,2026-04,2715000,7.9,1829.0,0.863,417.6,58.63,92.61,4.48,0.834,0.087,0.096,0.5,0
2026-04-15,A028,Team Cebu C,Cebu,Travel,Day,Voice,Reservations,new,2026-04,2715000,7.9,1942.0,0.873,479.97,67.31,90.09,4.48,0.823,0.091,0.11,0.65,0
2026-04-15,A029,Team Cebu C,Cebu,Travel,Swing,Voice,Reservations,steady,2026-04,2715000,7.9,2055.0,0.843,444.33,62.35,91.53,4.48,0.829,0.079,0.107,0.2,0
2026-04-15,A030,Team Cebu C,Cebu,Travel,Night,Voice,Reservations,senior,2026-04,2715000,7.9,2168.0,0.853,417.6,58.63,92.61,4.48,0.834,0.083,0.105,0.35,0
2026-04-15,A031,Team Cebu C,Cebu,Travel,Day,Voice,Reservations,new,2026-04,2715000,7.9,1603.0,0.863,479.97,67.31,90.09,4.48,0.823,0.087,0.104,0.5,0
2026-04-15,A032,Team Cebu C,Cebu,Travel,Swing,Voice,Reservations,steady,2026-04,2715000,7.9,1716.0,0.873,444.33,62.35,91.53,4.48,0.829,0.091,0.101,0.65,0
2026-04-15,A033,Team Cebu C,Cebu,Travel,Night,Voice,Reservations,senior,2026-04,2715000,7.9,1829.0,0.843,417.6,58.63,92.61,4.48,0.834,0.079,0.099,0.2,0
2026-04-15,A034,Team Cebu C,Cebu,Travel,Day,Voice,Reservations,new,2026-04,2715000,7.9,1942.0,0.853,479.97,67.31,90.09,4.48,0.823,0.083,0.113,0.35,0
2026-04-15,A035,Team Cebu C,Cebu,Travel,Swing,Voice,Reservations,steady,2026-04,2715000,7.9,2055.0,0.863,444.33,62.35,91.53,4.48,0.829,0.087,0.11,0.5,0
2026-04-15,A036,Team Cebu C,Cebu,Travel,Night,Voice,Reservations,senior,2026-04,2715000,7.9,2168.0,0.873,417.6,58.63,92.61,4.48,0.834,0.091,0.093,0.65,0
2026-04-15,A037,Team Davao D,Davao,Healthcare,Day,Voice,Benefits,new,2026-04,2715000,7.9,1603.0,0.84,444.97,67.31,90.09,4.54,0.827,0.07,0.107,0.2,0
2026-04-15,A038,Team Davao D,Davao,Healthcare,Swing,Voice,Benefits,steady,2026-04,2715000,7.9,1716.0,0.85,411.93,62.35,91.53,4.54,0.833,0.074,0.104,0.35,0
2026-04-15,A039,Team Davao D,Davao,Healthcare,Night,Voice,Benefits,senior,2026-04,2715000,7.9,1829.0,0.86,387.14,58.63,92.61,4.54,0.838,0.078,0.102,0.5,0
2026-04-15,A040,Team Davao D,Davao,Healthcare,Day,Voice,Benefits,new,2026-04,2715000,7.9,1942.0,0.87,444.97,67.31,90.09,4.54,0.827,0.082,0.116,0.65,0
2026-04-15,A041,Team Davao D,Davao,Healthcare,Swing,Voice,Benefits,steady,2026-04,2715000,7.9,2055.0,0.84,411.93,62.35,91.53,4.54,0.833,0.07,0.098,0.2,0
2026-04-15,A042,Team Davao D,Davao,Healthcare,Night,Voice,Benefits,senior,2026-04,2715000,7.9,2168.0,0.85,387.14,58.63,92.61,4.54,0.838,0.074,0.096,0.35,0
2026-04-15,A043,Team Davao D,Davao,Healthcare,Day,Voice,Benefits,new,2026-04,2715000,7.9,1603.0,0.86,444.97,67.31,90.09,4.54,0.827,0.078,0.11,0.5,0
2026-04-15,A044,Team Davao D,Davao,Healthcare,Swing,Voice,Benefits,steady,2026-04,2715000,7.9,1716.0,0.87,411.93,62.35,91.53,4.54,0.833,0.082,0.107,0.65,0
2026-04-15,A045,Team Davao D,Davao,Healthcare,Night,Voice,Benefits,senior,2026-04,2715000,7.9,1829.0,0.84,387.14,58.63,92.61,4.54,0.838,0.07,0.105,0.2,0
2026-04-15,A046,Team Davao D,Davao,Healthcare,Day,Voice,Benefits,new,2026-04,2715000,7.9,1942.0,0.85,444.97,67.31,90.09,4.54,0.827,0.074,0.104,0.35,0
2026-04-15,A047,Team Davao D,Davao,Healthcare,Swing,Voice,Benefits,steady,2026-04,2715000,7.9,2055.0,0.86,411.93,62.35,91.53,4.54,0.833,0.078,0.101,0.5,0
2026-04-15,A048,Team Davao D,Davao,Healthcare,Night,Voice,Benefits,senior,2026-04,2715000,7.9,2168.0,0.87,387.14,58.63,92.61,4.54,0.838,0.082,0.099,0.65,0
2026-04-16,A001,Team Manila A,Manila,Telco,Day,Voice,Retention,new,2026-04,2715000,7.9,1587.0,0.841,467.47,68.51,90.27,4.52,0.825,0.074,0.104,0.2,0
2026-04-16,A002,Team Manila A,Manila,Telco,Swing,Voice,Retention,steady,2026-04,2715000,7.9,1699.0,0.851,433.12,63.55,91.71,4.52,0.831,0.078,0.101,0.35,0
2026-04-16,A003,Team Manila A,Manila,Telco,Night,Voice,Retention,senior,2026-04,2715000,7.9,1811.0,0.861,407.37,59.83,92.79,4.52,0.836,0.082,0.099,0.5,0
2026-04-16,A004,Team Manila A,Manila,Telco,Day,Voice,Retention,new,2026-04,2715000,7.9,1923.0,0.871,467.47,68.51,90.27,4.52,0.825,0.086,0.113,0.65,0
2026-04-16,A005,Team Manila A,Manila,Telco,Swing,Voice,Retention,steady,2026-04,2715000,7.9,2035.0,0.841,433.12,63.55,91.71,4.52,0.831,0.074,0.11,0.2,0
2026-04-16,A006,Team Manila A,Manila,Telco,Night,Voice,Retention,senior,2026-04,2715000,7.9,2147.0,0.851,407.37,59.83,92.79,4.52,0.836,0.078,0.093,0.35,0
2026-04-16,A007,Team Manila A,Manila,Telco,Day,Voice,Retention,new,2026-04,2715000,7.9,1587.0,0.861,467.47,68.51,90.27,4.52,0.825,0.082,0.107,0.5,0
2026-04-16,A008,Team Manila A,Manila,Telco,Swing,Voice,Retention,steady,2026-04,2715000,7.9,1699.0,0.871,433.12,63.55,91.71,4.52,0.831,0.086,0.104,0.65,0
2026-04-16,A009,Team Manila A,Manila,Telco,Night,Voice,Retention,senior,2026-04,2715000,7.9,1811.0,0.841,407.37,59.83,92.79,4.52,0.836,0.074,0.102,0.2,0
2026-04-16,A010,Team Manila A,Manila,Telco,Day,Voice,Retention,new,2026-04,2715000,7.9,1923.0,0.851,467.47,68.51,90.27,4.52,0.825,0.078,0.116,0.35,0
2026-04-16,A011,Team Manila A,Manila,Telco,Swing,Voice,Retention,steady,2026-04,2715000,7.9,2035.0,0.861,433.12,63.55,91.71,4.52,0.831,0.082,0.098,0.5,0
2026-04-16,A012,Team Manila A,Manila,Telco,Night,Voice,Retention,senior,2026-04,2715000,7.9,2147.0,0.871,407.37,59.83,92.79,4.52,0.836,0.086,0.096,0.65,0
2026-04-16,A013,Team Manila B,Manila,Retail,Day,Voice,Order Support,new,2026-04,2715000,7.9,1587.0,0.838,432.48,68.51,90.27,4.58,0.829,0.065,0.11,0.2,0
2026-04-16,A014,Team Manila B,Manila,Retail,Swing,Voice,Order Support,steady,2026-04,2715000,7.9,1699.0,0.848,400.72,63.55,91.71,4.58,0.835,0.069,0.107,0.35,0
2026-04-16,A015,Team Manila B,Manila,Retail,Night,Voice,Order Support,senior,2026-04,2715000,7.9,1811.0,0.858,376.91,59.83,92.79,4.58,0.84,0.073,0.105,0.5,0
2026-04-16,A016,Team Manila B,Manila,Retail,Day,Voice,Order Support,new,2026-04,2715000,7.9,1923.0,0.868,432.48,68.51,90.27,4.58,0.829,0.077,0.104,0.65,0
2026-04-16,A017,Team Manila B,Manila,Retail,Swing,Voice,Order Support,steady,2026-04,2715000,7.9,2035.0,0.838,400.72,63.55,91.71,4.58,0.835,0.065,0.101,0.2,0
2026-04-16,A018,Team Manila B,Manila,Retail,Night,Voice,Order Support,senior,2026-04,2715000,7.9,2147.0,0.848,376.91,59.83,92.79,4.58,0.84,0.069,0.099,0.35,0
2026-04-16,A019,Team Manila B,Manila,Retail,Day,Voice,Order Support,new,2026-04,2715000,7.9,1587.0,0.858,432.48,68.51,90.27,4.58,0.829,0.073,0.113,0.5,0
2026-04-16,A020,Team Manila B,Manila,Retail,Swing,Voice,Order Support,steady,2026-04,2715000,7.9,1699.0,0.868,400.72,63.55,91.71,4.58,0.835,0.077,0.11,0.65,0
2026-04-16,A021,Team Manila B,Manila,Retail,Night,Voice,Order Support,senior,2026-04,2715000,7.9,1811.0,0.838,376.91,59.83,92.79,4.58,0.84,0.065,0.093,0.2,0
2026-04-16,A022,Team Manila B,Manila,Retail,Day,Voice,Order Support,new,2026-04,2715000,7.9,1923.0,0.848,432.48,68.51,90.27,4.58,0.829,0.069,0.107,0.35,0
2026-04-16,A023,Team Manila B,Manila,Retail,Swing,Voice,Order Support,steady,2026-04,2715000,7.9,2035.0,0.858,400.72,63.55,91.71,4.58,0.835,0.073,0.104,0.5,0
2026-04-16,A024,Team Manila B,Manila,Retail,Night,Voice,Order Support,senior,2026-04,2715000,7.9,2147.0,0.868,376.91,59.83,92.79,4.58,0.84,0.077,0.102,0.65,0
2026-04-16,A025,Team Cebu C,Cebu,Travel,Day,Voice,Reservations,new,2026-04,2715000,7.9,1587.0,0.843,484.97,68.51,90.27,4.49,0.823,0.079,0.116,0.2,0
2026-04-16,A026,Team Cebu C,Cebu,Travel,Swing,Voice,Reservations,steady,2026-04,2715000,7.9,1699.0,0.853,449.33,63.55,91.71,4.49,0.829,0.083,0.098,0.35,0
2026-04-16,A027,Team Cebu C,Cebu,Travel,Night,Voice,Reservations,senior,2026-04,2715000,7.9,1811.0,0.863,422.6,59.83,92.79,4.49,0.834,0.087,0.096,0.5,0
2026-04-16,A028,Team Cebu C,Cebu,Travel,Day,Voice,Reservations,new,2026-04,2715000,7.9,1923.0,0.873,484.97,68.51,90.27,4.49,0.823,0.091,0.11,0.65,0
2026-04-16,A029,Team Cebu C,Cebu,Travel,Swing,Voice,Reservations,steady,2026-04,2715000,7.9,2035.0,0.843,449.33,63.55,91.71,4.49,0.829,0.079,0.107,0.2,0
2026-04-16,A030,Team Cebu C,Cebu,Travel,Night,Voice,Reservations,senior,2026-04,2715000,7.9,2147.0,0.853,422.6,59.83,92.79,4.49,0.834,0.083,0.105,0.35,0
2026-04-16,A031,Team Cebu C,Cebu,Travel,Day,Voice,Reservations,new,2026-04,2715000,7.9,1587.0,0.863,484.97,68.51,90.27,4.49,0.823,0.087,0.104,0.5,0
2026-04-16,A032,Team Cebu C,Cebu,Travel,Swing,Voice,Reservations,steady,2026-04,2715000,7.9,1699.0,0.873,449.33,63.55,91.71,4.49,0.829,0.091,0.101,0.65,0
2026-04-16,A033,Team Cebu C,Cebu,Travel,Night,Voice,Reservations,senior,2026-04,2715000,7.9,1811.0,0.843,422.6,59.83,92.79,4.49,0.834,0.079,0.099,0.2,0
2026-04-16,A034,Team Cebu C,Cebu,Travel,Day,Voice,Reservations,new,2026-04,2715000,7.9,1923.0,0.853,484.97,68.51,90.27,4.49,0.823,0.083,0.113,0.35,0
2026-04-16,A035,Team Cebu C,Cebu,Travel,Swing,Voice,Reservations,steady,2026-04,2715000,7.9,2035.0,0.863,449.33,63.55,91.71,4.49,0.829,0.087,0.11,0.5,0
2026-04-16,A036,Team Cebu C,Cebu,Travel,Night,Voice,Reservations,senior,2026-04,2715000,7.9,2147.0,0.873,422.6,59.83,92.79,4.49,0.834,0.091,0.093,0.65,0
2026-04-16,A037,Team Davao D,Davao,Healthcare,Day,Voice,Benefits,new,2026-04,2715000,7.9,1587.0,0.84,449.97,68.51,90.27,4.55,0.827,0.07,0.107,0.2,0
2026-04-16,A038,Team Davao D,Davao,Healthcare,Swing,Voice,Benefits,steady,2026-04,2715000,7.9,1699.0,0.85,416.93,63.55,91.71,4.55,0.833,0.074,0.104,0.35,0
2026-04-16,A039,Team Davao D,Davao,Healthcare,Night,Voice,Benefits,senior,2026-04,2715000,7.9,1811.0,0.86,392.14,59.83,92.79,4.55,0.838,0.078,0.102,0.5,0
2026-04-16,A040,Team Davao D,Davao,Healthcare,Day,Voice,Benefits,new,2026-04,2715000,7.9,1923.0,0.87,449.97,68.51,90.27,4.55,0.827,0.082,0.116,0.65,0
2026-04-16,A041,Team Davao D,Davao,Healthcare,Swing,Voice,Benefits,steady,2026-04,2715000,7.9,2035.0,0.84,416.93,63.55,91.71,4.55,0.833,0.07,0.098,0.2,0
2026-04-16,A042,Team Davao D,Davao,Healthcare,Night,Voice,Benefits,senior,2026-04,2715000,7.9,2147.0,0.85,392.14,59.83,92.79,4.55,0.838,0.074,0.096,0.35,0
2026-04-16,A043,Team Davao D,Davao,Healthcare,Day,Voice,Benefits,new,2026-04,2715000,7.9,1587.0,0.86,449.97,68.51,90.27,4.55,0.827,0.078,0.11,0.5,0
2026-04-16,A044,Team Davao D,Davao,Healthcare,Swing,Voice,Benefits,steady,2026-04,2715000,7.9,1699.0,0.87,416.93,63.55,91.71,4.55,0.833,0.082,0.107,0.65,0
2026-04-16,A045,Team Davao D,Davao,Healthcare,Night,Voice,Benefits,senior,2026-04,2715000,7.9,1811.0,0.84,392.14,59.83,92.79,4.55,0.838,0.07,0.105,0.2,0
2026-04-16,A046,Team Davao D,Davao,Healthcare,Day,Voice,Benefits,new,2026-04,2715000,7.9,1923.0,0.85,449.97,68.51,90.27,4.55,0.827,0.074,0.104,0.35,0
2026-04-16,A047,Team Davao D,Davao,Healthcare,Swing,Voice,Benefits,steady,2026-04,2715000,7.9,2035.0,0.86,416.93,63.55,91.71,4.55,0.833,0.078,0.101,0.5,0
2026-04-16,A048,Team Davao D,Davao,Healthcare,Night,Voice,Benefits,senior,2026-04,2715000,7.9,2147.0,0.87,392.14,59.83,92.79,4.55,0.838,0.082,0.099,0.65,0
2026-04-17,A001,Team Manila A,Manila,Telco,Day,Voice,Retention,new,2026-04,2715000,7.9,1506.0,0.841,472.47,69.71,90.45,4.53,0.825,0.074,0.104,0.2,0
2026-04-17,A002,Team Manila A,Manila,Telco,Swing,Voice,Retention,steady,2026-04,2715000,7.9,1613.0,0.851,438.12,64.75,91.89,4.53,0.831,0.078,0.101,0.35,0
2026-04-17,A003,Team Manila A,Manila,Telco,Night,Voice,Retention,senior,2026-04,2715000,7.9,1719.0,0.861,412.37,61.03,92.97,4.53,0.836,0.082,0.099,0.5,0
2026-04-17,A004,Team Manila A,Manila,Telco,Day,Voice,Retention,new,2026-04,2715000,7.9,1825.0,0.871,472.47,69.71,90.45,4.53,0.825,0.086,0.113,0.65,0
2026-04-17,A005,Team Manila A,Manila,Telco,Swing,Voice,Retention,steady,2026-04,2715000,7.9,1932.0,0.841,438.12,64.75,91.89,4.53,0.831,0.074,0.11,0.2,0
2026-04-17,A006,Team Manila A,Manila,Telco,Night,Voice,Retention,senior,2026-04,2715000,7.9,2038.0,0.851,412.37,61.03,92.97,4.53,0.836,0.078,0.093,0.35,0
2026-04-17,A007,Team Manila A,Manila,Telco,Day,Voice,Retention,new,2026-04,2715000,7.9,1506.0,0.861,472.47,69.71,90.45,4.53,0.825,0.082,0.107,0.5,0
2026-04-17,A008,Team Manila A,Manila,Telco,Swing,Voice,Retention,steady,2026-04,2715000,7.9,1613.0,0.871,438.12,64.75,91.89,4.53,0.831,0.086,0.104,0.65,0
2026-04-17,A009,Team Manila A,Manila,Telco,Night,Voice,Retention,senior,2026-04,2715000,7.9,1719.0,0.841,412.37,61.03,92.97,4.53,0.836,0.074,0.102,0.2,0
2026-04-17,A010,Team Manila A,Manila,Telco,Day,Voice,Retention,new,2026-04,2715000,7.9,1825.0,0.851,472.47,69.71,90.45,4.53,0.825,0.078,0.116,0.35,0
2026-04-17,A011,Team Manila A,Manila,Telco,Swing,Voice,Retention,steady,2026-04,2715000,7.9,1932.0,0.861,438.12,64.75,91.89,4.53,0.831,0.082,0.098,0.5,0
2026-04-17,A012,Team Manila A,Manila,Telco,Night,Voice,Retention,senior,2026-04,2715000,7.9,2038.0,0.871,412.37,61.03,92.97,4.53,0.836,0.086,0.096,0.65,0
2026-04-17,A013,Team Manila B,Manila,Retail,Day,Voice,Order Support,new,2026-04,2715000,7.9,1506.0,0.838,437.48,69.71,90.45,4.59,0.829,0.065,0.11,0.2,0
2026-04-17,A014,Team Manila B,Manila,Retail,Swing,Voice,Order Support,steady,2026-04,2715000,7.9,1613.0,0.848,405.72,64.75,91.89,4.59,0.835,0.069,0.107,0.35,0
2026-04-17,A015,Team Manila B,Manila,Retail,Night,Voice,Order Support,senior,2026-04,2715000,7.9,1719.0,0.858,381.91,61.03,92.97,4.59,0.84,0.073,0.105,0.5,0
2026-04-17,A016,Team Manila B,Manila,Retail,Day,Voice,Order Support,new,2026-04,2715000,7.9,1825.0,0.868,437.48,69.71,90.45,4.59,0.829,0.077,0.104,0.65,0
2026-04-17,A017,Team Manila B,Manila,Retail,Swing,Voice,Order Support,steady,2026-04,2715000,7.9,1932.0,0.838,405.72,64.75,91.89,4.59,0.835,0.065,0.101,0.2,0
2026-04-17,A018,Team Manila B,Manila,Retail,Night,Voice,Order Support,senior,2026-04,2715000,7.9,2038.0,0.848,381.91,61.03,92.97,4.59,0.84,0.069,0.099,0.35,0
2026-04-17,A019,Team Manila B,Manila,Retail,Day,Voice,Order Support,new,2026-04,2715000,7.9,1506.0,0.858,437.48,69.71,90.45,4.59,0.829,0.073,0.113,0.5,0
2026-04-17,A020,Team Manila B,Manila,Retail,Swing,Voice,Order Support,steady,2026-04,2715000,7.9,1613.0,0.868,405.72,64.75,91.89,4.59,0.835,0.077,0.11,0.65,0
2026-04-17,A021,Team Manila B,Manila,Retail,Night,Voice,Order Support,senior,2026-04,2715000,7.9,1719.0,0.838,381.91,61.03,92.97,4.59,0.84,0.065,0.093,0.2,0
2026-04-17,A022,Team Manila B,Manila,Retail,Day,Voice,Order Support,new,2026-04,2715000,7.9,1825.0,0.848,437.48,69.71,90.45,4.59,0.829,0.069,0.107,0.35,0
2026-04-17,A023,Team Manila B,Manila,Retail,Swing,Voice,Order Support,steady,2026-04,2715000,7.9,1932.0,0.858,405.72,64.75,91.89,4.59,0.835,0.073,0.104,0.5,0
2026-04-17,A024,Team Manila B,Manila,Retail,Night,Voice,Order Support,senior,2026-04,2715000,7.9,2038.0,0.868,381.91,61.03,92.97,4.59,0.84,0.077,0.102,0.65,0
2026-04-17,A025,Team Cebu C,Cebu,Travel,Day,Voice,Reservations,new,2026-04,2715000,7.9,1506.0,0.843,489.97,69.71,90.45,4.5,0.823,0.079,0.116,0.2,0
2026-04-17,A026,Team Cebu C,Cebu,Travel,Swing,Voice,Reservations,steady,2026-04,2715000,7.9,1613.0,0.853,454.33,64.75,91.89,4.5,0.829,0.083,0.098,0.35,0
2026-04-17,A027,Team Cebu C,Cebu,Travel,Night,Voice,Reservations,senior,2026-04,2715000,7.9,1719.0,0.863,427.6,61.03,92.97,4.5,0.834,0.087,0.096,0.5,0
2026-04-17,A028,Team Cebu C,Cebu,Travel,Day,Voice,Reservations,new,2026-04,2715000,7.9,1825.0,0.873,489.97,69.71,90.45,4.5,0.823,0.091,0.11,0.65,0
2026-04-17,A029,Team Cebu C,Cebu,Travel,Swing,Voice,Reservations,steady,2026-04,2715000,7.9,1932.0,0.843,454.33,64.75,91.89,4.5,0.829,0.079,0.107,0.2,0
2026-04-17,A030,Team Cebu C,Cebu,Travel,Night,Voice,Reservations,senior,2026-04,2715000,7.9,2038.0,0.853,427.6,61.03,92.97,4.5,0.834,0.083,0.105,0.35,0
2026-04-17,A031,Team Cebu C,Cebu,Travel,Day,Voice,Reservations,new,2026-04,2715000,7.9,1506.0,0.863,489.97,69.71,90.45,4.5,0.823,0.087,0.104,0.5,1
2026-04-17,A032,Team Cebu C,Cebu,Travel,Swing,Voice,Reservations,steady,2026-04,2715000,7.9,1613.0,0.873,454.33,64.75,91.89,4.5,0.829,0.091,0.101,0.65,0
2026-04-17,A033,Team Cebu C,Cebu,Travel,Night,Voice,Reservations,senior,2026-04,2715000,7.9,1719.0,0.843,427.6,61.03,92.97,4.5,0.834,0.079,0.099,0.2,0
2026-04-17,A034,Team Cebu C,Cebu,Travel,Day,Voice,Reservations,new,2026-04,2715000,7.9,1825.0,0.853,489.97,69.71,90.45,4.5,0.823,0.083,0.113,0.35,0
2026-04-17,A035,Team Cebu C,Cebu,Travel,Swing,Voice,Reservations,steady,2026-04,2715000,7.9,1932.0,0.863,454.33,64.75,91.89,4.5,0.829,0.087,0.11,0.5,0
2026-04-17,A036,Team Cebu C,Cebu,Travel,Night,Voice,Reservations,senior,2026-04,2715000,7.9,2038.0,0.873,427.6,61.03,92.97,4.5,0.834,0.091,0.093,0.65,0
2026-04-17,A037,Team Davao D,Davao,Healthcare,Day,Voice,Benefits,new,2026-04,2715000,7.9,1506.0,0.84,454.97,69.71,90.45,4.56,0.827,0.07,0.107,0.2,0
2026-04-17,A038,Team Davao D,Davao,Healthcare,Swing,Voice,Benefits,steady,2026-04,2715000,7.9,1613.0,0.85,421.93,64.75,91.89,4.56,0.833,0.074,0.104,0.35,0
2026-04-17,A039,Team Davao D,Davao,Healthcare,Night,Voice,Benefits,senior,2026-04,2715000,7.9,1719.0,0.86,397.14,61.03,92.97,4.56,0.838,0.078,0.102,0.5,0
2026-04-17,A040,Team Davao D,Davao,Healthcare,Day,Voice,Benefits,new,2026-04,2715000,7.9,1825.0,0.87,454.97,69.71,90.45,4.56,0.827,0.082,0.116,0.65,0
2026-04-17,A041,Team Davao D,Davao,Healthcare,Swing,Voice,Benefits,steady,2026-04,2715000,7.9,1932.0,0.84,421.93,64.75,91.89,4.56,0.833,0.07,0.098,0.2,0
2026-04-17,A042,Team Davao D,Davao,Healthcare,Night,Voice,Benefits,senior,2026-04,2715000,7.9,2038.0,0.85,397.14,61.03,92.97,4.56,0.838,0.074,0.096,0.35,0
2026-04-17,A043,Team Davao D,Davao,Healthcare,Day,Voice,Benefits,new,2026-04,2715000,7.9,1506.0,0.86,454.97,69.71,90.45,4.56,0.827,0.078,0.11,0.5,0
2026-04-17,A044,Team Davao D,Davao,Healthcare,Swing,Voice,Benefits,steady,2026-04,2715000,7.9,1613.0,0.87,421.93,64.75,91.89,4.56,0.833,0.082,0.107,0.65,0
2026-04-17,A045,Team Davao D,Davao,Healthcare,Night,Voice,Benefits,senior,2026-04,2715000,7.9,1719.0,0.84,397.14,61.03,92.97,4.56,0.838,0.07,0.105,0.2,0
2026-04-17,A046,Team Davao D,Davao,Healthcare,Day,Voice,Benefits,new,2026-04,2715000,7.9,1825.0,0.85,454.97,69.71,90.45,4.56,0.827,0.074,0.104,0.35,0
2026-04-17,A047,Team Davao D,Davao,Healthcare,Swing,Voice,Benefits,steady,2026-04,2715000,7.9,1932.0,0.86,421.93,64.75,91.89,4.56,0.833,0.078,0.101,0.5,0
2026-04-17,A048,Team Davao D,Davao,Healthcare,Night,Voice,Benefits,senior,2026-04,2715000,7.9,2038.0,0.87,397.14,61.03,92.97,4.56,0.838,0.082,0.099,0.65,0
2026-04-18,A001,Team Manila A,Manila,Telco,Day,Voice,Retention,new,2026-04,2715000,7.9,1154.0,0.841,477.47,70.91,90.63,4.54,0.825,0.074,0.104,0.2,0
2026-04-18,A002,Team Manila A,Manila,Telco,Swing,Voice,Retention,steady,2026-04,2715000,7.9,1235.0,0.851,443.12,65.95,92.07,4.54,0.831,0.078,0.101,0.35,0
2026-04-18,A003,Team Manila A,Manila,Telco,Night,Voice,Retention,senior,2026-04,2715000,7.9,1317.0,0.861,417.37,62.23,93.15,4.54,0.836,0.082,0.099,0.5,0
2026-04-18,A004,Team Manila A,Manila,Telco,Day,Voice,Retention,new,2026-04,2715000,7.9,1398.0,0.871,477.47,70.91,90.63,4.54,0.825,0.086,0.113,0.65,0
2026-04-18,A005,Team Manila A,Manila,Telco,Swing,Voice,Retention,steady,2026-04,2715000,7.9,1480.0,0.841,443.12,65.95,92.07,4.54,0.831,0.074,0.11,0.2,0
2026-04-18,A006,Team Manila A,Manila,Telco,Night,Voice,Retention,senior,2026-04,2715000,7.9,1561.0,0.851,417.37,62.23,93.15,4.54,0.836,0.078,0.093,0.35,0
2026-04-18,A007,Team Manila A,Manila,Telco,Day,Voice,Retention,new,2026-04,2715000,7.9,1154.0,0.861,477.47,70.91,90.63,4.54,0.825,0.082,0.107,0.5,0
2026-04-18,A008,Team Manila A,Manila,Telco,Swing,Voice,Retention,steady,2026-04,2715000,7.9,1235.0,0.871,443.12,65.95,92.07,4.54,0.831,0.086,0.104,0.65,0
2026-04-18,A009,Team Manila A,Manila,Telco,Night,Voice,Retention,senior,2026-04,2715000,7.9,1317.0,0.841,417.37,62.23,93.15,4.54,0.836,0.074,0.102,0.2,0
2026-04-18,A010,Team Manila A,Manila,Telco,Day,Voice,Retention,new,2026-04,2715000,7.9,1398.0,0.851,477.47,70.91,90.63,4.54,0.825,0.078,0.116,0.35,0
2026-04-18,A011,Team Manila A,Manila,Telco,Swing,Voice,Retention,steady,2026-04,2715000,7.9,1480.0,0.861,443.12,65.95,92.07,4.54,0.831,0.082,0.098,0.5,0
2026-04-18,A012,Team Manila A,Manila,Telco,Night,Voice,Retention,senior,2026-04,2715000,7.9,1561.0,0.871,417.37,62.23,93.15,4.54,0.836,0.086,0.096,0.65,0
2026-04-18,A013,Team Manila B,Manila,Retail,Day,Voice,Order Support,new,2026-04,2715000,7.9,1154.0,0.838,442.48,70.91,90.63,4.6,0.829,0.065,0.11,0.2,1
2026-04-18,A014,Team Manila B,Manila,Retail,Swing,Voice,Order Support,steady,2026-04,2715000,7.9,1235.0,0.848,410.72,65.95,92.07,4.6,0.835,0.069,0.107,0.35,0
2026-04-18,A015,Team Manila B,Manila,Retail,Night,Voice,Order Support,senior,2026-04,2715000,7.9,1317.0,0.858,386.91,62.23,93.15,4.6,0.84,0.073,0.105,0.5,0
2026-04-18,A016,Team Manila B,Manila,Retail,Day,Voice,Order Support,new,2026-04,2715000,7.9,1398.0,0.868,442.48,70.91,90.63,4.6,0.829,0.077,0.104,0.65,0
2026-04-18,A017,Team Manila B,Manila,Retail,Swing,Voice,Order Support,steady,2026-04,2715000,7.9,1480.0,0.838,410.72,65.95,92.07,4.6,0.835,0.065,0.101,0.2,0
2026-04-18,A018,Team Manila B,Manila,Retail,Night,Voice,Order Support,senior,2026-04,2715000,7.9,1561.0,0.848,386.91,62.23,93.15,4.6,0.84,0.069,0.099,0.35,0
2026-04-18,A019,Team Manila B,Manila,Retail,Day,Voice,Order Support,new,2026-04,2715000,7.9,1154.0,0.858,442.48,70.91,90.63,4.6,0.829,0.073,0.113,0.5,0
2026-04-18,A020,Team Manila B,Manila,Retail,Swing,Voice,Order Support,steady,2026-04,2715000,7.9,1235.0,0.868,410.72,65.95,92.07,4.6,0.835,0.077,0.11,0.65,0
2026-04-18,A021,Team Manila B,Manila,Retail,Night,Voice,Order Support,senior,2026-04,2715000,7.9,1317.0,0.838,386.91,62.23,93.15,4.6,0.84,0.065,0.093,0.2,0
2026-04-18,A022,Team Manila B,Manila,Retail,Day,Voice,Order Support,new,2026-04,2715000,7.9,1398.0,0.848,442.48,70.91,90.63,4.6,0.829,0.069,0.107,0.35,0
2026-04-18,A023,Team Manila B,Manila,Retail,Swing,Voice,Order Support,steady,2026-04,2715000,7.9,1480.0,0.858,410.72,65.95,92.07,4.6,0.835,0.073,0.104,0.5,0
2026-04-18,A024,Team Manila B,Manila,Retail,Night,Voice,Order Support,senior,2026-04,2715000,7.9,1561.0,0.868,386.91,62.23,93.15,4.6,0.84,0.077,0.102,0.65,0
2026-04-18,A025,Team Cebu C,Cebu,Travel,Day,Voice,Reservations,new,2026-04,2715000,7.9,1154.0,0.843,494.97,70.91,90.63,4.51,0.823,0.079,0.116,0.2,0
2026-04-18,A026,Team Cebu C,Cebu,Travel,Swing,Voice,Reservations,steady,2026-04,2715000,7.9,1235.0,0.853,459.33,65.95,92.07,4.51,0.829,0.083,0.098,0.35,0
2026-04-18,A027,Team Cebu C,Cebu,Travel,Night,Voice,Reservations,senior,2026-04,2715000,7.9,1317.0,0.863,432.6,62.23,93.15,4.51,0.834,0.087,0.096,0.5,0
2026-04-18,A028,Team Cebu C,Cebu,Travel,Day,Voice,Reservations,new,2026-04,2715000,7.9,1398.0,0.873,494.97,70.91,90.63,4.51,0.823,0.091,0.11,0.65,0
2026-04-18,A029,Team Cebu C,Cebu,Travel,Swing,Voice,Reservations,steady,2026-04,2715000,7.9,1480.0,0.843,459.33,65.95,92.07,4.51,0.829,0.079,0.107,0.2,0
2026-04-18,A030,Team Cebu C,Cebu,Travel,Night,Voice,Reservations,senior,2026-04,2715000,7.9,1561.0,0.853,432.6,62.23,93.15,4.51,0.834,0.083,0.105,0.35,0
2026-04-18,A031,Team Cebu C,Cebu,Travel,Day,Voice,Reservations,new,2026-04,2715000,7.9,1154.0,0.863,494.97,70.91,90.63,4.51,0.823,0.087,0.104,0.5,0
2026-04-18,A032,Team Cebu C,Cebu,Travel,Swing,Voice,Reservations,steady,2026-04,2715000,7.9,1235.0,0.873,459.33,65.95,92.07,4.51,0.829,0.091,0.101,0.65,0
2026-04-18,A033,Team Cebu C,Cebu,Travel,Night,Voice,Reservations,senior,2026-04,2715000,7.9,1317.0,0.843,432.6,62.23,93.15,4.51,0.834,0.079,0.099,0.2,0
2026-04-18,A034,Team Cebu C,Cebu,Travel,Day,Voice,Reservations,new,2026-04,2715000,7.9,1398.0,0.853,494.97,70.91,90.63,4.51,0.823,0.083,0.113,0.35,0
2026-04-18,A035,Team Cebu C,Cebu,Travel,Swing,Voice,Reservations,steady,2026-04,2715000,7.9,1480.0,0.863,459.33,65.95,92.07,4.51,0.829,0.087,0.11,0.5,0
2026-04-18,A036,Team Cebu C,Cebu,Travel,Night,Voice,Reservations,senior,2026-04,2715000,7.9,1561.0,0.873,432.6,62.23,93.15,4.51,0.834,0.091,0.093,0.65,0
2026-04-18,A037,Team Davao D,Davao,Healthcare,Day,Voice,Benefits,new,2026-04,2715000,7.9,1154.0,0.84,459.97,70.91,90.63,4.57,0.827,0.07,0.107,0.2,0
2026-04-18,A038,Team Davao D,Davao,Healthcare,Swing,Voice,Benefits,steady,2026-04,2715000,7.9,1235.0,0.85,426.93,65.95,92.07,4.57,0.833,0.074,0.104,0.35,0
2026-04-18,A039,Team Davao D,Davao,Healthcare,Night,Voice,Benefits,senior,2026-04,2715000,7.9,1317.0,0.86,402.14,62.23,93.15,4.57,0.838,0.078,0.102,0.5,0
2026-04-18,A040,Team Davao D,Davao,Healthcare,Day,Voice,Benefits,new,2026-04,2715000,7.9,1398.0,0.87,459.97,70.91,90.63,4.57,0.827,0.082,0.116,0.65,0
2026-04-18,A041,Team Davao D,Davao,Healthcare,Swing,Voice,Benefits,steady,2026-04,2715000,7.9,1480.0,0.84,426.93,65.95,92.07,4.57,0.833,0.07,0.098,0.2,0
2026-04-18,A042,Team Davao D,Davao,Healthcare,Night,Voice,Benefits,senior,2026-04,2715000,7.9,1561.0,0.85,402.14,62.23,93.15,4.57,0.838,0.074,0.096,0.35,0
2026-04-18,A043,Team Davao D,Davao,Healthcare,Day,Voice,Benefits,new,2026-04,2715000,7.9,1154.0,0.86,459.97,70.91,90.63,4.57,0.827,0.078,0.11,0.5,0
2026-04-18,A044,Team Davao D,Davao,Healthcare,Swing,Voice,Benefits,steady,2026-04,2715000,7.9,1235.0,0.87,426.93,65.95,92.07,4.57,0.833,0.082,0.107,0.65,0
2026-04-18,A045,Team Davao D,Davao,Healthcare,Night,Voice,Benefits,senior,2026-04,2715000,7.9,1317.0,0.84,402.14,62.23,93.15,4.57,0.838,0.07,0.105,0.2,0
2026-04-18,A046,Team Davao D,Davao,Healthcare,Day,Voice,Benefits,new,2026-04,2715000,7.9,1398.0,0.85,459.97,70.91,90.63,4.57,0.827,0.074,0.104,0.35,0
2026-04-18,A047,Team Davao D,Davao,Healthcare,Swing,Voice,Benefits,steady,2026-04,2715000,7.9,1480.0,0.86,426.93,65.95,92.07,4.57,0.833,0.078,0.101,0.5,0
2026-04-18,A048,Team Davao D,Davao,Healthcare,Night,Voice,Benefits,senior,2026-04,2715000,7.9,1561.0,0.87,402.14,62.23,93.15,4.57,0.838,0.082,0.099,0.65,0
2026-04-19,A001,Team Manila A,Manila,Telco,Day,Voice,Retention,new,2026-04,2715000,7.9,1058.0,0.841,482.47,72.11,90.45,4.53,0.825,0.074,0.104,0.28,0
2026-04-19,A002,Team Manila A,Manila,Telco,Swing,Voice,Retention,steady,2026-04,2715000,7.9,1132.0,0.851,448.12,67.15,91.89,4.53,0.831,0.078,0.101,0.43,0
2026-04-19,A003,Team Manila A,Manila,Telco,Night,Voice,Retention,senior,2026-04,2715000,7.9,1207.0,0.861,422.37,63.43,92.97,4.53,0.836,0.082,0.099,0.58,0
2026-04-19,A004,Team Manila A,Manila,Telco,Day,Voice,Retention,new,2026-04,2715000,7.9,1282.0,0.871,482.47,72.11,90.45,4.53,0.825,0.086,0.113,0.73,0
2026-04-19,A005,Team Manila A,Manila,Telco,Swing,Voice,Retention,steady,2026-04,2715000,7.9,1356.0,0.841,448.12,67.15,91.89,4.53,0.831,0.074,0.11,0.28,0
2026-04-19,A006,Team Manila A,Manila,Telco,Night,Voice,Retention,senior,2026-04,2715000,7.9,1431.0,0.851,422.37,63.43,92.97,4.53,0.836,0.078,0.093,0.43,0
2026-04-19,A007,Team Manila A,Manila,Telco,Day,Voice,Retention,new,2026-04,2715000,7.9,1058.0,0.861,482.47,72.11,90.45,4.53,0.825,0.082,0.107,0.58,0
2026-04-19,A008,Team Manila A,Manila,Telco,Swing,Voice,Retention,steady,2026-04,2715000,7.9,1132.0,0.871,448.12,67.15,91.89,4.53,0.831,0.086,0.104,0.73,0
2026-04-19,A009,Team Manila A,Manila,Telco,Night,Voice,Retention,senior,2026-04,2715000,7.9,1207.0,0.841,422.37,63.43,92.97,4.53,0.836,0.074,0.102,0.28,0
2026-04-19,A010,Team Manila A,Manila,Telco,Day,Voice,Retention,new,2026-04,2715000,7.9,1282.0,0.851,482.47,72.11,90.45,4.53,0.825,0.078,0.116,0.43,0
2026-04-19,A011,Team Manila A,Manila,Telco,Swing,Voice,Retention,steady,2026-04,2715000,7.9,1356.0,0.861,448.12,67.15,91.89,4.53,0.831,0.082,0.098,0.58,0
2026-04-19,A012,Team Manila A,Manila,Telco,Night,Voice,Retention,senior,2026-04,2715000,7.9,1431.0,0.871,422.37,63.43,92.97,4.53,0.836,0.086,0.096,0.73,0
2026-04-19,A013,Team Manila B,Manila,Retail,Day,Voice,Order Support,new,2026-04,2715000,7.9,1058.0,0.838,447.48,72.11,90.45,4.59,0.829,0.065,0.11,0.28,0
2026-04-19,A014,Team Manila B,Manila,Retail,Swing,Voice,Order Support,steady,2026-04,2715000,7.9,1132.0,0.848,415.72,67.15,91.89,4.59,0.835,0.069,0.107,0.43,0
2026-04-19,A015,Team Manila B,Manila,Retail,Night,Voice,Order Support,senior,2026-04,2715000,7.9,1207.0,0.858,391.91,63.43,92.97,4.59,0.84,0.073,0.105,0.58,0
2026-04-19,A016,Team Manila B,Manila,Retail,Day,Voice,Order Support,new,2026-04,2715000,7.9,1282.0,0.868,447.48,72.11,90.45,4.59,0.829,0.077,0.104,0.73,0
2026-04-19,A017,Team Manila B,Manila,Retail,Swing,Voice,Order Support,steady,2026-04,2715000,7.9,1356.0,0.838,415.72,67.15,91.89,4.59,0.835,0.065,0.101,0.28,0
2026-04-19,A018,Team Manila B,Manila,Retail,Night,Voice,Order Support,senior,2026-04,2715000,7.9,1431.0,0.848,391.91,63.43,92.97,4.59,0.84,0.069,0.099,0.43,0
2026-04-19,A019,Team Manila B,Manila,Retail,Day,Voice,Order Support,new,2026-04,2715000,7.9,1058.0,0.858,447.48,72.11,90.45,4.59,0.829,0.073,0.113,0.58,0
2026-04-19,A020,Team Manila B,Manila,Retail,Swing,Voice,Order Support,steady,2026-04,2715000,7.9,1132.0,0.868,415.72,67.15,91.89,4.59,0.835,0.077,0.11,0.73,0
2026-04-19,A021,Team Manila B,Manila,Retail,Night,Voice,Order Support,senior,2026-04,2715000,7.9,1207.0,0.838,391.91,63.43,92.97,4.59,0.84,0.065,0.093,0.28,0
2026-04-19,A022,Team Manila B,Manila,Retail,Day,Voice,Order Support,new,2026-04,2715000,7.9,1282.0,0.848,447.48,72.11,90.45,4.59,0.829,0.069,0.107,0.43,0
2026-04-19,A023,Team Manila B,Manila,Retail,Swing,Voice,Order Support,steady,2026-04,2715000,7.9,1356.0,0.858,415.72,67.15,91.89,4.59,0.835,0.073,0.104,0.58,0
2026-04-19,A024,Team Manila B,Manila,Retail,Night,Voice,Order Support,senior,2026-04,2715000,7.9,1431.0,0.868,391.91,63.43,92.97,4.59,0.84,0.077,0.102,0.73,0
2026-04-19,A025,Team Cebu C,Cebu,Travel,Day,Voice,Reservations,new,2026-04,2715000,7.9,1058.0,0.843,499.97,72.11,90.45,4.5,0.823,0.079,0.116,0.28,0
2026-04-19,A026,Team Cebu C,Cebu,Travel,Swing,Voice,Reservations,steady,2026-04,2715000,7.9,1132.0,0.853,464.33,67.15,91.89,4.5,0.829,0.083,0.098,0.43,0
2026-04-19,A027,Team Cebu C,Cebu,Travel,Night,Voice,Reservations,senior,2026-04,2715000,7.9,1207.0,0.863,437.6,63.43,92.97,4.5,0.834,0.087,0.096,0.58,0
2026-04-19,A028,Team Cebu C,Cebu,Travel,Day,Voice,Reservations,new,2026-04,2715000,7.9,1282.0,0.873,499.97,72.11,90.45,4.5,0.823,0.091,0.11,0.73,0
2026-04-19,A029,Team Cebu C,Cebu,Travel,Swing,Voice,Reservations,steady,2026-04,2715000,7.9,1356.0,0.843,464.33,67.15,91.89,4.5,0.829,0.079,0.107,0.28,0
2026-04-19,A030,Team Cebu C,Cebu,Travel,Night,Voice,Reservations,senior,2026-04,2715000,7.9,1431.0,0.853,437.6,63.43,92.97,4.5,0.834,0.083,0.105,0.43,0
2026-04-19,A031,Team Cebu C,Cebu,Travel,Day,Voice,Reservations,new,2026-04,2715000,7.9,1058.0,0.863,499.97,72.11,90.45,4.5,0.823,0.087,0.104,0.58,0
2026-04-19,A032,Team Cebu C,Cebu,Travel,Swing,Voice,Reservations,steady,2026-04,2715000,7.9,1132.0,0.873,464.33,67.15,91.89,4.5,0.829,0.091,0.101,0.73,0
2026-04-19,A033,Team Cebu C,Cebu,Travel,Night,Voice,Reservations,senior,2026-04,2715000,7.9,1207.0,0.843,437.6,63.43,92.97,4.5,0.834,0.079,0.099,0.28,0
2026-04-19,A034,Team Cebu C,Cebu,Travel,Day,Voice,Reservations,new,2026-04,2715000,7.9,1282.0,0.853,499.97,72.11,90.45,4.5,0.823,0.083,0.113,0.43,0
2026-04-19,A035,Team Cebu C,Cebu,Travel,Swing,Voice,Reservations,steady,2026-04,2715000,7.9,1356.0,0.863,464.33,67.15,91.89,4.5,0.829,0.087,0.11,0.58,0
2026-04-19,A036,Team Cebu C,Cebu,Travel,Night,Voice,Reservations,senior,2026-04,2715000,7.9,1431.0,0.873,437.6,63.43,92.97,4.5,0.834,0.091,0.093,0.73,0
2026-04-19,A037,Team Davao D,Davao,Healthcare,Day,Voice,Benefits,new,2026-04,2715000,7.9,1058.0,0.84,464.97,72.11,90.45,4.56,0.827,0.07,0.107,0.28,0
2026-04-19,A038,Team Davao D,Davao,Healthcare,Swing,Voice,Benefits,steady,2026-04,2715000,7.9,1132.0,0.85,431.93,67.15,91.89,4.56,0.833,0.074,0.104,0.43,0
2026-04-19,A039,Team Davao D,Davao,Healthcare,Night,Voice,Benefits,senior,2026-04,2715000,7.9,1207.0,0.86,407.14,63.43,92.97,4.56,0.838,0.078,0.102,0.58,0
2026-04-19,A040,Team Davao D,Davao,Healthcare,Day,Voice,Benefits,new,2026-04,2715000,7.9,1282.0,0.87,464.97,72.11,90.45,4.56,0.827,0.082,0.116,0.73,0
2026-04-19,A041,Team Davao D,Davao,Healthcare,Swing,Voice,Benefits,steady,2026-04,2715000,7.9,1356.0,0.84,431.93,67.15,91.89,4.56,0.833,0.07,0.098,0.28,0
2026-04-19,A042,Team Davao D,Davao,Healthcare,Night,Voice,Benefits,senior,2026-04,2715000,7.9,1431.0,0.85,407.14,63.43,92.97,4.56,0.838,0.074,0.096,0.43,0
2026-04-19,A043,Team Davao D,Davao,Healthcare,Day,Voice,Benefits,new,2026-04,2715000,7.9,1058.0,0.86,464.97,72.11,90.45,4.56,0.827,0.078,0.11,0.58,0
2026-04-19,A044,Team Davao D,Davao,Healthcare,Swing,Voice,Benefits,steady,2026-04,2715000,7.9,1132.0,0.87,431.93,67.15,91.89,4.56,0.833,0.082,0.107,0.73,0
2026-04-19,A045,Team Davao D,Davao,Healthcare,Night,Voice,Benefits,senior,2026-04,2715000,7.9,1207.0,0.84,407.14,63.43,92.97,4.56,0.838,0.07,0.105,0.28,0
2026-04-19,A046,Team Davao D,Davao,Healthcare,Day,Voice,Benefits,new,2026-04,2715000,7.9,1282.0,0.85,464.97,72.11,90.45,4.56,0.827,0.074,0.104,0.43,0
2026-04-19,A047,Team Davao D,Davao,Healthcare,Swing,Voice,Benefits,steady,2026-04,2715000,7.9,1356.0,0.86,431.93,67.15,91.89,4.56,0.833,0.078,0.101,0.58,0
2026-04-19,A048,Team Davao D,Davao,Healthcare,Night,Voice,Benefits,senior,2026-04,2715000,7.9,1431.0,0.87,407.14,63.43,92.97,4.56,0.838,0.082,0.099,0.73,1
2026-04-20,A001,Team Manila A,Manila,Telco,Day,Voice,Retention,new,2026-04,2715000,7.9,1731.0,0.841,487.47,73.31,90.27,4.52,0.825,0.074,0.104,0.36,0
2026-04-20,A002,Team Manila A,Manila,Telco,Swing,Voice,Retention,steady,2026-04,2715000,7.9,1853.0,0.851,453.12,68.35,91.71,4.52,0.831,0.078,0.101,0.51,0
2026-04-20,A003,Team Manila A,Manila,Telco,Night,Voice,Retention,senior,2026-04,2715000,7.9,1975.0,0.861,427.37,64.63,92.79,4.52,0.836,0.082,0.099,0.66,0
2026-04-20,A004,Team Manila A,Manila,Telco,Day,Voice,Retention,new,2026-04,2715000,7.9,2097.0,0.871,487.47,73.31,90.27,4.52,0.825,0.086,0.113,0.81,0
2026-04-20,A005,Team Manila A,Manila,Telco,Swing,Voice,Retention,steady,2026-04,2715000,7.9,2220.0,0.841,453.12,68.35,91.71,4.52,0.831,0.074,0.11,0.36,0
2026-04-20,A006,Team Manila A,Manila,Telco,Night,Voice,Retention,senior,2026-04,2715000,7.9,2342.0,0.851,427.37,64.63,92.79,4.52,0.836,0.078,0.093,0.51,0
2026-04-20,A007,Team Manila A,Manila,Telco,Day,Voice,Retention,new,2026-04,2715000,7.9,1731.0,0.861,487.47,73.31,90.27,4.52,0.825,0.082,0.107,0.66,0
2026-04-20,A008,Team Manila A,Manila,Telco,Swing,Voice,Retention,steady,2026-04,2715000,7.9,1853.0,0.871,453.12,68.35,91.71,4.52,0.831,0.086,0.104,0.81,0
2026-04-20,A009,Team Manila A,Manila,Telco,Night,Voice,Retention,senior,2026-04,2715000,7.9,1975.0,0.841,427.37,64.63,92.79,4.52,0.836,0.074,0.102,0.36,0
2026-04-20,A010,Team Manila A,Manila,Telco,Day,Voice,Retention,new,2026-04,2715000,7.9,2097.0,0.851,487.47,73.31,90.27,4.52,0.825,0.078,0.116,0.51,0
2026-04-20,A011,Team Manila A,Manila,Telco,Swing,Voice,Retention,steady,2026-04,2715000,7.9,2220.0,0.861,453.12,68.35,91.71,4.52,0.831,0.082,0.098,0.66,0
2026-04-20,A012,Team Manila A,Manila,Telco,Night,Voice,Retention,senior,2026-04,2715000,7.9,2342.0,0.871,427.37,64.63,92.79,4.52,0.836,0.086,0.096,0.81,0
2026-04-20,A013,Team Manila B,Manila,Retail,Day,Voice,Order Support,new,2026-04,2715000,7.9,1731.0,0.838,452.48,73.31,90.27,4.58,0.829,0.065,0.11,0.36,0
2026-04-20,A014,Team Manila B,Manila,Retail,Swing,Voice,Order Support,steady,2026-04,2715000,7.9,1853.0,0.848,420.72,68.35,91.71,4.58,0.835,0.069,0.107,0.51,0
2026-04-20,A015,Team Manila B,Manila,Retail,Night,Voice,Order Support,senior,2026-04,2715000,7.9,1975.0,0.858,396.91,64.63,92.79,4.58,0.84,0.073,0.105,0.66,0
2026-04-20,A016,Team Manila B,Manila,Retail,Day,Voice,Order Support,new,2026-04,2715000,7.9,2097.0,0.868,452.48,73.31,90.27,4.58,0.829,0.077,0.104,0.81,0
2026-04-20,A017,Team Manila B,Manila,Retail,Swing,Voice,Order Support,steady,2026-04,2715000,7.9,2220.0,0.838,420.72,68.35,91.71,4.58,0.835,0.065,0.101,0.36,0
2026-04-20,A018,Team Manila B,Manila,Retail,Night,Voice,Order Support,senior,2026-04,2715000,7.9,2342.0,0.848,396.91,64.63,92.79,4.58,0.84,0.069,0.099,0.51,0
2026-04-20,A019,Team Manila B,Manila,Retail,Day,Voice,Order Support,new,2026-04,2715000,7.9,1731.0,0.858,452.48,73.31,90.27,4.58,0.829,0.073,0.113,0.66,0
2026-04-20,A020,Team Manila B,Manila,Retail,Swing,Voice,Order Support,steady,2026-04,2715000,7.9,1853.0,0.868,420.72,68.35,91.71,4.58,0.835,0.077,0.11,0.81,0
2026-04-20,A021,Team Manila B,Manila,Retail,Night,Voice,Order Support,senior,2026-04,2715000,7.9,1975.0,0.838,396.91,64.63,92.79,4.58,0.84,0.065,0.093,0.36,0
2026-04-20,A022,Team Manila B,Manila,Retail,Day,Voice,Order Support,new,2026-04,2715000,7.9,2097.0,0.848,452.48,73.31,90.27,4.58,0.829,0.069,0.107,0.51,0
2026-04-20,A023,Team Manila B,Manila,Retail,Swing,Voice,Order Support,steady,2026-04,2715000,7.9,2220.0,0.858,420.72,68.35,91.71,4.58,0.835,0.073,0.104,0.66,0
2026-04-20,A024,Team Manila B,Manila,Retail,Night,Voice,Order Support,senior,2026-04,2715000,7.9,2342.0,0.868,396.91,64.63,92.79,4.58,0.84,0.077,0.102,0.81,0
2026-04-20,A025,Team Cebu C,Cebu,Travel,Day,Voice,Reservations,new,2026-04,2715000,7.9,1731.0,0.843,504.97,73.31,90.27,4.49,0.823,0.079,0.116,0.36,0
2026-04-20,A026,Team Cebu C,Cebu,Travel,Swing,Voice,Reservations,steady,2026-04,2715000,7.9,1853.0,0.853,469.33,68.35,91.71,4.49,0.829,0.083,0.098,0.51,0
2026-04-20,A027,Team Cebu C,Cebu,Travel,Night,Voice,Reservations,senior,2026-04,2715000,7.9,1975.0,0.863,442.6,64.63,92.79,4.49,0.834,0.087,0.096,0.66,0
2026-04-20,A028,Team Cebu C,Cebu,Travel,Day,Voice,Reservations,new,2026-04,2715000,7.9,2097.0,0.873,504.97,73.31,90.27,4.49,0.823,0.091,0.11,0.81,0
2026-04-20,A029,Team Cebu C,Cebu,Travel,Swing,Voice,Reservations,steady,2026-04,2715000,7.9,2220.0,0.843,469.33,68.35,91.71,4.49,0.829,0.079,0.107,0.36,0
2026-04-20,A030,Team Cebu C,Cebu,Travel,Night,Voice,Reservations,senior,2026-04,2715000,7.9,2342.0,0.853,442.6,64.63,92.79,4.49,0.834,0.083,0.105,0.51,1
2026-04-20,A031,Team Cebu C,Cebu,Travel,Day,Voice,Reservations,new,2026-04,2715000,7.9,1731.0,0.863,504.97,73.31,90.27,4.49,0.823,0.087,0.104,0.66,0
2026-04-20,A032,Team Cebu C,Cebu,Travel,Swing,Voice,Reservations,steady,2026-04,2715000,7.9,1853.0,0.873,469.33,68.35,91.71,4.49,0.829,0.091,0.101,0.81,0
2026-04-20,A033,Team Cebu C,Cebu,Travel,Night,Voice,Reservations,senior,2026-04,2715000,7.9,1975.0,0.843,442.6,64.63,92.79,4.49,0.834,0.079,0.099,0.36,0
2026-04-20,A034,Team Cebu C,Cebu,Travel,Day,Voice,Reservations,new,2026-04,2715000,7.9,2097.0,0.853,504.97,73.31,90.27,4.49,0.823,0.083,0.113,0.51,0
2026-04-20,A035,Team Cebu C,Cebu,Travel,Swing,Voice,Reservations,steady,2026-04,2715000,7.9,2220.0,0.863,469.33,68.35,91.71,4.49,0.829,0.087,0.11,0.66,0
2026-04-20,A036,Team Cebu C,Cebu,Travel,Night,Voice,Reservations,senior,2026-04,2715000,7.9,2342.0,0.873,442.6,64.63,92.79,4.49,0.834,0.091,0.093,0.81,0
2026-04-20,A037,Team Davao D,Davao,Healthcare,Day,Voice,Benefits,new,2026-04,2715000,7.9,1731.0,0.84,469.97,73.31,90.27,4.55,0.827,0.07,0.107,0.36,0
2026-04-20,A038,Team Davao D,Davao,Healthcare,Swing,Voice,Benefits,steady,2026-04,2715000,7.9,1853.0,0.85,436.93,68.35,91.71,4.55,0.833,0.074,0.104,0.51,0
2026-04-20,A039,Team Davao D,Davao,Healthcare,Night,Voice,Benefits,senior,2026-04,2715000,7.9,1975.0,0.86,412.14,64.63,92.79,4.55,0.838,0.078,0.102,0.66,0
2026-04-20,A040,Team Davao D,Davao,Healthcare,Day,Voice,Benefits,new,2026-04,2715000,7.9,2097.0,0.87,469.97,73.31,90.27,4.55,0.827,0.082,0.116,0.81,0
2026-04-20,A041,Team Davao D,Davao,Healthcare,Swing,Voice,Benefits,steady,2026-04,2715000,7.9,2220.0,0.84,436.93,68.35,91.71,4.55,0.833,0.07,0.098,0.36,0
2026-04-20,A042,Team Davao D,Davao,Healthcare,Night,Voice,Benefits,senior,2026-04,2715000,7.9,2342.0,0.85,412.14,64.63,92.79,4.55,0.838,0.074,0.096,0.51,0
2026-04-20,A043,Team Davao D,Davao,Healthcare,Day,Voice,Benefits,new,2026-04,2715000,7.9,1731.0,0.86,469.97,73.31,90.27,4.55,0.827,0.078,0.11,0.66,0
2026-04-20,A044,Team Davao D,Davao,Healthcare,Swing,Voice,Benefits,steady,2026-04,2715000,7.9,1853.0,0.87,436.93,68.35,91.71,4.55,0.833,0.082,0.107,0.81,0
2026-04-20,A045,Team Davao D,Davao,Healthcare,Night,Voice,Benefits,senior,2026-04,2715000,7.9,1975.0,0.84,412.14,64.63,92.79,4.55,0.838,0.07,0.105,0.36,0
2026-04-20,A046,Team Davao D,Davao,Healthcare,Day,Voice,Benefits,new,2026-04,2715000,7.9,2097.0,0.85,469.97,73.31,90.27,4.55,0.827,0.074,0.104,0.51,0
2026-04-20,A047,Team Davao D,Davao,Healthcare,Swing,Voice,Benefits,steady,2026-04,2715000,7.9,2220.0,0.86,436.93,68.35,91.71,4.55,0.833,0.078,0.101,0.66,0
2026-04-20,A048,Team Davao D,Davao,Healthcare,Night,Voice,Benefits,senior,2026-04,2715000,7.9,2342.0,0.87,412.14,64.63,92.79,4.55,0.838,0.082,0.099,0.81,0
2026-04-21,A001,Team Manila A,Manila,Telco,Day,Voice,Retention,new,2026-04,2715000,7.9,1667.0,0.841,492.47,74.51,90.09,4.51,0.825,0.074,0.104,0.44,0
2026-04-21,A002,Team Manila A,Manila,Telco,Swing,Voice,Retention,steady,2026-04,2715000,7.9,1784.0,0.851,458.12,69.55,91.53,4.51,0.831,0.078,0.101,0.59,0
2026-04-21,A003,Team Manila A,Manila,Telco,Night,Voice,Retention,senior,2026-04,2715000,7.9,1902.0,0.861,432.37,65.83,92.61,4.51,0.836,0.082,0.099,0.74,0
2026-04-21,A004,Team Manila A,Manila,Telco,Day,Voice,Retention,new,2026-04,2715000,7.9,2020.0,0.871,492.47,74.51,90.09,4.51,0.825,0.086,0.113,0.89,0
2026-04-21,A005,Team Manila A,Manila,Telco,Swing,Voice,Retention,steady,2026-04,2715000,7.9,2137.0,0.841,458.12,69.55,91.53,4.51,0.831,0.074,0.11,0.44,0
2026-04-21,A006,Team Manila A,Manila,Telco,Night,Voice,Retention,senior,2026-04,2715000,7.9,2255.0,0.851,432.37,65.83,92.61,4.51,0.836,0.078,0.093,0.59,0
2026-04-21,A007,Team Manila A,Manila,Telco,Day,Voice,Retention,new,2026-04,2715000,7.9,1667.0,0.861,492.47,74.51,90.09,4.51,0.825,0.082,0.107,0.74,0
2026-04-21,A008,Team Manila A,Manila,Telco,Swing,Voice,Retention,steady,2026-04,2715000,7.9,1784.0,0.871,458.12,69.55,91.53,4.51,0.831,0.086,0.104,0.89,0
2026-04-21,A009,Team Manila A,Manila,Telco,Night,Voice,Retention,senior,2026-04,2715000,7.9,1902.0,0.841,432.37,65.83,92.61,4.51,0.836,0.074,0.102,0.44,0
2026-04-21,A010,Team Manila A,Manila,Telco,Day,Voice,Retention,new,2026-04,2715000,7.9,2020.0,0.851,492.47,74.51,90.09,4.51,0.825,0.078,0.116,0.59,0
2026-04-21,A011,Team Manila A,Manila,Telco,Swing,Voice,Retention,steady,2026-04,2715000,7.9,2137.0,0.861,458.12,69.55,91.53,4.51,0.831,0.082,0.098,0.74,0
2026-04-21,A012,Team Manila A,Manila,Telco,Night,Voice,Retention,senior,2026-04,2715000,7.9,2255.0,0.871,432.37,65.83,92.61,4.51,0.836,0.086,0.096,0.89,1
2026-04-21,A013,Team Manila B,Manila,Retail,Day,Voice,Order Support,new,2026-04,2715000,7.9,1667.0,0.838,457.48,74.51,90.09,4.57,0.829,0.065,0.11,0.44,0
2026-04-21,A014,Team Manila B,Manila,Retail,Swing,Voice,Order Support,steady,2026-04,2715000,7.9,1784.0,0.848,425.72,69.55,91.53,4.57,0.835,0.069,0.107,0.59,0
2026-04-21,A015,Team Manila B,Manila,Retail,Night,Voice,Order Support,senior,2026-04,2715000,7.9,1902.0,0.858,401.91,65.83,92.61,4.57,0.84,0.073,0.105,0.74,0
2026-04-21,A016,Team Manila B,Manila,Retail,Day,Voice,Order Support,new,2026-04,2715000,7.9,2020.0,0.868,457.48,74.51,90.09,4.57,0.829,0.077,0.104,0.89,0
2026-04-21,A017,Team Manila B,Manila,Retail,Swing,Voice,Order Support,steady,2026-04,2715000,7.9,2137.0,0.838,425.72,69.55,91.53,4.57,0.835,0.065,0.101,0.44,0
2026-04-21,A018,Team Manila B,Manila,Retail,Night,Voice,Order Support,senior,2026-04,2715000,7.9,2255.0,0.848,401.91,65.83,92.61,4.57,0.84,0.069,0.099,0.59,0
2026-04-21,A019,Team Manila B,Manila,Retail,Day,Voice,Order Support,new,2026-04,2715000,7.9,1667.0,0.858,457.48,74.51,90.09,4.57,0.829,0.073,0.113,0.74,0
2026-04-21,A020,Team Manila B,Manila,Retail,Swing,Voice,Order Support,steady,2026-04,2715000,7.9,1784.0,0.868,425.72,69.55,91.53,4.57,0.835,0.077,0.11,0.89,0
2026-04-21,A021,Team Manila B,Manila,Retail,Night,Voice,Order Support,senior,2026-04,2715000,7.9,1902.0,0.838,401.91,65.83,92.61,4.57,0.84,0.065,0.093,0.44,0
2026-04-21,A022,Team Manila B,Manila,Retail,Day,Voice,Order Support,new,2026-04,2715000,7.9,2020.0,0.848,457.48,74.51,90.09,4.57,0.829,0.069,0.107,0.59,0
2026-04-21,A023,Team Manila B,Manila,Retail,Swing,Voice,Order Support,steady,2026-04,2715000,7.9,2137.0,0.858,425.72,69.55,91.53,4.57,0.835,0.073,0.104,0.74,0
2026-04-21,A024,Team Manila B,Manila,Retail,Night,Voice,Order Support,senior,2026-04,2715000,7.9,2255.0,0.868,401.91,65.83,92.61,4.57,0.84,0.077,0.102,0.89,0
2026-04-21,A025,Team Cebu C,Cebu,Travel,Day,Voice,Reservations,new,2026-04,2715000,7.9,1667.0,0.843,509.97,74.51,90.09,4.48,0.823,0.079,0.116,0.44,0
2026-04-21,A026,Team Cebu C,Cebu,Travel,Swing,Voice,Reservations,steady,2026-04,2715000,7.9,1784.0,0.853,474.33,69.55,91.53,4.48,0.829,0.083,0.098,0.59,0
2026-04-21,A027,Team Cebu C,Cebu,Travel,Night,Voice,Reservations,senior,2026-04,2715000,7.9,1902.0,0.863,447.6,65.83,92.61,4.48,0.834,0.087,0.096,0.74,0
2026-04-21,A028,Team Cebu C,Cebu,Travel,Day,Voice,Reservations,new,2026-04,2715000,7.9,2020.0,0.873,509.97,74.51,90.09,4.48,0.823,0.091,0.11,0.89,0
2026-04-21,A029,Team Cebu C,Cebu,Travel,Swing,Voice,Reservations,steady,2026-04,2715000,7.9,2137.0,0.843,474.33,69.55,91.53,4.48,0.829,0.079,0.107,0.44,0
2026-04-21,A030,Team Cebu C,Cebu,Travel,Night,Voice,Reservations,senior,2026-04,2715000,7.9,2255.0,0.853,447.6,65.83,92.61,4.48,0.834,0.083,0.105,0.59,0
2026-04-21,A031,Team Cebu C,Cebu,Travel,Day,Voice,Reservations,new,2026-04,2715000,7.9,1667.0,0.863,509.97,74.51,90.09,4.48,0.823,0.087,0.104,0.74,0
2026-04-21,A032,Team Cebu C,Cebu,Travel,Swing,Voice,Reservations,steady,2026-04,2715000,7.9,1784.0,0.873,474.33,69.55,91.53,4.48,0.829,0.091,0.101,0.89,0
2026-04-21,A033,Team Cebu C,Cebu,Travel,Night,Voice,Reservations,senior,2026-04,2715000,7.9,1902.0,0.843,447.6,65.83,92.61,4.48,0.834,0.079,0.099,0.44,0
2026-04-21,A034,Team Cebu C,Cebu,Travel,Day,Voice,Reservations,new,2026-04,2715000,7.9,2020.0,0.853,509.97,74.51,90.09,4.48,0.823,0.083,0.113,0.59,0
2026-04-21,A035,Team Cebu C,Cebu,Travel,Swing,Voice,Reservations,steady,2026-04,2715000,7.9,2137.0,0.863,474.33,69.55,91.53,4.48,0.829,0.087,0.11,0.74,0
2026-04-21,A036,Team Cebu C,Cebu,Travel,Night,Voice,Reservations,senior,2026-04,2715000,7.9,2255.0,0.873,447.6,65.83,92.61,4.48,0.834,0.091,0.093,0.89,0
2026-04-21,A037,Team Davao D,Davao,Healthcare,Day,Voice,Benefits,new,2026-04,2715000,7.9,1667.0,0.84,474.97,74.51,90.09,4.54,0.827,0.07,0.107,0.44,0
2026-04-21,A038,Team Davao D,Davao,Healthcare,Swing,Voice,Benefits,steady,2026-04,2715000,7.9,1784.0,0.85,441.93,69.55,91.53,4.54,0.833,0.074,0.104,0.59,0
2026-04-21,A039,Team Davao D,Davao,Healthcare,Night,Voice,Benefits,senior,2026-04,2715000,7.9,1902.0,0.86,417.14,65.83,92.61,4.54,0.838,0.078,0.102,0.74,0
2026-04-21,A040,Team Davao D,Davao,Healthcare,Day,Voice,Benefits,new,2026-04,2715000,7.9,2020.0,0.87,474.97,74.51,90.09,4.54,0.827,0.082,0.116,0.89,0
2026-04-21,A041,Team Davao D,Davao,Healthcare,Swing,Voice,Benefits,steady,2026-04,2715000,7.9,2137.0,0.84,441.93,69.55,91.53,4.54,0.833,0.07,0.098,0.44,0
2026-04-21,A042,Team Davao D,Davao,Healthcare,Night,Voice,Benefits,senior,2026-04,2715000,7.9,2255.0,0.85,417.14,65.83,92.61,4.54,0.838,0.074,0.096,0.59,0
2026-04-21,A043,Team Davao D,Davao,Healthcare,Day,Voice,Benefits,new,2026-04,2715000,7.9,1667.0,0.86,474.97,74.51,90.09,4.54,0.827,0.078,0.11,0.74,0
2026-04-21,A044,Team Davao D,Davao,Healthcare,Swing,Voice,Benefits,steady,2026-04,2715000,7.9,1784.0,0.87,441.93,69.55,91.53,4.54,0.833,0.082,0.107,0.89,0
2026-04-21,A045,Team Davao D,Davao,Healthcare,Night,Voice,Benefits,senior,2026-04,2715000,7.9,1902.0,0.84,417.14,65.83,92.61,4.54,0.838,0.07,0.105,0.44,0
2026-04-21,A046,Team Davao D,Davao,Healthcare,Day,Voice,Benefits,new,2026-04,2715000,7.9,2020.0,0.85,474.97,74.51,90.09,4.54,0.827,0.074,0.104,0.59,0
2026-04-21,A047,Team Davao D,Davao,Healthcare,Swing,Voice,Benefits,steady,2026-04,2715000,7.9,2137.0,0.86,441.93,69.55,91.53,4.54,0.833,0.078,0.101,0.74,0
2026-04-21,A048,Team Davao D,Davao,Healthcare,Night,Voice,Benefits,senior,2026-04,2715000,7.9,2255.0,0.87,417.14,65.83,92.61,4.54,0.838,0.082,0.099,0.89,0
2026-04-22,A001,Team Manila A,Manila,Telco,Day,Voice,Retention,new,2026-04,2715000,7.9,1603.0,0.841,462.47,67.31,90.09,4.51,0.825,0.074,0.104,0.2,0
2026-04-22,A002,Team Manila A,Manila,Telco,Swing,Voice,Retention,steady,2026-04,2715000,7.9,1716.0,0.851,428.12,62.35,91.53,4.51,0.831,0.078,0.101,0.35,0
2026-04-22,A003,Team Manila A,Manila,Telco,Night,Voice,Retention,senior,2026-04,2715000,7.9,1829.0,0.861,402.37,58.63,92.61,4.51,0.836,0.082,0.099,0.5,0
2026-04-22,A004,Team Manila A,Manila,Telco,Day,Voice,Retention,new,2026-04,2715000,7.9,1942.0,0.871,462.47,67.31,90.09,4.51,0.825,0.086,0.113,0.65,0
2026-04-22,A005,Team Manila A,Manila,Telco,Swing,Voice,Retention,steady,2026-04,2715000,7.9,2055.0,0.841,428.12,62.35,91.53,4.51,0.831,0.074,0.11,0.2,0
2026-04-22,A006,Team Manila A,Manila,Telco,Night,Voice,Retention,senior,2026-04,2715000,7.9,2168.0,0.851,402.37,58.63,92.61,4.51,0.836,0.078,0.093,0.35,0
2026-04-22,A007,Team Manila A,Manila,Telco,Day,Voice,Retention,new,2026-04,2715000,7.9,1603.0,0.861,462.47,67.31,90.09,4.51,0.825,0.082,0.107,0.5,0
2026-04-22,A008,Team Manila A,Manila,Telco,Swing,Voice,Retention,steady,2026-04,2715000,7.9,1716.0,0.871,428.12,62.35,91.53,4.51,0.831,0.086,0.104,0.65,0
2026-04-22,A009,Team Manila A,Manila,Telco,Night,Voice,Retention,senior,2026-04,2715000,7.9,1829.0,0.841,402.37,58.63,92.61,4.51,0.836,0.074,0.102,0.2,0
2026-04-22,A010,Team Manila A,Manila,Telco,Day,Voice,Retention,new,2026-04,2715000,7.9,1942.0,0.851,462.47,67.31,90.09,4.51,0.825,0.078,0.116,0.35,0
2026-04-22,A011,Team Manila A,Manila,Telco,Swing,Voice,Retention,steady,2026-04,2715000,7.9,2055.0,0.861,428.12,62.35,91.53,4.51,0.831,0.082,0.098,0.5,0
2026-04-22,A012,Team Manila A,Manila,Telco,Night,Voice,Retention,senior,2026-04,2715000,7.9,2168.0,0.871,402.37,58.63,92.61,4.51,0.836,0.086,0.096,0.65,0
2026-04-22,A013,Team Manila B,Manila,Retail,Day,Voice,Order Support,new,2026-04,2715000,7.9,1603.0,0.838,427.48,67.31,90.09,4.57,0.829,0.065,0.11,0.2,0
2026-04-22,A014,Team Manila B,Manila,Retail,Swing,Voice,Order Support,steady,2026-04,2715000,7.9,1716.0,0.848,395.72,62.35,91.53,4.57,0.835,0.069,0.107,0.35,0
2026-04-22,A015,Team Manila B,Manila,Retail,Night,Voice,Order Support,senior,2026-04,2715000,7.9,1829.0,0.858,371.91,58.63,92.61,4.57,0.84,0.073,0.105,0.5,0
2026-04-22,A016,Team Manila B,Manila,Retail,Day,Voice,Order Support,new,2026-04,2715000,7.9,1942.0,0.868,427.48,67.31,90.09,4.57,0.829,0.077,0.104,0.65,0
2026-04-22,A017,Team Manila B,Manila,Retail,Swing,Voice,Order Support,steady,2026-04,2715000,7.9,2055.0,0.838,395.72,62.35,91.53,4.57,0.835,0.065,0.101,0.2,0
2026-04-22,A018,Team Manila B,Manila,Retail,Night,Voice,Order Support,senior,2026-04,2715000,7.9,2168.0,0.848,371.91,58.63,92.61,4.57,0.84,0.069,0.099,0.35,0
2026-04-22,A019,Team Manila B,Manila,Retail,Day,Voice,Order Support,new,2026-04,2715000,7.9,1603.0,0.858,427.48,67.31,90.09,4.57,0.829,0.073,0.113,0.5,0
2026-04-22,A020,Team Manila B,Manila,Retail,Swing,Voice,Order Support,steady,2026-04,2715000,7.9,1716.0,0.868,395.72,62.35,91.53,4.57,0.835,0.077,0.11,0.65,0
2026-04-22,A021,Team Manila B,Manila,Retail,Night,Voice,Order Support,senior,2026-04,2715000,7.9,1829.0,0.838,371.91,58.63,92.61,4.57,0.84,0.065,0.093,0.2,0
2026-04-22,A022,Team Manila B,Manila,Retail,Day,Voice,Order Support,new,2026-04,2715000,7.9,1942.0,0.848,427.48,67.31,90.09,4.57,0.829,0.069,0.107,0.35,0
2026-04-22,A023,Team Manila B,Manila,Retail,Swing,Voice,Order Support,steady,2026-04,2715000,7.9,2055.0,0.858,395.72,62.35,91.53,4.57,0.835,0.073,0.104,0.5,0
2026-04-22,A024,Team Manila B,Manila,Retail,Night,Voice,Order Support,senior,2026-04,2715000,7.9,2168.0,0.868,371.91,58.63,92.61,4.57,0.84,0.077,0.102,0.65,0
2026-04-22,A025,Team Cebu C,Cebu,Travel,Day,Voice,Reservations,new,2026-04,2715000,7.9,1603.0,0.843,479.97,67.31,90.09,4.48,0.823,0.079,0.116,0.2,0
2026-04-22,A026,Team Cebu C,Cebu,Travel,Swing,Voice,Reservations,steady,2026-04,2715000,7.9,1716.0,0.853,444.33,62.35,91.53,4.48,0.829,0.083,0.098,0.35,0
2026-04-22,A027,Team Cebu C,Cebu,Travel,Night,Voice,Reservations,senior,2026-04,2715000,7.9,1829.0,0.863,417.6,58.63,92.61,4.48,0.834,0.087,0.096,0.5,0
2026-04-22,A028,Team Cebu C,Cebu,Travel,Day,Voice,Reservations,new,2026-04,2715000,7.9,1942.0,0.873,479.97,67.31,90.09,4.48,0.823,0.091,0.11,0.65,0
2026-04-22,A029,Team Cebu C,Cebu,Travel,Swing,Voice,Reservations,steady,2026-04,2715000,7.9,2055.0,0.843,444.33,62.35,91.53,4.48,0.829,0.079,0.107,0.2,0
2026-04-22,A030,Team Cebu C,Cebu,Travel,Night,Voice,Reservations,senior,2026-04,2715000,7.9,2168.0,0.853,417.6,58.63,92.61,4.48,0.834,0.083,0.105,0.35,0
2026-04-22,A031,Team Cebu C,Cebu,Travel,Day,Voice,Reservations,new,2026-04,2715000,7.9,1603.0,0.863,479.97,67.31,90.09,4.48,0.823,0.087,0.104,0.5,0
2026-04-22,A032,Team Cebu C,Cebu,Travel,Swing,Voice,Reservations,steady,2026-04,2715000,7.9,1716.0,0.873,444.33,62.35,91.53,4.48,0.829,0.091,0.101,0.65,0
2026-04-22,A033,Team Cebu C,Cebu,Travel,Night,Voice,Reservations,senior,2026-04,2715000,7.9,1829.0,0.843,417.6,58.63,92.61,4.48,0.834,0.079,0.099,0.2,0
2026-04-22,A034,Team Cebu C,Cebu,Travel,Day,Voice,Reservations,new,2026-04,2715000,7.9,1942.0,0.853,479.97,67.31,90.09,4.48,0.823,0.083,0.113,0.35,0
2026-04-22,A035,Team Cebu C,Cebu,Travel,Swing,Voice,Reservations,steady,2026-04,2715000,7.9,2055.0,0.863,444.33,62.35,91.53,4.48,0.829,0.087,0.11,0.5,0
2026-04-22,A036,Team Cebu C,Cebu,Travel,Night,Voice,Reservations,senior,2026-04,2715000,7.9,2168.0,0.873,417.6,58.63,92.61,4.48,0.834,0.091,0.093,0.65,0
2026-04-22,A037,Team Davao D,Davao,Healthcare,Day,Voice,Benefits,new,2026-04,2715000,7.9,1603.0,0.84,444.97,67.31,90.09,4.54,0.827,0.07,0.107,0.2,0
2026-04-22,A038,Team Davao D,Davao,Healthcare,Swing,Voice,Benefits,steady,2026-04,2715000,7.9,1716.0,0.85,411.93,62.35,91.53,4.54,0.833,0.074,0.104,0.35,0
2026-04-22,A039,Team Davao D,Davao,Healthcare,Night,Voice,Benefits,senior,2026-04,2715000,7.9,1829.0,0.86,387.14,58.63,92.61,4.54,0.838,0.078,0.102,0.5,0
2026-04-22,A040,Team Davao D,Davao,Healthcare,Day,Voice,Benefits,new,2026-04,2715000,7.9,1942.0,0.87,444.97,67.31,90.09,4.54,0.827,0.082,0.116,0.65,0
2026-04-22,A041,Team Davao D,Davao,Healthcare,Swing,Voice,Benefits,steady,2026-04,2715000,7.9,2055.0,0.84,411.93,62.35,91.53,4.54,0.833,0.07,0.098,0.2,0
2026-04-22,A042,Team Davao D,Davao,Healthcare,Night,Voice,Benefits,senior,2026-04,2715000,7.9,2168.0,0.85,387.14,58.63,92.61,4.54,0.838,0.074,0.096,0.35,0
2026-04-22,A043,Team Davao D,Davao,Healthcare,Day,Voice,Benefits,new,2026-04,2715000,7.9,1603.0,0.86,444.97,67.31,90.09,4.54,0.827,0.078,0.11,0.5,0
2026-04-22,A044,Team Davao D,Davao,Healthcare,Swing,Voice,Benefits,steady,2026-04,2715000,7.9,1716.0,0.87,411.93,62.35,91.53,4.54,0.833,0.082,0.107,0.65,0
2026-04-22,A045,Team Davao D,Davao,Healthcare,Night,Voice,Benefits,senior,2026-04,2715000,7.9,1829.0,0.84,387.14,58.63,92.61,4.54,0.838,0.07,0.105,0.2,0
2026-04-22,A046,Team Davao D,Davao,Healthcare,Day,Voice,Benefits,new,2026-04,2715000,7.9,1942.0,0.85,444.97,67.31,90.09,4.54,0.827,0.074,0.104,0.35,0
2026-04-22,A047,Team Davao D,Davao,Healthcare,Swing,Voice,Benefits,steady,2026-04,2715000,7.9,2055.0,0.86,411.93,62.35,91.53,4.54,0.833,0.078,0.101,0.5,1
2026-04-22,A048,Team Davao D,Davao,Healthcare,Night,Voice,Benefits,senior,2026-04,2715000,7.9,2168.0,0.87,387.14,58.63,92.61,4.54,0.838,0.082,0.099,0.65,0
2026-04-23,A001,Team Manila A,Manila,Telco,Day,Voice,Retention,new,2026-04,2715000,7.9,1587.0,0.841,467.47,68.51,90.27,4.52,0.825,0.074,0.104,0.2,0
2026-04-23,A002,Team Manila A,Manila,Telco,Swing,Voice,Retention,steady,2026-04,2715000,7.9,1699.0,0.851,433.12,63.55,91.71,4.52,0.831,0.078,0.101,0.35,0
2026-04-23,A003,Team Manila A,Manila,Telco,Night,Voice,Retention,senior,2026-04,2715000,7.9,1811.0,0.861,407.37,59.83,92.79,4.52,0.836,0.082,0.099,0.5,0
2026-04-23,A004,Team Manila A,Manila,Telco,Day,Voice,Retention,new,2026-04,2715000,7.9,1923.0,0.871,467.47,68.51,90.27,4.52,0.825,0.086,0.113,0.65,0
2026-04-23,A005,Team Manila A,Manila,Telco,Swing,Voice,Retention,steady,2026-04,2715000,7.9,2035.0,0.841,433.12,63.55,91.71,4.52,0.831,0.074,0.11,0.2,0
2026-04-23,A006,Team Manila A,Manila,Telco,Night,Voice,Retention,senior,2026-04,2715000,7.9,2147.0,0.851,407.37,59.83,92.79,4.52,0.836,0.078,0.093,0.35,0
2026-04-23,A007,Team Manila A,Manila,Telco,Day,Voice,Retention,new,2026-04,2715000,7.9,1587.0,0.861,467.47,68.51,90.27,4.52,0.825,0.082,0.107,0.5,0
2026-04-23,A008,Team Manila A,Manila,Telco,Swing,Voice,Retention,steady,2026-04,2715000,7.9,1699.0,0.871,433.12,63.55,91.71,4.52,0.831,0.086,0.104,0.65,0
2026-04-23,A009,Team Manila A,Manila,Telco,Night,Voice,Retention,senior,2026-04,2715000,7.9,1811.0,0.841,407.37,59.83,92.79,4.52,0.836,0.074,0.102,0.2,0
2026-04-23,A010,Team Manila A,Manila,Telco,Day,Voice,Retention,new,2026-04,2715000,7.9,1923.0,0.851,467.47,68.51,90.27,4.52,0.825,0.078,0.116,0.35,0
2026-04-23,A011,Team Manila A,Manila,Telco,Swing,Voice,Retention,steady,2026-04,2715000,7.9,2035.0,0.861,433.12,63.55,91.71,4.52,0.831,0.082,0.098,0.5,0
2026-04-23,A012,Team Manila A,Manila,Telco,Night,Voice,Retention,senior,2026-04,2715000,7.9,2147.0,0.871,407.37,59.83,92.79,4.52,0.836,0.086,0.096,0.65,0
2026-04-23,A013,Team Manila B,Manila,Retail,Day,Voice,Order Support,new,2026-04,2715000,7.9,1587.0,0.838,432.48,68.51,90.27,4.58,0.829,0.065,0.11,0.2,0
2026-04-23,A014,Team Manila B,Manila,Retail,Swing,Voice,Order Support,steady,2026-04,2715000,7.9,1699.0,0.848,400.72,63.55,91.71,4.58,0.835,0.069,0.107,0.35,0
2026-04-23,A015,Team Manila B,Manila,Retail,Night,Voice,Order Support,senior,2026-04,2715000,7.9,1811.0,0.858,376.91,59.83,92.79,4.58,0.84,0.073,0.105,0.5,0
2026-04-23,A016,Team Manila B,Manila,Retail,Day,Voice,Order Support,new,2026-04,2715000,7.9,1923.0,0.868,432.48,68.51,90.27,4.58,0.829,0.077,0.104,0.65,0
2026-04-23,A017,Team Manila B,Manila,Retail,Swing,Voice,Order Support,steady,2026-04,2715000,7.9,2035.0,0.838,400.72,63.55,91.71,4.58,0.835,0.065,0.101,0.2,0
2026-04-23,A018,Team Manila B,Manila,Retail,Night,Voice,Order Support,senior,2026-04,2715000,7.9,2147.0,0.848,376.91,59.83,92.79,4.58,0.84,0.069,0.099,0.35,0
2026-04-23,A019,Team Manila B,Manila,Retail,Day,Voice,Order Support,new,2026-04,2715000,7.9,1587.0,0.858,432.48,68.51,90.27,4.58,0.829,0.073,0.113,0.5,0
2026-04-23,A020,Team Manila B,Manila,Retail,Swing,Voice,Order Support,steady,2026-04,2715000,7.9,1699.0,0.868,400.72,63.55,91.71,4.58,0.835,0.077,0.11,0.65,0
2026-04-23,A021,Team Manila B,Manila,Retail,Night,Voice,Order Support,senior,2026-04,2715000,7.9,1811.0,0.838,376.91,59.83,92.79,4.58,0.84,0.065,0.093,0.2,0
2026-04-23,A022,Team Manila B,Manila,Retail,Day,Voice,Order Support,new,2026-04,2715000,7.9,1923.0,0.848,432.48,68.51,90.27,4.58,0.829,0.069,0.107,0.35,0
2026-04-23,A023,Team Manila B,Manila,Retail,Swing,Voice,Order Support,steady,2026-04,2715000,7.9,2035.0,0.858,400.72,63.55,91.71,4.58,0.835,0.073,0.104,0.5,0
2026-04-23,A024,Team Manila B,Manila,Retail,Night,Voice,Order Support,senior,2026-04,2715000,7.9,2147.0,0.868,376.91,59.83,92.79,4.58,0.84,0.077,0.102,0.65,0
2026-04-23,A025,Team Cebu C,Cebu,Travel,Day,Voice,Reservations,new,2026-04,2715000,7.9,1587.0,0.843,484.97,68.51,90.27,4.49,0.823,0.079,0.116,0.2,0
2026-04-23,A026,Team Cebu C,Cebu,Travel,Swing,Voice,Reservations,steady,2026-04,2715000,7.9,1699.0,0.853,449.33,63.55,91.71,4.49,0.829,0.083,0.098,0.35,0
2026-04-23,A027,Team Cebu C,Cebu,Travel,Night,Voice,Reservations,senior,2026-04,2715000,7.9,1811.0,0.863,422.6,59.83,92.79,4.49,0.834,0.087,0.096,0.5,0
2026-04-23,A028,Team Cebu C,Cebu,Travel,Day,Voice,Reservations,new,2026-04,2715000,7.9,1923.0,0.873,484.97,68.51,90.27,4.49,0.823,0.091,0.11,0.65,0
2026-04-23,A029,Team Cebu C,Cebu,Travel,Swing,Voice,Reservations,steady,2026-04,2715000,7.9,2035.0,0.843,449.33,63.55,91.71,4.49,0.829,0.079,0.107,0.2,1
2026-04-23,A030,Team Cebu C,Cebu,Travel,Night,Voice,Reservations,senior,2026-04,2715000,7.9,2147.0,0.853,422.6,59.83,92.79,4.49,0.834,0.083,0.105,0.35,0
2026-04-23,A031,Team Cebu C,Cebu,Travel,Day,Voice,Reservations,new,2026-04,2715000,7.9,1587.0,0.863,484.97,68.51,90.27,4.49,0.823,0.087,0.104,0.5,0
2026-04-23,A032,Team Cebu C,Cebu,Travel,Swing,Voice,Reservations,steady,2026-04,2715000,7.9,1699.0,0.873,449.33,63.55,91.71,4.49,0.829,0.091,0.101,0.65,0
2026-04-23,A033,Team Cebu C,Cebu,Travel,Night,Voice,Reservations,senior,2026-04,2715000,7.9,1811.0,0.843,422.6,59.83,92.79,4.49,0.834,0.079,0.099,0.2,0
2026-04-23,A034,Team Cebu C,Cebu,Travel,Day,Voice,Reservations,new,2026-04,2715000,7.9,1923.0,0.853,484.97,68.51,90.27,4.49,0.823,0.083,0.113,0.35,0
2026-04-23,A035,Team Cebu C,Cebu,Travel,Swing,Voice,Reservations,steady,2026-04,2715000,7.9,2035.0,0.863,449.33,63.55,91.71,4.49,0.829,0.087,0.11,0.5,0
2026-04-23,A036,Team Cebu C,Cebu,Travel,Night,Voice,Reservations,senior,2026-04,2715000,7.9,2147.0,0.873,422.6,59.83,92.79,4.49,0.834,0.091,0.093,0.65,0
2026-04-23,A037,Team Davao D,Davao,Healthcare,Day,Voice,Benefits,new,2026-04,2715000,7.9,1587.0,0.84,449.97,68.51,90.27,4.55,0.827,0.07,0.107,0.2,0
2026-04-23,A038,Team Davao D,Davao,Healthcare,Swing,Voice,Benefits,steady,2026-04,2715000,7.9,1699.0,0.85,416.93,63.55,91.71,4.55,0.833,0.074,0.104,0.35,0
2026-04-23,A039,Team Davao D,Davao,Healthcare,Night,Voice,Benefits,senior,2026-04,2715000,7.9,1811.0,0.86,392.14,59.83,92.79,4.55,0.838,0.078,0.102,0.5,0
2026-04-23,A040,Team Davao D,Davao,Healthcare,Day,Voice,Benefits,new,2026-04,2715000,7.9,1923.0,0.87,449.97,68.51,90.27,4.55,0.827,0.082,0.116,0.65,0
2026-04-23,A041,Team Davao D,Davao,Healthcare,Swing,Voice,Benefits,steady,2026-04,2715000,7.9,2035.0,0.84,416.93,63.55,91.71,4.55,0.833,0.07,0.098,0.2,0
2026-04-23,A042,Team Davao D,Davao,Healthcare,Night,Voice,Benefits,senior,2026-04,2715000,7.9,2147.0,0.85,392.14,59.83,92.79,4.55,0.838,0.074,0.096,0.35,0
2026-04-23,A043,Team Davao D,Davao,Healthcare,Day,Voice,Benefits,new,2026-04,2715000,7.9,1587.0,0.86,449.97,68.51,90.27,4.55,0.827,0.078,0.11,0.5,0
2026-04-23,A044,Team Davao D,Davao,Healthcare,Swing,Voice,Benefits,steady,2026-04,2715000,7.9,1699.0,0.87,416.93,63.55,91.71,4.55,0.833,0.082,0.107,0.65,0
2026-04-23,A045,Team Davao D,Davao,Healthcare,Night,Voice,Benefits,senior,2026-04,2715000,7.9,1811.0,0.84,392.14,59.83,92.79,4.55,0.838,0.07,0.105,0.2,0
2026-04-23,A046,Team Davao D,Davao,Healthcare,Day,Voice,Benefits,new,2026-04,2715000,7.9,1923.0,0.85,449.97,68.51,90.27,4.55,0.827,0.074,0.104,0.35,0
2026-04-23,A047,Team Davao D,Davao,Healthcare,Swing,Voice,Benefits,steady,2026-04,2715000,7.9,2035.0,0.86,416.93,63.55,91.71,4.55,0.833,0.078,0.101,0.5,0
2026-04-23,A048,Team Davao D,Davao,Healthcare,Night,Voice,Benefits,senior,2026-04,2715000,7.9,2147.0,0.87,392.14,59.83,92.79,4.55,0.838,0.082,0.099,0.65,0
2026-04-24,A001,Team Manila A,Manila,Telco,Day,Voice,Retention,new,2026-04,2715000,7.9,1506.0,0.841,472.47,69.71,90.45,4.53,0.825,0.074,0.104,0.2,0
2026-04-24,A002,Team Manila A,Manila,Telco,Swing,Voice,Retention,steady,2026-04,2715000,7.9,1613.0,0.851,438.12,64.75,91.89,4.53,0.831,0.078,0.101,0.35,0
2026-04-24,A003,Team Manila A,Manila,Telco,Night,Voice,Retention,senior,2026-04,2715000,7.9,1719.0,0.861,412.37,61.03,92.97,4.53,0.836,0.082,0.099,0.5,0
2026-04-24,A004,Team Manila A,Manila,Telco,Day,Voice,Retention,new,2026-04,2715000,7.9,1825.0,0.871,472.47,69.71,90.45,4.53,0.825,0.086,0.113,0.65,0
2026-04-24,A005,Team Manila A,Manila,Telco,Swing,Voice,Retention,steady,2026-04,2715000,7.9,1932.0,0.841,438.12,64.75,91.89,4.53,0.831,0.074,0.11,0.2,0
2026-04-24,A006,Team Manila A,Manila,Telco,Night,Voice,Retention,senior,2026-04,2715000,7.9,2038.0,0.851,412.37,61.03,92.97,4.53,0.836,0.078,0.093,0.35,0
2026-04-24,A007,Team Manila A,Manila,Telco,Day,Voice,Retention,new,2026-04,2715000,7.9,1506.0,0.861,472.47,69.71,90.45,4.53,0.825,0.082,0.107,0.5,0
2026-04-24,A008,Team Manila A,Manila,Telco,Swing,Voice,Retention,steady,2026-04,2715000,7.9,1613.0,0.871,438.12,64.75,91.89,4.53,0.831,0.086,0.104,0.65,0
2026-04-24,A009,Team Manila A,Manila,Telco,Night,Voice,Retention,senior,2026-04,2715000,7.9,1719.0,0.841,412.37,61.03,92.97,4.53,0.836,0.074,0.102,0.2,0
2026-04-24,A010,Team Manila A,Manila,Telco,Day,Voice,Retention,new,2026-04,2715000,7.9,1825.0,0.851,472.47,69.71,90.45,4.53,0.825,0.078,0.116,0.35,0
2026-04-24,A011,Team Manila A,Manila,Telco,Swing,Voice,Retention,steady,2026-04,2715000,7.9,1932.0,0.861,438.12,64.75,91.89,4.53,0.831,0.082,0.098,0.5,1
2026-04-24,A012,Team Manila A,Manila,Telco,Night,Voice,Retention,senior,2026-04,2715000,7.9,2038.0,0.871,412.37,61.03,92.97,4.53,0.836,0.086,0.096,0.65,0
2026-04-24,A013,Team Manila B,Manila,Retail,Day,Voice,Order Support,new,2026-04,2715000,7.9,1506.0,0.838,437.48,69.71,90.45,4.59,0.829,0.065,0.11,0.2,0
2026-04-24,A014,Team Manila B,Manila,Retail,Swing,Voice,Order Support,steady,2026-04,2715000,7.9,1613.0,0.848,405.72,64.75,91.89,4.59,0.835,0.069,0.107,0.35,0
2026-04-24,A015,Team Manila B,Manila,Retail,Night,Voice,Order Support,senior,2026-04,2715000,7.9,1719.0,0.858,381.91,61.03,92.97,4.59,0.84,0.073,0.105,0.5,0
2026-04-24,A016,Team Manila B,Manila,Retail,Day,Voice,Order Support,new,2026-04,2715000,7.9,1825.0,0.868,437.48,69.71,90.45,4.59,0.829,0.077,0.104,0.65,0
2026-04-24,A017,Team Manila B,Manila,Retail,Swing,Voice,Order Support,steady,2026-04,2715000,7.9,1932.0,0.838,405.72,64.75,91.89,4.59,0.835,0.065,0.101,0.2,0
2026-04-24,A018,Team Manila B,Manila,Retail,Night,Voice,Order Support,senior,2026-04,2715000,7.9,2038.0,0.848,381.91,61.03,92.97,4.59,0.84,0.069,0.099,0.35,0
2026-04-24,A019,Team Manila B,Manila,Retail,Day,Voice,Order Support,new,2026-04,2715000,7.9,1506.0,0.858,437.48,69.71,90.45,4.59,0.829,0.073,0.113,0.5,0
2026-04-24,A020,Team Manila B,Manila,Retail,Swing,Voice,Order Support,steady,2026-04,2715000,7.9,1613.0,0.868,405.72,64.75,91.89,4.59,0.835,0.077,0.11,0.65,0
2026-04-24,A021,Team Manila B,Manila,Retail,Night,Voice,Order Support,senior,2026-04,2715000,7.9,1719.0,0.838,381.91,61.03,92.97,4.59,0.84,0.065,0.093,0.2,0
2026-04-24,A022,Team Manila B,Manila,Retail,Day,Voice,Order Support,new,2026-04,2715000,7.9,1825.0,0.848,437.48,69.71,90.45,4.59,0.829,0.069,0.107,0.35,0
2026-04-24,A023,Team Manila B,Manila,Retail,Swing,Voice,Order Support,steady,2026-04,2715000,7.9,1932.0,0.858,405.72,64.75,91.89,4.59,0.835,0.073,0.104,0.5,0
2026-04-24,A024,Team Manila B,Manila,Retail,Night,Voice,Order Support,senior,2026-04,2715000,7.9,2038.0,0.868,381.91,61.03,92.97,4.59,0.84,0.077,0.102,0.65,0
2026-04-24,A025,Team Cebu C,Cebu,Travel,Day,Voice,Reservations,new,2026-04,2715000,7.9,1506.0,0.843,489.97,69.71,90.45,4.5,0.823,0.079,0.116,0.2,0
2026-04-24,A026,Team Cebu C,Cebu,Travel,Swing,Voice,Reservations,steady,2026-04,2715000,7.9,1613.0,0.853,454.33,64.75,91.89,4.5,0.829,0.083,0.098,0.35,0
2026-04-24,A027,Team Cebu C,Cebu,Travel,Night,Voice,Reservations,senior,2026-04,2715000,7.9,1719.0,0.863,427.6,61.03,92.97,4.5,0.834,0.087,0.096,0.5,0
2026-04-24,A028,Team Cebu C,Cebu,Travel,Day,Voice,Reservations,new,2026-04,2715000,7.9,1825.0,0.873,489.97,69.71,90.45,4.5,0.823,0.091,0.11,0.65,0
2026-04-24,A029,Team Cebu C,Cebu,Travel,Swing,Voice,Reservations,steady,2026-04,2715000,7.9,1932.0,0.843,454.33,64.75,91.89,4.5,0.829,0.079,0.107,0.2,0
2026-04-24,A030,Team Cebu C,Cebu,Travel,Night,Voice,Reservations,senior,2026-04,2715000,7.9,2038.0,0.853,427.6,61.03,92.97,4.5,0.834,0.083,0.105,0.35,0
2026-04-24,A031,Team Cebu C,Cebu,Travel,Day,Voice,Reservations,new,2026-04,2715000,7.9,1506.0,0.863,489.97,69.71,90.45,4.5,0.823,0.087,0.104,0.5,0
2026-04-24,A032,Team Cebu C,Cebu,Travel,Swing,Voice,Reservations,steady,2026-04,2715000,7.9,1613.0,0.873,454.33,64.75,91.89,4.5,0.829,0.091,0.101,0.65,0
2026-04-24,A033,Team Cebu C,Cebu,Travel,Night,Voice,Reservations,senior,2026-04,2715000,7.9,1719.0,0.843,427.6,61.03,92.97,4.5,0.834,0.079,0.099,0.2,0
2026-04-24,A034,Team Cebu C,Cebu,Travel,Day,Voice,Reservations,new,2026-04,2715000,7.9,1825.0,0.853,489.97,69.71,90.45,4.5,0.823,0.083,0.113,0.35,0
2026-04-24,A035,Team Cebu C,Cebu,Travel,Swing,Voice,Reservations,steady,2026-04,2715000,7.9,1932.0,0.863,454.33,64.75,91.89,4.5,0.829,0.087,0.11,0.5,0
2026-04-24,A036,Team Cebu C,Cebu,Travel,Night,Voice,Reservations,senior,2026-04,2715000,7.9,2038.0,0.873,427.6,61.03,92.97,4.5,0.834,0.091,0.093,0.65,0
2026-04-24,A037,Team Davao D,Davao,Healthcare,Day,Voice,Benefits,new,2026-04,2715000,7.9,1506.0,0.84,454.97,69.71,90.45,4.56,0.827,0.07,0.107,0.2,0
2026-04-24,A038,Team Davao D,Davao,Healthcare,Swing,Voice,Benefits,steady,2026-04,2715000,7.9,1613.0,0.85,421.93,64.75,91.89,4.56,0.833,0.074,0.104,0.35,0
2026-04-24,A039,Team Davao D,Davao,Healthcare,Night,Voice,Benefits,senior,2026-04,2715000,7.9,1719.0,0.86,397.14,61.03,92.97,4.56,0.838,0.078,0.102,0.5,0
2026-04-24,A040,Team Davao D,Davao,Healthcare,Day,Voice,Benefits,new,2026-04,2715000,7.9,1825.0,0.87,454.97,69.71,90.45,4.56,0.827,0.082,0.116,0.65,0
2026-04-24,A041,Team Davao D,Davao,Healthcare,Swing,Voice,Benefits,steady,2026-04,2715000,7.9,1932.0,0.84,421.93,64.75,91.89,4.56,0.833,0.07,0.098,0.2,0
2026-04-24,A042,Team Davao D,Davao,Healthcare,Night,Voice,Benefits,senior,2026-04,2715000,7.9,2038.0,0.85,397.14,61.03,92.97,4.56,0.838,0.074,0.096,0.35,0
2026-04-24,A043,Team Davao D,Davao,Healthcare,Day,Voice,Benefits,new,2026-04,2715000,7.9,1506.0,0.86,454.97,69.71,90.45,4.56,0.827,0.078,0.11,0.5,0
2026-04-24,A044,Team Davao D,Davao,Healthcare,Swing,Voice,Benefits,steady,2026-04,2715000,7.9,1613.0,0.87,421.93,64.75,91.89,4.56,0.833,0.082,0.107,0.65,0
2026-04-24,A045,Team Davao D,Davao,Healthcare,Night,Voice,Benefits,senior,2026-04,2715000,7.9,1719.0,0.84,397.14,61.03,92.97,4.56,0.838,0.07,0.105,0.2,0
2026-04-24,A046,Team Davao D,Davao,Healthcare,Day,Voice,Benefits,new,2026-04,2715000,7.9,1825.0,0.85,454.97,69.71,90.45,4.56,0.827,0.074,0.104,0.35,0
2026-04-24,A047,Team Davao D,Davao,Healthcare,Swing,Voice,Benefits,steady,2026-04,2715000,7.9,1932.0,0.86,421.93,64.75,91.89,4.56,0.833,0.078,0.101,0.5,0
2026-04-24,A048,Team Davao D,Davao,Healthcare,Night,Voice,Benefits,senior,2026-04,2715000,7.9,2038.0,0.87,397.14,61.03,92.97,4.56,0.838,0.082,0.099,0.65,0
2026-04-25,A001,Team Manila A,Manila,Telco,Day,Voice,Retention,new,2026-04,2715000,7.9,1154.0,0.841,477.47,70.91,90.63,4.54,0.825,0.074,0.104,0.2,0
2026-04-25,A002,Team Manila A,Manila,Telco,Swing,Voice,Retention,steady,2026-04,2715000,7.9,1235.0,0.851,443.12,65.95,92.07,4.54,0.831,0.078,0.101,0.35,0
2026-04-25,A003,Team Manila A,Manila,Telco,Night,Voice,Retention,senior,2026-04,2715000,7.9,1317.0,0.861,417.37,62.23,93.15,4.54,0.836,0.082,0.099,0.5,0
2026-04-25,A004,Team Manila A,Manila,Telco,Day,Voice,Retention,new,2026-04,2715000,7.9,1398.0,0.871,477.47,70.91,90.63,4.54,0.825,0.086,0.113,0.65,0
2026-04-25,A005,Team Manila A,Manila,Telco,Swing,Voice,Retention,steady,2026-04,2715000,7.9,1480.0,0.841,443.12,65.95,92.07,4.54,0.831,0.074,0.11,0.2,0
2026-04-25,A006,Team Manila A,Manila,Telco,Night,Voice,Retention,senior,2026-04,2715000,7.9,1561.0,0.851,417.37,62.23,93.15,4.54,0.836,0.078,0.093,0.35,0
2026-04-25,A007,Team Manila A,Manila,Telco,Day,Voice,Retention,new,2026-04,2715000,7.9,1154.0,0.861,477.47,70.91,90.63,4.54,0.825,0.082,0.107,0.5,0
2026-04-25,A008,Team Manila A,Manila,Telco,Swing,Voice,Retention,steady,2026-04,2715000,7.9,1235.0,0.871,443.12,65.95,92.07,4.54,0.831,0.086,0.104,0.65,0
2026-04-25,A009,Team Manila A,Manila,Telco,Night,Voice,Retention,senior,2026-04,2715000,7.9,1317.0,0.841,417.37,62.23,93.15,4.54,0.836,0.074,0.102,0.2,0
2026-04-25,A010,Team Manila A,Manila,Telco,Day,Voice,Retention,new,2026-04,2715000,7.9,1398.0,0.851,477.47,70.91,90.63,4.54,0.825,0.078,0.116,0.35,0
2026-04-25,A011,Team Manila A,Manila,Telco,Swing,Voice,Retention,steady,2026-04,2715000,7.9,1480.0,0.861,443.12,65.95,92.07,4.54,0.831,0.082,0.098,0.5,0
2026-04-25,A012,Team Manila A,Manila,Telco,Night,Voice,Retention,senior,2026-04,2715000,7.9,1561.0,0.871,417.37,62.23,93.15,4.54,0.836,0.086,0.096,0.65,0
2026-04-25,A013,Team Manila B,Manila,Retail,Day,Voice,Order Support,new,2026-04,2715000,7.9,1154.0,0.838,442.48,70.91,90.63,4.6,0.829,0.065,0.11,0.2,0
2026-04-25,A014,Team Manila B,Manila,Retail,Swing,Voice,Order Support,steady,2026-04,2715000,7.9,1235.0,0.848,410.72,65.95,92.07,4.6,0.835,0.069,0.107,0.35,0
2026-04-25,A015,Team Manila B,Manila,Retail,Night,Voice,Order Support,senior,2026-04,2715000,7.9,1317.0,0.858,386.91,62.23,93.15,4.6,0.84,0.073,0.105,0.5,0
2026-04-25,A016,Team Manila B,Manila,Retail,Day,Voice,Order Support,new,2026-04,2715000,7.9,1398.0,0.868,442.48,70.91,90.63,4.6,0.829,0.077,0.104,0.65,0
2026-04-25,A017,Team Manila B,Manila,Retail,Swing,Voice,Order Support,steady,2026-04,2715000,7.9,1480.0,0.838,410.72,65.95,92.07,4.6,0.835,0.065,0.101,0.2,0
2026-04-25,A018,Team Manila B,Manila,Retail,Night,Voice,Order Support,senior,2026-04,2715000,7.9,1561.0,0.848,386.91,62.23,93.15,4.6,0.84,0.069,0.099,0.35,0
2026-04-25,A019,Team Manila B,Manila,Retail,Day,Voice,Order Support,new,2026-04,2715000,7.9,1154.0,0.858,442.48,70.91,90.63,4.6,0.829,0.073,0.113,0.5,0
2026-04-25,A020,Team Manila B,Manila,Retail,Swing,Voice,Order Support,steady,2026-04,2715000,7.9,1235.0,0.868,410.72,65.95,92.07,4.6,0.835,0.077,0.11,0.65,0
2026-04-25,A021,Team Manila B,Manila,Retail,Night,Voice,Order Support,senior,2026-04,2715000,7.9,1317.0,0.838,386.91,62.23,93.15,4.6,0.84,0.065,0.093,0.2,0
2026-04-25,A022,Team Manila B,Manila,Retail,Day,Voice,Order Support,new,2026-04,2715000,7.9,1398.0,0.848,442.48,70.91,90.63,4.6,0.829,0.069,0.107,0.35,0
2026-04-25,A023,Team Manila B,Manila,Retail,Swing,Voice,Order Support,steady,2026-04,2715000,7.9,1480.0,0.858,410.72,65.95,92.07,4.6,0.835,0.073,0.104,0.5,0
2026-04-25,A024,Team Manila B,Manila,Retail,Night,Voice,Order Support,senior,2026-04,2715000,7.9,1561.0,0.868,386.91,62.23,93.15,4.6,0.84,0.077,0.102,0.65,0
2026-04-25,A025,Team Cebu C,Cebu,Travel,Day,Voice,Reservations,new,2026-04,2715000,7.9,1154.0,0.843,494.97,70.91,90.63,4.51,0.823,0.079,0.116,0.2,0
2026-04-25,A026,Team Cebu C,Cebu,Travel,Swing,Voice,Reservations,steady,2026-04,2715000,7.9,1235.0,0.853,459.33,65.95,92.07,4.51,0.829,0.083,0.098,0.35,0
2026-04-25,A027,Team Cebu C,Cebu,Travel,Night,Voice,Reservations,senior,2026-04,2715000,7.9,1317.0,0.863,432.6,62.23,93.15,4.51,0.834,0.087,0.096,0.5,0
2026-04-25,A028,Team Cebu C,Cebu,Travel,Day,Voice,Reservations,new,2026-04,2715000,7.9,1398.0,0.873,494.97,70.91,90.63,4.51,0.823,0.091,0.11,0.65,0
2026-04-25,A029,Team Cebu C,Cebu,Travel,Swing,Voice,Reservations,steady,2026-04,2715000,7.9,1480.0,0.843,459.33,65.95,92.07,4.51,0.829,0.079,0.107,0.2,0
2026-04-25,A030,Team Cebu C,Cebu,Travel,Night,Voice,Reservations,senior,2026-04,2715000,7.9,1561.0,0.853,432.6,62.23,93.15,4.51,0.834,0.083,0.105,0.35,0
2026-04-25,A031,Team Cebu C,Cebu,Travel,Day,Voice,Reservations,new,2026-04,2715000,7.9,1154.0,0.863,494.97,70.91,90.63,4.51,0.823,0.087,0.104,0.5,0
2026-04-25,A032,Team Cebu C,Cebu,Travel,Swing,Voice,Reservations,steady,2026-04,2715000,7.9,1235.0,0.873,459.33,65.95,92.07,4.51,0.829,0.091,0.101,0.65,0
2026-04-25,A033,Team Cebu C,Cebu,Travel,Night,Voice,Reservations,senior,2026-04,2715000,7.9,1317.0,0.843,432.6,62.23,93.15,4.51,0.834,0.079,0.099,0.2,0
2026-04-25,A034,Team Cebu C,Cebu,Travel,Day,Voice,Reservations,new,2026-04,2715000,7.9,1398.0,0.853,494.97,70.91,90.63,4.51,0.823,0.083,0.113,0.35,0
2026-04-25,A035,Team Cebu C,Cebu,Travel,Swing,Voice,Reservations,steady,2026-04,2715000,7.9,1480.0,0.863,459.33,65.95,92.07,4.51,0.829,0.087,0.11,0.5,0
2026-04-25,A036,Team Cebu C,Cebu,Travel,Night,Voice,Reservations,senior,2026-04,2715000,7.9,1561.0,0.873,432.6,62.23,93.15,4.51,0.834,0.091,0.093,0.65,0
2026-04-25,A037,Team Davao D,Davao,Healthcare,Day,Voice,Benefits,new,2026-04,2715000,7.9,1154.0,0.84,459.97,70.91,90.63,4.57,0.827,0.07,0.107,0.2,0
2026-04-25,A038,Team Davao D,Davao,Healthcare,Swing,Voice,Benefits,steady,2026-04,2715000,7.9,1235.0,0.85,426.93,65.95,92.07,4.57,0.833,0.074,0.104,0.35,0
2026-04-25,A039,Team Davao D,Davao,Healthcare,Night,Voice,Benefits,senior,2026-04,2715000,7.9,1317.0,0.86,402.14,62.23,93.15,4.57,0.838,0.078,0.102,0.5,0
2026-04-25,A040,Team Davao D,Davao,Healthcare,Day,Voice,Benefits,new,2026-04,2715000,7.9,1398.0,0.87,459.97,70.91,90.63,4.57,0.827,0.082,0.116,0.65,0
2026-04-25,A041,Team Davao D,Davao,Healthcare,Swing,Voice,Benefits,steady,2026-04,2715000,7.9,1480.0,0.84,426.93,65.95,92.07,4.57,0.833,0.07,0.098,0.2,0
2026-04-25,A042,Team Davao D,Davao,Healthcare,Night,Voice,Benefits,senior,2026-04,2715000,7.9,1561.0,0.85,402.14,62.23,93.15,4.57,0.838,0.074,0.096,0.35,0
2026-04-25,A043,Team Davao D,Davao,Healthcare,Day,Voice,Benefits,new,2026-04,2715000,7.9,1154.0,0.86,459.97,70.91,90.63,4.57,0.827,0.078,0.11,0.5,0
2026-04-25,A044,Team Davao D,Davao,Healthcare,Swing,Voice,Benefits,steady,2026-04,2715000,7.9,1235.0,0.87,426.93,65.95,92.07,4.57,0.833,0.082,0.107,0.65,0
2026-04-25,A045,Team Davao D,Davao,Healthcare,Night,Voice,Benefits,senior,2026-04,2715000,7.9,1317.0,0.84,402.14,62.23,93.15,4.57,0.838,0.07,0.105,0.2,0
2026-04-25,A046,Team Davao D,Davao,Healthcare,Day,Voice,Benefits,new,2026-04,2715000,7.9,1398.0,0.85,459.97,70.91,90.63,4.57,0.827,0.074,0.104,0.35,1
2026-04-25,A047,Team Davao D,Davao,Healthcare,Swing,Voice,Benefits,steady,2026-04,2715000,7.9,1480.0,0.86,426.93,65.95,92.07,4.57,0.833,0.078,0.101,0.5,0
2026-04-25,A048,Team Davao D,Davao,Healthcare,Night,Voice,Benefits,senior,2026-04,2715000,7.9,1561.0,0.87,402.14,62.23,93.15,4.57,0.838,0.082,0.099,0.65,0
2026-04-26,A001,Team Manila A,Manila,Telco,Day,Voice,Retention,new,2026-04,2715000,7.9,1058.0,0.841,482.47,72.11,90.45,4.53,0.825,0.074,0.104,0.28,0
2026-04-26,A002,Team Manila A,Manila,Telco,Swing,Voice,Retention,steady,2026-04,2715000,7.9,1132.0,0.851,448.12,67.15,91.89,4.53,0.831,0.078,0.101,0.43,0
2026-04-26,A003,Team Manila A,Manila,Telco,Night,Voice,Retention,senior,2026-04,2715000,7.9,1207.0,0.861,422.37,63.43,92.97,4.53,0.836,0.082,0.099,0.58,0
2026-04-26,A004,Team Manila A,Manila,Telco,Day,Voice,Retention,new,2026-04,2715000,7.9,1282.0,0.871,482.47,72.11,90.45,4.53,0.825,0.086,0.113,0.73,0
2026-04-26,A005,Team Manila A,Manila,Telco,Swing,Voice,Retention,steady,2026-04,2715000,7.9,1356.0,0.841,448.12,67.15,91.89,4.53,0.831,0.074,0.11,0.28,0
2026-04-26,A006,Team Manila A,Manila,Telco,Night,Voice,Retention,senior,2026-04,2715000,7.9,1431.0,0.851,422.37,63.43,92.97,4.53,0.836,0.078,0.093,0.43,0
2026-04-26,A007,Team Manila A,Manila,Telco,Day,Voice,Retention,new,2026-04,2715000,7.9,1058.0,0.861,482.47,72.11,90.45,4.53,0.825,0.082,0.107,0.58,0
2026-04-26,A008,Team Manila A,Manila,Telco,Swing,Voice,Retention,steady,2026-04,2715000,7.9,1132.0,0.871,448.12,67.15,91.89,4.53,0.831,0.086,0.104,0.73,0
2026-04-26,A009,Team Manila A,Manila,Telco,Night,Voice,Retention,senior,2026-04,2715000,7.9,1207.0,0.841,422.37,63.43,92.97,4.53,0.836,0.074,0.102,0.28,0
2026-04-26,A010,Team Manila A,Manila,Telco,Day,Voice,Retention,new,2026-04,2715000,7.9,1282.0,0.851,482.47,72.11,90.45,4.53,0.825,0.078,0.116,0.43,0
2026-04-26,A011,Team Manila A,Manila,Telco,Swing,Voice,Retention,steady,2026-04,2715000,7.9,1356.0,0.861,448.12,67.15,91.89,4.53,0.831,0.082,0.098,0.58,0
2026-04-26,A012,Team Manila A,Manila,Telco,Night,Voice,Retention,senior,2026-04,2715000,7.9,1431.0,0.871,422.37,63.43,92.97,4.53,0.836,0.086,0.096,0.73,0
2026-04-26,A013,Team Manila B,Manila,Retail,Day,Voice,Order Support,new,2026-04,2715000,7.9,1058.0,0.838,447.48,72.11,90.45,4.59,0.829,0.065,0.11,0.28,0
2026-04-26,A014,Team Manila B,Manila,Retail,Swing,Voice,Order Support,steady,2026-04,2715000,7.9,1132.0,0.848,415.72,67.15,91.89,4.59,0.835,0.069,0.107,0.43,0
2026-04-26,A015,Team Manila B,Manila,Retail,Night,Voice,Order Support,senior,2026-04,2715000,7.9,1207.0,0.858,391.91,63.43,92.97,4.59,0.84,0.073,0.105,0.58,0
2026-04-26,A016,Team Manila B,Manila,Retail,Day,Voice,Order Support,new,2026-04,2715000,7.9,1282.0,0.868,447.48,72.11,90.45,4.59,0.829,0.077,0.104,0.73,0
2026-04-26,A017,Team Manila B,Manila,Retail,Swing,Voice,Order Support,steady,2026-04,2715000,7.9,1356.0,0.838,415.72,67.15,91.89,4.59,0.835,0.065,0.101,0.28,0
2026-04-26,A018,Team Manila B,Manila,Retail,Night,Voice,Order Support,senior,2026-04,2715000,7.9,1431.0,0.848,391.91,63.43,92.97,4.59,0.84,0.069,0.099,0.43,0
2026-04-26,A019,Team Manila B,Manila,Retail,Day,Voice,Order Support,new,2026-04,2715000,7.9,1058.0,0.858,447.48,72.11,90.45,4.59,0.829,0.073,0.113,0.58,0
2026-04-26,A020,Team Manila B,Manila,Retail,Swing,Voice,Order Support,steady,2026-04,2715000,7.9,1132.0,0.868,415.72,67.15,91.89,4.59,0.835,0.077,0.11,0.73,0
2026-04-26,A021,Team Manila B,Manila,Retail,Night,Voice,Order Support,senior,2026-04,2715000,7.9,1207.0,0.838,391.91,63.43,92.97,4.59,0.84,0.065,0.093,0.28,0
2026-04-26,A022,Team Manila B,Manila,Retail,Day,Voice,Order Support,new,2026-04,2715000,7.9,1282.0,0.848,447.48,72.11,90.45,4.59,0.829,0.069,0.107,0.43,0
2026-04-26,A023,Team Manila B,Manila,Retail,Swing,Voice,Order Support,steady,2026-04,2715000,7.9,1356.0,0.858,415.72,67.15,91.89,4.59,0.835,0.073,0.104,0.58,0
2026-04-26,A024,Team Manila B,Manila,Retail,Night,Voice,Order Support,senior,2026-04,2715000,7.9,1431.0,0.868,391.91,63.43,92.97,4.59,0.84,0.077,0.102,0.73,0
2026-04-26,A025,Team Cebu C,Cebu,Travel,Day,Voice,Reservations,new,2026-04,2715000,7.9,1058.0,0.843,499.97,72.11,90.45,4.5,0.823,0.079,0.116,0.28,0
2026-04-26,A026,Team Cebu C,Cebu,Travel,Swing,Voice,Reservations,steady,2026-04,2715000,7.9,1132.0,0.853,464.33,67.15,91.89,4.5,0.829,0.083,0.098,0.43,0
2026-04-26,A027,Team Cebu C,Cebu,Travel,Night,Voice,Reservations,senior,2026-04,2715000,7.9,1207.0,0.863,437.6,63.43,92.97,4.5,0.834,0.087,0.096,0.58,0
2026-04-26,A028,Team Cebu C,Cebu,Travel,Day,Voice,Reservations,new,2026-04,2715000,7.9,1282.0,0.873,499.97,72.11,90.45,4.5,0.823,0.091,0.11,0.73,1
2026-04-26,A029,Team Cebu C,Cebu,Travel,Swing,Voice,Reservations,steady,2026-04,2715000,7.9,1356.0,0.843,464.33,67.15,91.89,4.5,0.829,0.079,0.107,0.28,0
2026-04-26,A030,Team Cebu C,Cebu,Travel,Night,Voice,Reservations,senior,2026-04,2715000,7.9,1431.0,0.853,437.6,63.43,92.97,4.5,0.834,0.083,0.105,0.43,0
2026-04-26,A031,Team Cebu C,Cebu,Travel,Day,Voice,Reservations,new,2026-04,2715000,7.9,1058.0,0.863,499.97,72.11,90.45,4.5,0.823,0.087,0.104,0.58,0
2026-04-26,A032,Team Cebu C,Cebu,Travel,Swing,Voice,Reservations,steady,2026-04,2715000,7.9,1132.0,0.873,464.33,67.15,91.89,4.5,0.829,0.091,0.101,0.73,0
2026-04-26,A033,Team Cebu C,Cebu,Travel,Night,Voice,Reservations,senior,2026-04,2715000,7.9,1207.0,0.843,437.6,63.43,92.97,4.5,0.834,0.079,0.099,0.28,0
2026-04-26,A034,Team Cebu C,Cebu,Travel,Day,Voice,Reservations,new,2026-04,2715000,7.9,1282.0,0.853,499.97,72.11,90.45,4.5,0.823,0.083,0.113,0.43,0
2026-04-26,A035,Team Cebu C,Cebu,Travel,Swing,Voice,Reservations,steady,2026-04,2715000,7.9,1356.0,0.863,464.33,67.15,91.89,4.5,0.829,0.087,0.11,0.58,0
2026-04-26,A036,Team Cebu C,Cebu,Travel,Night,Voice,Reservations,senior,2026-04,2715000,7.9,1431.0,0.873,437.6,63.43,92.97,4.5,0.834,0.091,0.093,0.73,0
2026-04-26,A037,Team Davao D,Davao,Healthcare,Day,Voice,Benefits,new,2026-04,2715000,7.9,1058.0,0.84,464.97,72.11,90.45,4.56,0.827,0.07,0.107,0.28,0
2026-04-26,A038,Team Davao D,Davao,Healthcare,Swing,Voice,Benefits,steady,2026-04,2715000,7.9,1132.0,0.85,431.93,67.15,91.89,4.56,0.833,0.074,0.104,0.43,0
2026-04-26,A039,Team Davao D,Davao,Healthcare,Night,Voice,Benefits,senior,2026-04,2715000,7.9,1207.0,0.86,407.14,63.43,92.97,4.56,0.838,0.078,0.102,0.58,0
2026-04-26,A040,Team Davao D,Davao,Healthcare,Day,Voice,Benefits,new,2026-04,2715000,7.9,1282.0,0.87,464.97,72.11,90.45,4.56,0.827,0.082,0.116,0.73,0
2026-04-26,A041,Team Davao D,Davao,Healthcare,Swing,Voice,Benefits,steady,2026-04,2715000,7.9,1356.0,0.84,431.93,67.15,91.89,4.56,0.833,0.07,0.098,0.28,0
2026-04-26,A042,Team Davao D,Davao,Healthcare,Night,Voice,Benefits,senior,2026-04,2715000,7.9,1431.0,0.85,407.14,63.43,92.97,4.56,0.838,0.074,0.096,0.43,0
2026-04-26,A043,Team Davao D,Davao,Healthcare,Day,Voice,Benefits,new,2026-04,2715000,7.9,1058.0,0.86,464.97,72.11,90.45,4.56,0.827,0.078,0.11,0.58,0
2026-04-26,A044,Team Davao D,Davao,Healthcare,Swing,Voice,Benefits,steady,2026-04,2715000,7.9,1132.0,0.87,431.93,67.15,91.89,4.56,0.833,0.082,0.107,0.73,0
2026-04-26,A045,Team Davao D,Davao,Healthcare,Night,Voice,Benefits,senior,2026-04,2715000,7.9,1207.0,0.84,407.14,63.43,92.97,4.56,0.838,0.07,0.105,0.28,0
2026-04-26,A046,Team Davao D,Davao,Healthcare,Day,Voice,Benefits,new,2026-04,2715000,7.9,1282.0,0.85,464.97,72.11,90.45,4.56,0.827,0.074,0.104,0.43,0
2026-04-26,A047,Team Davao D,Davao,Healthcare,Swing,Voice,Benefits,steady,2026-04,2715000,7.9,1356.0,0.86,431.93,67.15,91.89,4.56,0.833,0.078,0.101,0.58,0
2026-04-26,A048,Team Davao D,Davao,Healthcare,Night,Voice,Benefits,senior,2026-04,2715000,7.9,1431.0,0.87,407.14,63.43,92.97,4.56,0.838,0.082,0.099,0.73,0
2026-04-27,A001,Team Manila A,Manila,Telco,Day,Voice,Retention,new,2026-04,2715000,7.9,1731.0,0.841,487.47,73.31,90.27,4.52,0.825,0.074,0.104,0.36,0
2026-04-27,A002,Team Manila A,Manila,Telco,Swing,Voice,Retention,steady,2026-04,2715000,7.9,1853.0,0.851,453.12,68.35,91.71,4.52,0.831,0.078,0.101,0.51,0
2026-04-27,A003,Team Manila A,Manila,Telco,Night,Voice,Retention,senior,2026-04,2715000,7.9,1975.0,0.861,427.37,64.63,92.79,4.52,0.836,0.082,0.099,0.66,0
2026-04-27,A004,Team Manila A,Manila,Telco,Day,Voice,Retention,new,2026-04,2715000,7.9,2097.0,0.871,487.47,73.31,90.27,4.52,0.825,0.086,0.113,0.81,0
2026-04-27,A005,Team Manila A,Manila,Telco,Swing,Voice,Retention,steady,2026-04,2715000,7.9,2220.0,0.841,453.12,68.35,91.71,4.52,0.831,0.074,0.11,0.36,0
2026-04-27,A006,Team Manila A,Manila,Telco,Night,Voice,Retention,senior,2026-04,2715000,7.9,2342.0,0.851,427.37,64.63,92.79,4.52,0.836,0.078,0.093,0.51,0
2026-04-27,A007,Team Manila A,Manila,Telco,Day,Voice,Retention,new,2026-04,2715000,7.9,1731.0,0.861,487.47,73.31,90.27,4.52,0.825,0.082,0.107,0.66,0
2026-04-27,A008,Team Manila A,Manila,Telco,Swing,Voice,Retention,steady,2026-04,2715000,7.9,1853.0,0.871,453.12,68.35,91.71,4.52,0.831,0.086,0.104,0.81,0
2026-04-27,A009,Team Manila A,Manila,Telco,Night,Voice,Retention,senior,2026-04,2715000,7.9,1975.0,0.841,427.37,64.63,92.79,4.52,0.836,0.074,0.102,0.36,0
2026-04-27,A010,Team Manila A,Manila,Telco,Day,Voice,Retention,new,2026-04,2715000,7.9,2097.0,0.851,487.47,73.31,90.27,4.52,0.825,0.078,0.116,0.51,1
2026-04-27,A011,Team Manila A,Manila,Telco,Swing,Voice,Retention,steady,2026-04,2715000,7.9,2220.0,0.861,453.12,68.35,91.71,4.52,0.831,0.082,0.098,0.66,0
2026-04-27,A012,Team Manila A,Manila,Telco,Night,Voice,Retention,senior,2026-04,2715000,7.9,2342.0,0.871,427.37,64.63,92.79,4.52,0.836,0.086,0.096,0.81,0
2026-04-27,A013,Team Manila B,Manila,Retail,Day,Voice,Order Support,new,2026-04,2715000,7.9,1731.0,0.838,452.48,73.31,90.27,4.58,0.829,0.065,0.11,0.36,0
2026-04-27,A014,Team Manila B,Manila,Retail,Swing,Voice,Order Support,steady,2026-04,2715000,7.9,1853.0,0.848,420.72,68.35,91.71,4.58,0.835,0.069,0.107,0.51,0
2026-04-27,A015,Team Manila B,Manila,Retail,Night,Voice,Order Support,senior,2026-04,2715000,7.9,1975.0,0.858,396.91,64.63,92.79,4.58,0.84,0.073,0.105,0.66,0
2026-04-27,A016,Team Manila B,Manila,Retail,Day,Voice,Order Support,new,2026-04,2715000,7.9,2097.0,0.868,452.48,73.31,90.27,4.58,0.829,0.077,0.104,0.81,0
2026-04-27,A017,Team Manila B,Manila,Retail,Swing,Voice,Order Support,steady,2026-04,2715000,7.9,2220.0,0.838,420.72,68.35,91.71,4.58,0.835,0.065,0.101,0.36,0
2026-04-27,A018,Team Manila B,Manila,Retail,Night,Voice,Order Support,senior,2026-04,2715000,7.9,2342.0,0.848,396.91,64.63,92.79,4.58,0.84,0.069,0.099,0.51,0
2026-04-27,A019,Team Manila B,Manila,Retail,Day,Voice,Order Support,new,2026-04,2715000,7.9,1731.0,0.858,452.48,73.31,90.27,4.58,0.829,0.073,0.113,0.66,0
2026-04-27,A020,Team Manila B,Manila,Retail,Swing,Voice,Order Support,steady,2026-04,2715000,7.9,1853.0,0.868,420.72,68.35,91.71,4.58,0.835,0.077,0.11,0.81,0
2026-04-27,A021,Team Manila B,Manila,Retail,Night,Voice,Order Support,senior,2026-04,2715000,7.9,1975.0,0.838,396.91,64.63,92.79,4.58,0.84,0.065,0.093,0.36,0
2026-04-27,A022,Team Manila B,Manila,Retail,Day,Voice,Order Support,new,2026-04,2715000,7.9,2097.0,0.848,452.48,73.31,90.27,4.58,0.829,0.069,0.107,0.51,0
2026-04-27,A023,Team Manila B,Manila,Retail,Swing,Voice,Order Support,steady,2026-04,2715000,7.9,2220.0,0.858,420.72,68.35,91.71,4.58,0.835,0.073,0.104,0.66,0
2026-04-27,A024,Team Manila B,Manila,Retail,Night,Voice,Order Support,senior,2026-04,2715000,7.9,2342.0,0.868,396.91,64.63,92.79,4.58,0.84,0.077,0.102,0.81,0
2026-04-27,A025,Team Cebu C,Cebu,Travel,Day,Voice,Reservations,new,2026-04,2715000,7.9,1731.0,0.843,504.97,73.31,90.27,4.49,0.823,0.079,0.116,0.36,0
2026-04-27,A026,Team Cebu C,Cebu,Travel,Swing,Voice,Reservations,steady,2026-04,2715000,7.9,1853.0,0.853,469.33,68.35,91.71,4.49,0.829,0.083,0.098,0.51,0
2026-04-27,A027,Team Cebu C,Cebu,Travel,Night,Voice,Reservations,senior,2026-04,2715000,7.9,1975.0,0.863,442.6,64.63,92.79,4.49,0.834,0.087,0.096,0.66,0
2026-04-27,A028,Team Cebu C,Cebu,Travel,Day,Voice,Reservations,new,2026-04,2715000,7.9,2097.0,0.873,504.97,73.31,90.27,4.49,0.823,0.091,0.11,0.81,0
2026-04-27,A029,Team Cebu C,Cebu,Travel,Swing,Voice,Reservations,steady,2026-04,2715000,7.9,2220.0,0.843,469.33,68.35,91.71,4.49,0.829,0.079,0.107,0.36,0
2026-04-27,A030,Team Cebu C,Cebu,Travel,Night,Voice,Reservations,senior,2026-04,2715000,7.9,2342.0,0.853,442.6,64.63,92.79,4.49,0.834,0.083,0.105,0.51,0
2026-04-27,A031,Team Cebu C,Cebu,Travel,Day,Voice,Reservations,new,2026-04,2715000,7.9,1731.0,0.863,504.97,73.31,90.27,4.49,0.823,0.087,0.104,0.66,0
2026-04-27,A032,Team Cebu C,Cebu,Travel,Swing,Voice,Reservations,steady,2026-04,2715000,7.9,1853.0,0.873,469.33,68.35,91.71,4.49,0.829,0.091,0.101,0.81,0
2026-04-27,A033,Team Cebu C,Cebu,Travel,Night,Voice,Reservations,senior,2026-04,2715000,7.9,1975.0,0.843,442.6,64.63,92.79,4.49,0.834,0.079,0.099,0.36,0
2026-04-27,A034,Team Cebu C,Cebu,Travel,Day,Voice,Reservations,new,2026-04,2715000,7.9,2097.0,0.853,504.97,73.31,90.27,4.49,0.823,0.083,0.113,0.51,0
2026-04-27,A035,Team Cebu C,Cebu,Travel,Swing,Voice,Reservations,steady,2026-04,2715000,7.9,2220.0,0.863,469.33,68.35,91.71,4.49,0.829,0.087,0.11,0.66,0
2026-04-27,A036,Team Cebu C,Cebu,Travel,Night,Voice,Reservations,senior,2026-04,2715000,7.9,2342.0,0.873,442.6,64.63,92.79,4.49,0.834,0.091,0.093,0.81,0
2026-04-27,A037,Team Davao D,Davao,Healthcare,Day,Voice,Benefits,new,2026-04,2715000,7.9,1731.0,0.84,469.97,73.31,90.27,4.55,0.827,0.07,0.107,0.36,0
2026-04-27,A038,Team Davao D,Davao,Healthcare,Swing,Voice,Benefits,steady,2026-04,2715000,7.9,1853.0,0.85,436.93,68.35,91.71,4.55,0.833,0.074,0.104,0.51,0
2026-04-27,A039,Team Davao D,Davao,Healthcare,Night,Voice,Benefits,senior,2026-04,2715000,7.9,1975.0,0.86,412.14,64.63,92.79,4.55,0.838,0.078,0.102,0.66,0
2026-04-27,A040,Team Davao D,Davao,Healthcare,Day,Voice,Benefits,new,2026-04,2715000,7.9,2097.0,0.87,469.97,73.31,90.27,4.55,0.827,0.082,0.116,0.81,0
2026-04-27,A041,Team Davao D,Davao,Healthcare,Swing,Voice,Benefits,steady,2026-04,2715000,7.9,2220.0,0.84,436.93,68.35,91.71,4.55,0.833,0.07,0.098,0.36,0
2026-04-27,A042,Team Davao D,Davao,Healthcare,Night,Voice,Benefits,senior,2026-04,2715000,7.9,2342.0,0.85,412.14,64.63,92.79,4.55,0.838,0.074,0.096,0.51,0
2026-04-27,A043,Team Davao D,Davao,Healthcare,Day,Voice,Benefits,new,2026-04,2715000,7.9,1731.0,0.86,469.97,73.31,90.27,4.55,0.827,0.078,0.11,0.66,0
2026-04-27,A044,Team Davao D,Davao,Healthcare,Swing,Voice,Benefits,steady,2026-04,2715000,7.9,1853.0,0.87,436.93,68.35,91.71,4.55,0.833,0.082,0.107,0.81,0
2026-04-27,A045,Team Davao D,Davao,Healthcare,Night,Voice,Benefits,senior,2026-04,2715000,7.9,1975.0,0.84,412.14,64.63,92.79,4.55,0.838,0.07,0.105,0.36,0
2026-04-27,A046,Team Davao D,Davao,Healthcare,Day,Voice,Benefits,new,2026-04,2715000,7.9,2097.0,0.85,469.97,73.31,90.27,4.55,0.827,0.074,0.104,0.51,0
2026-04-27,A047,Team Davao D,Davao,Healthcare,Swing,Voice,Benefits,steady,2026-04,2715000,7.9,2220.0,0.86,436.93,68.35,91.71,4.55,0.833,0.078,0.101,0.66,0
2026-04-27,A048,Team Davao D,Davao,Healthcare,Night,Voice,Benefits,senior,2026-04,2715000,7.9,2342.0,0.87,412.14,64.63,92.79,4.55,0.838,0.082,0.099,0.81,0
2026-04-28,A001,Team Manila A,Manila,Telco,Day,Voice,Retention,new,2026-04,2715000,7.9,1667.0,0.841,492.47,74.51,90.09,4.51,0.825,0.074,0.104,0.44,0
2026-04-28,A002,Team Manila A,Manila,Telco,Swing,Voice,Retention,steady,2026-04,2715000,7.9,1784.0,0.851,458.12,69.55,91.53,4.51,0.831,0.078,0.101,0.59,0
2026-04-28,A003,Team Manila A,Manila,Telco,Night,Voice,Retention,senior,2026-04,2715000,7.9,1902.0,0.861,432.37,65.83,92.61,4.51,0.836,0.082,0.099,0.74,0
2026-04-28,A004,Team Manila A,Manila,Telco,Day,Voice,Retention,new,2026-04,2715000,7.9,2020.0,0.871,492.47,74.51,90.09,4.51,0.825,0.086,0.113,0.89,0
2026-04-28,A005,Team Manila A,Manila,Telco,Swing,Voice,Retention,steady,2026-04,2715000,7.9,2137.0,0.841,458.12,69.55,91.53,4.51,0.831,0.074,0.11,0.44,0
2026-04-28,A006,Team Manila A,Manila,Telco,Night,Voice,Retention,senior,2026-04,2715000,7.9,2255.0,0.851,432.37,65.83,92.61,4.51,0.836,0.078,0.093,0.59,0
2026-04-28,A007,Team Manila A,Manila,Telco,Day,Voice,Retention,new,2026-04,2715000,7.9,1667.0,0.861,492.47,74.51,90.09,4.51,0.825,0.082,0.107,0.74,0
2026-04-28,A008,Team Manila A,Manila,Telco,Swing,Voice,Retention,steady,2026-04,2715000,7.9,1784.0,0.871,458.12,69.55,91.53,4.51,0.831,0.086,0.104,0.89,0
2026-04-28,A009,Team Manila A,Manila,Telco,Night,Voice,Retention,senior,2026-04,2715000,7.9,1902.0,0.841,432.37,65.83,92.61,4.51,0.836,0.074,0.102,0.44,0
2026-04-28,A010,Team Manila A,Manila,Telco,Day,Voice,Retention,new,2026-04,2715000,7.9,2020.0,0.851,492.47,74.51,90.09,4.51,0.825,0.078,0.116,0.59,0
2026-04-28,A011,Team Manila A,Manila,Telco,Swing,Voice,Retention,steady,2026-04,2715000,7.9,2137.0,0.861,458.12,69.55,91.53,4.51,0.831,0.082,0.098,0.74,0
2026-04-28,A012,Team Manila A,Manila,Telco,Night,Voice,Retention,senior,2026-04,2715000,7.9,2255.0,0.871,432.37,65.83,92.61,4.51,0.836,0.086,0.096,0.89,0
2026-04-28,A013,Team Manila B,Manila,Retail,Day,Voice,Order Support,new,2026-04,2715000,7.9,1667.0,0.838,457.48,74.51,90.09,4.57,0.829,0.065,0.11,0.44,0
2026-04-28,A014,Team Manila B,Manila,Retail,Swing,Voice,Order Support,steady,2026-04,2715000,7.9,1784.0,0.848,425.72,69.55,91.53,4.57,0.835,0.069,0.107,0.59,0
2026-04-28,A015,Team Manila B,Manila,Retail,Night,Voice,Order Support,senior,2026-04,2715000,7.9,1902.0,0.858,401.91,65.83,92.61,4.57,0.84,0.073,0.105,0.74,0
2026-04-28,A016,Team Manila B,Manila,Retail,Day,Voice,Order Support,new,2026-04,2715000,7.9,2020.0,0.868,457.48,74.51,90.09,4.57,0.829,0.077,0.104,0.89,0
2026-04-28,A017,Team Manila B,Manila,Retail,Swing,Voice,Order Support,steady,2026-04,2715000,7.9,2137.0,0.838,425.72,69.55,91.53,4.57,0.835,0.065,0.101,0.44,0
2026-04-28,A018,Team Manila B,Manila,Retail,Night,Voice,Order Support,senior,2026-04,2715000,7.9,2255.0,0.848,401.91,65.83,92.61,4.57,0.84,0.069,0.099,0.59,0
2026-04-28,A019,Team Manila B,Manila,Retail,Day,Voice,Order Support,new,2026-04,2715000,7.9,1667.0,0.858,457.48,74.51,90.09,4.57,0.829,0.073,0.113,0.74,0
2026-04-28,A020,Team Manila B,Manila,Retail,Swing,Voice,Order Support,steady,2026-04,2715000,7.9,1784.0,0.868,425.72,69.55,91.53,4.57,0.835,0.077,0.11,0.89,0
2026-04-28,A021,Team Manila B,Manila,Retail,Night,Voice,Order Support,senior,2026-04,2715000,7.9,1902.0,0.838,401.91,65.83,92.61,4.57,0.84,0.065,0.093,0.44,0
2026-04-28,A022,Team Manila B,Manila,Retail,Day,Voice,Order Support,new,2026-04,2715000,7.9,2020.0,0.848,457.48,74.51,90.09,4.57,0.829,0.069,0.107,0.59,0
2026-04-28,A023,Team Manila B,Manila,Retail,Swing,Voice,Order Support,steady,2026-04,2715000,7.9,2137.0,0.858,425.72,69.55,91.53,4.57,0.835,0.073,0.104,0.74,0
2026-04-28,A024,Team Manila B,Manila,Retail,Night,Voice,Order Support,senior,2026-04,2715000,7.9,2255.0,0.868,401.91,65.83,92.61,4.57,0.84,0.077,0.102,0.89,0
2026-04-28,A025,Team Cebu C,Cebu,Travel,Day,Voice,Reservations,new,2026-04,2715000,7.9,1667.0,0.843,509.97,74.51,90.09,4.48,0.823,0.079,0.116,0.44,0
2026-04-28,A026,Team Cebu C,Cebu,Travel,Swing,Voice,Reservations,steady,2026-04,2715000,7.9,1784.0,0.853,474.33,69.55,91.53,4.48,0.829,0.083,0.098,0.59,0
2026-04-28,A027,Team Cebu C,Cebu,Travel,Night,Voice,Reservations,senior,2026-04,2715000,7.9,1902.0,0.863,447.6,65.83,92.61,4.48,0.834,0.087,0.096,0.74,0
2026-04-28,A028,Team Cebu C,Cebu,Travel,Day,Voice,Reservations,new,2026-04,2715000,7.9,2020.0,0.873,509.97,74.51,90.09,4.48,0.823,0.091,0.11,0.89,0
2026-04-28,A029,Team Cebu C,Cebu,Travel,Swing,Voice,Reservations,steady,2026-04,2715000,7.9,2137.0,0.843,474.33,69.55,91.53,4.48,0.829,0.079,0.107,0.44,0
2026-04-28,A030,Team Cebu C,Cebu,Travel,Night,Voice,Reservations,senior,2026-04,2715000,7.9,2255.0,0.853,447.6,65.83,92.61,4.48,0.834,0.083,0.105,0.59,0
2026-04-28,A031,Team Cebu C,Cebu,Travel,Day,Voice,Reservations,new,2026-04,2715000,7.9,1667.0,0.863,509.97,74.51,90.09,4.48,0.823,0.087,0.104,0.74,0
2026-04-28,A032,Team Cebu C,Cebu,Travel,Swing,Voice,Reservations,steady,2026-04,2715000,7.9,1784.0,0.873,474.33,69.55,91.53,4.48,0.829,0.091,0.101,0.89,0
2026-04-28,A033,Team Cebu C,Cebu,Travel,Night,Voice,Reservations,senior,2026-04,2715000,7.9,1902.0,0.843,447.6,65.83,92.61,4.48,0.834,0.079,0.099,0.44,0
2026-04-28,A034,Team Cebu C,Cebu,Travel,Day,Voice,Reservations,new,2026-04,2715000,7.9,2020.0,0.853,509.97,74.51,90.09,4.48,0.823,0.083,0.113,0.59,0
2026-04-28,A035,Team Cebu C,Cebu,Travel,Swing,Voice,Reservations,steady,2026-04,2715000,7.9,2137.0,0.863,474.33,69.55,91.53,4.48,0.829,0.087,0.11,0.74,0
2026-04-28,A036,Team Cebu C,Cebu,Travel,Night,Voice,Reservations,senior,2026-04,2715000,7.9,2255.0,0.873,447.6,65.83,92.61,4.48,0.834,0.091,0.093,0.89,0
2026-04-28,A037,Team Davao D,Davao,Healthcare,Day,Voice,Benefits,new,2026-04,2715000,7.9,1667.0,0.84,474.97,74.51,90.09,4.54,0.827,0.07,0.107,0.44,0
2026-04-28,A038,Team Davao D,Davao,Healthcare,Swing,Voice,Benefits,steady,2026-04,2715000,7.9,1784.0,0.85,441.93,69.55,91.53,4.54,0.833,0.074,0.104,0.59,0
2026-04-28,A039,Team Davao D,Davao,Healthcare,Night,Voice,Benefits,senior,2026-04,2715000,7.9,1902.0,0.86,417.14,65.83,92.61,4.54,0.838,0.078,0.102,0.74,0
2026-04-28,A040,Team Davao D,Davao,Healthcare,Day,Voice,Benefits,new,2026-04,2715000,7.9,2020.0,0.87,474.97,74.51,90.09,4.54,0.827,0.082,0.116,0.89,0
2026-04-28,A041,Team Davao D,Davao,Healthcare,Swing,Voice,Benefits,steady,2026-04,2715000,7.9,2137.0,0.84,441.93,69.55,91.53,4.54,0.833,0.07,0.098,0.44,0
2026-04-28,A042,Team Davao D,Davao,Healthcare,Night,Voice,Benefits,senior,2026-04,2715000,7.9,2255.0,0.85,417.14,65.83,92.61,4.54,0.838,0.074,0.096,0.59,0
2026-04-28,A043,Team Davao D,Davao,Healthcare,Day,Voice,Benefits,new,2026-04,2715000,7.9,1667.0,0.86,474.97,74.51,90.09,4.54,0.827,0.078,0.11,0.74,0
2026-04-28,A044,Team Davao D,Davao,Healthcare,Swing,Voice,Benefits,steady,2026-04,2715000,7.9,1784.0,0.87,441.93,69.55,91.53,4.54,0.833,0.082,0.107,0.89,0
2026-04-28,A045,Team Davao D,Davao,Healthcare,Night,Voice,Benefits,senior,2026-04,2715000,7.9,1902.0,0.84,417.14,65.83,92.61,4.54,0.838,0.07,0.105,0.44,1
2026-04-28,A046,Team Davao D,Davao,Healthcare,Day,Voice,Benefits,new,2026-04,2715000,7.9,2020.0,0.85,474.97,74.51,90.09,4.54,0.827,0.074,0.104,0.59,0
2026-04-28,A047,Team Davao D,Davao,Healthcare,Swing,Voice,Benefits,steady,2026-04,2715000,7.9,2137.0,0.86,441.93,69.55,91.53,4.54,0.833,0.078,0.101,0.74,0
2026-04-28,A048,Team Davao D,Davao,Healthcare,Night,Voice,Benefits,senior,2026-04,2715000,7.9,2255.0,0.87,417.14,65.83,92.61,4.54,0.838,0.082,0.099,0.89,0
2026-04-29,A001,Team Manila A,Manila,Telco,Day,Voice,Retention,new,2026-04,2715000,7.9,1603.0,0.841,462.47,67.31,90.09,4.51,0.825,0.074,0.104,0.2,0
2026-04-29,A002,Team Manila A,Manila,Telco,Swing,Voice,Retention,steady,2026-04,2715000,7.9,1716.0,0.851,428.12,62.35,91.53,4.51,0.831,0.078,0.101,0.35,0
2026-04-29,A003,Team Manila A,Manila,Telco,Night,Voice,Retention,senior,2026-04,2715000,7.9,1829.0,0.861,402.37,58.63,92.61,4.51,0.836,0.082,0.099,0.5,0
2026-04-29,A004,Team Manila A,Manila,Telco,Day,Voice,Retention,new,2026-04,2715000,7.9,1942.0,0.871,462.47,67.31,90.09,4.51,0.825,0.086,0.113,0.65,0
2026-04-29,A005,Team Manila A,Manila,Telco,Swing,Voice,Retention,steady,2026-04,2715000,7.9,2055.0,0.841,428.12,62.35,91.53,4.51,0.831,0.074,0.11,0.2,0
2026-04-29,A006,Team Manila A,Manila,Telco,Night,Voice,Retention,senior,2026-04,2715000,7.9,2168.0,0.851,402.37,58.63,92.61,4.51,0.836,0.078,0.093,0.35,0
2026-04-29,A007,Team Manila A,Manila,Telco,Day,Voice,Retention,new,2026-04,2715000,7.9,1603.0,0.861,462.47,67.31,90.09,4.51,0.825,0.082,0.107,0.5,0
2026-04-29,A008,Team Manila A,Manila,Telco,Swing,Voice,Retention,steady,2026-04,2715000,7.9,1716.0,0.871,428.12,62.35,91.53,4.51,0.831,0.086,0.104,0.65,0
2026-04-29,A009,Team Manila A,Manila,Telco,Night,Voice,Retention,senior,2026-04,2715000,7.9,1829.0,0.841,402.37,58.63,92.61,4.51,0.836,0.074,0.102,0.2,0
2026-04-29,A010,Team Manila A,Manila,Telco,Day,Voice,Retention,new,2026-04,2715000,7.9,1942.0,0.851,462.47,67.31,90.09,4.51,0.825,0.078,0.116,0.35,0
2026-04-29,A011,Team Manila A,Manila,Telco,Swing,Voice,Retention,steady,2026-04,2715000,7.9,2055.0,0.861,428.12,62.35,91.53,4.51,0.831,0.082,0.098,0.5,0
2026-04-29,A012,Team Manila A,Manila,Telco,Night,Voice,Retention,senior,2026-04,2715000,7.9,2168.0,0.871,402.37,58.63,92.61,4.51,0.836,0.086,0.096,0.65,0
2026-04-29,A013,Team Manila B,Manila,Retail,Day,Voice,Order Support,new,2026-04,2715000,7.9,1603.0,0.838,427.48,67.31,90.09,4.57,0.829,0.065,0.11,0.2,0
2026-04-29,A014,Team Manila B,Manila,Retail,Swing,Voice,Order Support,steady,2026-04,2715000,7.9,1716.0,0.848,395.72,62.35,91.53,4.57,0.835,0.069,0.107,0.35,0
2026-04-29,A015,Team Manila B,Manila,Retail,Night,Voice,Order Support,senior,2026-04,2715000,7.9,1829.0,0.858,371.91,58.63,92.61,4.57,0.84,0.073,0.105,0.5,0
2026-04-29,A016,Team Manila B,Manila,Retail,Day,Voice,Order Support,new,2026-04,2715000,7.9,1942.0,0.868,427.48,67.31,90.09,4.57,0.829,0.077,0.104,0.65,0
2026-04-29,A017,Team Manila B,Manila,Retail,Swing,Voice,Order Support,steady,2026-04,2715000,7.9,2055.0,0.838,395.72,62.35,91.53,4.57,0.835,0.065,0.101,0.2,0
2026-04-29,A018,Team Manila B,Manila,Retail,Night,Voice,Order Support,senior,2026-04,2715000,7.9,2168.0,0.848,371.91,58.63,92.61,4.57,0.84,0.069,0.099,0.35,0
2026-04-29,A019,Team Manila B,Manila,Retail,Day,Voice,Order Support,new,2026-04,2715000,7.9,1603.0,0.858,427.48,67.31,90.09,4.57,0.829,0.073,0.113,0.5,0
2026-04-29,A020,Team Manila B,Manila,Retail,Swing,Voice,Order Support,steady,2026-04,2715000,7.9,1716.0,0.868,395.72,62.35,91.53,4.57,0.835,0.077,0.11,0.65,0
2026-04-29,A021,Team Manila B,Manila,Retail,Night,Voice,Order Support,senior,2026-04,2715000,7.9,1829.0,0.838,371.91,58.63,92.61,4.57,0.84,0.065,0.093,0.2,0
2026-04-29,A022,Team Manila B,Manila,Retail,Day,Voice,Order Support,new,2026-04,2715000,7.9,1942.0,0.848,427.48,67.31,90.09,4.57,0.829,0.069,0.107,0.35,0
2026-04-29,A023,Team Manila B,Manila,Retail,Swing,Voice,Order Support,steady,2026-04,2715000,7.9,2055.0,0.858,395.72,62.35,91.53,4.57,0.835,0.073,0.104,0.5,0
2026-04-29,A024,Team Manila B,Manila,Retail,Night,Voice,Order Support,senior,2026-04,2715000,7.9,2168.0,0.868,371.91,58.63,92.61,4.57,0.84,0.077,0.102,0.65,0
2026-04-29,A025,Team Cebu C,Cebu,Travel,Day,Voice,Reservations,new,2026-04,2715000,7.9,1603.0,0.843,479.97,67.31,90.09,4.48,0.823,0.079,0.116,0.2,0
2026-04-29,A026,Team Cebu C,Cebu,Travel,Swing,Voice,Reservations,steady,2026-04,2715000,7.9,1716.0,0.853,444.33,62.35,91.53,4.48,0.829,0.083,0.098,0.35,0
2026-04-29,A027,Team Cebu C,Cebu,Travel,Night,Voice,Reservations,senior,2026-04,2715000,7.9,1829.0,0.863,417.6,58.63,92.61,4.48,0.834,0.087,0.096,0.5,1
2026-04-29,A028,Team Cebu C,Cebu,Travel,Day,Voice,Reservations,new,2026-04,2715000,7.9,1942.0,0.873,479.97,67.31,90.09,4.48,0.823,0.091,0.11,0.65,0
2026-04-29,A029,Team Cebu C,Cebu,Travel,Swing,Voice,Reservations,steady,2026-04,2715000,7.9,2055.0,0.843,444.33,62.35,91.53,4.48,0.829,0.079,0.107,0.2,0
2026-04-29,A030,Team Cebu C,Cebu,Travel,Night,Voice,Reservations,senior,2026-04,2715000,7.9,2168.0,0.853,417.6,58.63,92.61,4.48,0.834,0.083,0.105,0.35,0
2026-04-29,A031,Team Cebu C,Cebu,Travel,Day,Voice,Reservations,new,2026-04,2715000,7.9,1603.0,0.863,479.97,67.31,90.09,4.48,0.823,0.087,0.104,0.5,0
2026-04-29,A032,Team Cebu C,Cebu,Travel,Swing,Voice,Reservations,steady,2026-04,2715000,7.9,1716.0,0.873,444.33,62.35,91.53,4.48,0.829,0.091,0.101,0.65,0
2026-04-29,A033,Team Cebu C,Cebu,Travel,Night,Voice,Reservations,senior,2026-04,2715000,7.9,1829.0,0.843,417.6,58.63,92.61,4.48,0.834,0.079,0.099,0.2,0
2026-04-29,A034,Team Cebu C,Cebu,Travel,Day,Voice,Reservations,new,2026-04,2715000,7.9,1942.0,0.853,479.97,67.31,90.09,4.48,0.823,0.083,0.113,0.35,0
2026-04-29,A035,Team Cebu C,Cebu,Travel,Swing,Voice,Reservations,steady,2026-04,2715000,7.9,2055.0,0.863,444.33,62.35,91.53,4.48,0.829,0.087,0.11,0.5,0
2026-04-29,A036,Team Cebu C,Cebu,Travel,Night,Voice,Reservations,senior,2026-04,2715000,7.9,2168.0,0.873,417.6,58.63,92.61,4.48,0.834,0.091,0.093,0.65,0
2026-04-29,A037,Team Davao D,Davao,Healthcare,Day,Voice,Benefits,new,2026-04,2715000,7.9,1603.0,0.84,444.97,67.31,90.09,4.54,0.827,0.07,0.107,0.2,0
2026-04-29,A038,Team Davao D,Davao,Healthcare,Swing,Voice,Benefits,steady,2026-04,2715000,7.9,1716.0,0.85,411.93,62.35,91.53,4.54,0.833,0.074,0.104,0.35,0
2026-04-29,A039,Team Davao D,Davao,Healthcare,Night,Voice,Benefits,senior,2026-04,2715000,7.9,1829.0,0.86,387.14,58.63,92.61,4.54,0.838,0.078,0.102,0.5,0
2026-04-29,A040,Team Davao D,Davao,Healthcare,Day,Voice,Benefits,new,2026-04,2715000,7.9,1942.0,0.87,444.97,67.31,90.09,4.54,0.827,0.082,0.116,0.65,0
2026-04-29,A041,Team Davao D,Davao,Healthcare,Swing,Voice,Benefits,steady,2026-04,2715000,7.9,2055.0,0.84,411.93,62.35,91.53,4.54,0.833,0.07,0.098,0.2,0
2026-04-29,A042,Team Davao D,Davao,Healthcare,Night,Voice,Benefits,senior,2026-04,2715000,7.9,2168.0,0.85,387.14,58.63,92.61,4.54,0.838,0.074,0.096,0.35,0
2026-04-29,A043,Team Davao D,Davao,Healthcare,Day,Voice,Benefits,new,2026-04,2715000,7.9,1603.0,0.86,444.97,67.31,90.09,4.54,0.827,0.078,0.11,0.5,0
2026-04-29,A044,Team Davao D,Davao,Healthcare,Swing,Voice,Benefits,steady,2026-04,2715000,7.9,1716.0,0.87,411.93,62.35,91.53,4.54,0.833,0.082,0.107,0.65,0
2026-04-29,A045,Team Davao D,Davao,Healthcare,Night,Voice,Benefits,senior,2026-04,2715000,7.9,1829.0,0.84,387.14,58.63,92.61,4.54,0.838,0.07,0.105,0.2,0
2026-04-29,A046,Team Davao D,Davao,Healthcare,Day,Voice,Benefits,new,2026-04,2715000,7.9,1942.0,0.85,444.97,67.31,90.09,4.54,0.827,0.074,0.104,0.35,0
2026-04-29,A047,Team Davao D,Davao,Healthcare,Swing,Voice,Benefits,steady,2026-04,2715000,7.9,2055.0,0.86,411.93,62.35,91.53,4.54,0.833,0.078,0.101,0.5,0
2026-04-29,A048,Team Davao D,Davao,Healthcare,Night,Voice,Benefits,senior,2026-04,2715000,7.9,2168.0,0.87,387.14,58.63,92.61,4.54,0.838,0.082,0.099,0.65,0
2026-04-30,A001,Team Manila A,Manila,Telco,Day,Voice,Retention,new,2026-04,2715000,7.9,1587.0,0.841,467.47,68.51,90.27,4.52,0.825,0.074,0.104,0.2,0
2026-04-30,A002,Team Manila A,Manila,Telco,Swing,Voice,Retention,steady,2026-04,2715000,7.9,1699.0,0.851,433.12,63.55,91.71,4.52,0.831,0.078,0.101,0.35,0
2026-04-30,A003,Team Manila A,Manila,Telco,Night,Voice,Retention,senior,2026-04,2715000,7.9,1811.0,0.861,407.37,59.83,92.79,4.52,0.836,0.082,0.099,0.5,0
2026-04-30,A004,Team Manila A,Manila,Telco,Day,Voice,Retention,new,2026-04,2715000,7.9,1923.0,0.871,467.47,68.51,90.27,4.52,0.825,0.086,0.113,0.65,0
2026-04-30,A005,Team Manila A,Manila,Telco,Swing,Voice,Retention,steady,2026-04,2715000,7.9,2035.0,0.841,433.12,63.55,91.71,4.52,0.831,0.074,0.11,0.2,0
2026-04-30,A006,Team Manila A,Manila,Telco,Night,Voice,Retention,senior,2026-04,2715000,7.9,2147.0,0.851,407.37,59.83,92.79,4.52,0.836,0.078,0.093,0.35,0
2026-04-30,A007,Team Manila A,Manila,Telco,Day,Voice,Retention,new,2026-04,2715000,7.9,1587.0,0.861,467.47,68.51,90.27,4.52,0.825,0.082,0.107,0.5,0
2026-04-30,A008,Team Manila A,Manila,Telco,Swing,Voice,Retention,steady,2026-04,2715000,7.9,1699.0,0.871,433.12,63.55,91.71,4.52,0.831,0.086,0.104,0.65,0
2026-04-30,A009,Team Manila A,Manila,Telco,Night,Voice,Retention,senior,2026-04,2715000,7.9,1811.0,0.841,407.37,59.83,92.79,4.52,0.836,0.074,0.102,0.2,1
2026-04-30,A010,Team Manila A,Manila,Telco,Day,Voice,Retention,new,2026-04,2715000,7.9,1923.0,0.851,467.47,68.51,90.27,4.52,0.825,0.078,0.116,0.35,0
2026-04-30,A011,Team Manila A,Manila,Telco,Swing,Voice,Retention,steady,2026-04,2715000,7.9,2035.0,0.861,433.12,63.55,91.71,4.52,0.831,0.082,0.098,0.5,0
2026-04-30,A012,Team Manila A,Manila,Telco,Night,Voice,Retention,senior,2026-04,2715000,7.9,2147.0,0.871,407.37,59.83,92.79,4.52,0.836,0.086,0.096,0.65,0
2026-04-30,A013,Team Manila B,Manila,Retail,Day,Voice,Order Support,new,2026-04,2715000,7.9,1587.0,0.838,432.48,68.51,90.27,4.58,0.829,0.065,0.11,0.2,0
2026-04-30,A014,Team Manila B,Manila,Retail,Swing,Voice,Order Support,steady,2026-04,2715000,7.9,1699.0,0.848,400.72,63.55,91.71,4.58,0.835,0.069,0.107,0.35,0
2026-04-30,A015,Team Manila B,Manila,Retail,Night,Voice,Order Support,senior,2026-04,2715000,7.9,1811.0,0.858,376.91,59.83,92.79,4.58,0.84,0.073,0.105,0.5,0
2026-04-30,A016,Team Manila B,Manila,Retail,Day,Voice,Order Support,new,2026-04,2715000,7.9,1923.0,0.868,432.48,68.51,90.27,4.58,0.829,0.077,0.104,0.65,0
2026-04-30,A017,Team Manila B,Manila,Retail,Swing,Voice,Order Support,steady,2026-04,2715000,7.9,2035.0,0.838,400.72,63.55,91.71,4.58,0.835,0.065,0.101,0.2,0
2026-04-30,A018,Team Manila B,Manila,Retail,Night,Voice,Order Support,senior,2026-04,2715000,7.9,2147.0,0.848,376.91,59.83,92.79,4.58,0.84,0.069,0.099,0.35,0
2026-04-30,A019,Team Manila B,Manila,Retail,Day,Voice,Order Support,new,2026-04,2715000,7.9,1587.0,0.858,432.48,68.51,90.27,4.58,0.829,0.073,0.113,0.5,0
2026-04-30,A020,Team Manila B,Manila,Retail,Swing,Voice,Order Support,steady,2026-04,2715000,7.9,1699.0,0.868,400.72,63.55,91.71,4.58,0.835,0.077,0.11,0.65,0
2026-04-30,A021,Team Manila B,Manila,Retail,Night,Voice,Order Support,senior,2026-04,2715000,7.9,1811.0,0.838,376.91,59.83,92.79,4.58,0.84,0.065,0.093,0.2,0
2026-04-30,A022,Team Manila B,Manila,Retail,Day,Voice,Order Support,new,2026-04,2715000,7.9,1923.0,0.848,432.48,68.51,90.27,4.58,0.829,0.069,0.107,0.35,0
2026-04-30,A023,Team Manila B,Manila,Retail,Swing,Voice,Order Support,steady,2026-04,2715000,7.9,2035.0,0.858,400.72,63.55,91.71,4.58,0.835,0.073,0.104,0.5,0
2026-04-30,A024,Team Manila B,Manila,Retail,Night,Voice,Order Support,senior,2026-04,2715000,7.9,2147.0,0.868,376.91,59.83,92.79,4.58,0.84,0.077,0.102,0.65,0
2026-04-30,A025,Team Cebu C,Cebu,Travel,Day,Voice,Reservations,new,2026-04,2715000,7.9,1587.0,0.843,484.97,68.51,90.27,4.49,0.823,0.079,0.116,0.2,0
2026-04-30,A026,Team Cebu C,Cebu,Travel,Swing,Voice,Reservations,steady,2026-04,2715000,7.9,1699.0,0.853,449.33,63.55,91.71,4.49,0.829,0.083,0.098,0.35,0
2026-04-30,A027,Team Cebu C,Cebu,Travel,Night,Voice,Reservations,senior,2026-04,2715000,7.9,1811.0,0.863,422.6,59.83,92.79,4.49,0.834,0.087,0.096,0.5,0
2026-04-30,A028,Team Cebu C,Cebu,Travel,Day,Voice,Reservations,new,2026-04,2715000,7.9,1923.0,0.873,484.97,68.51,90.27,4.49,0.823,0.091,0.11,0.65,0
2026-04-30,A029,Team Cebu C,Cebu,Travel,Swing,Voice,Reservations,steady,2026-04,2715000,7.9,2035.0,0.843,449.33,63.55,91.71,4.49,0.829,0.079,0.107,0.2,0
2026-04-30,A030,Team Cebu C,Cebu,Travel,Night,Voice,Reservations,senior,2026-04,2715000,7.9,2147.0,0.853,422.6,59.83,92.79,4.49,0.834,0.083,0.105,0.35,0
2026-04-30,A031,Team Cebu C,Cebu,Travel,Day,Voice,Reservations,new,2026-04,2715000,7.9,1587.0,0.863,484.97,68.51,90.27,4.49,0.823,0.087,0.104,0.5,0
2026-04-30,A032,Team Cebu C,Cebu,Travel,Swing,Voice,Reservations,steady,2026-04,2715000,7.9,1699.0,0.873,449.33,63.55,91.71,4.49,0.829,0.091,0.101,0.65,0
2026-04-30,A033,Team Cebu C,Cebu,Travel,Night,Voice,Reservations,senior,2026-04,2715000,7.9,1811.0,0.843,422.6,59.83,92.79,4.49,0.834,0.079,0.099,0.2,0
2026-04-30,A034,Team Cebu C,Cebu,Travel,Day,Voice,Reservations,new,2026-04,2715000,7.9,1923.0,0.853,484.97,68.51,90.27,4.49,0.823,0.083,0.113,0.35,0
2026-04-30,A035,Team Cebu C,Cebu,Travel,Swing,Voice,Reservations,steady,2026-04,2715000,7.9,2035.0,0.863,449.33,63.55,91.71,4.49,0.829,0.087,0.11,0.5,0
2026-04-30,A036,Team Cebu C,Cebu,Travel,Night,Voice,Reservations,senior,2026-04,2715000,7.9,2147.0,0.873,422.6,59.83,92.79,4.49,0.834,0.091,0.093,0.65,0
2026-04-30,A037,Team Davao D,Davao,Healthcare,Day,Voice,Benefits,new,2026-04,2715000,7.9,1587.0,0.84,449.97,68.51,90.27,4.55,0.827,0.07,0.107,0.2,0
2026-04-30,A038,Team Davao D,Davao,Healthcare,Swing,Voice,Benefits,steady,2026-04,2715000,7.9,1699.0,0.85,416.93,63.55,91.71,4.55,0.833,0.074,0.104,0.35,0
2026-04-30,A039,Team Davao D,Davao,Healthcare,Night,Voice,Benefits,senior,2026-04,2715000,7.9,1811.0,0.86,392.14,59.83,92.79,4.55,0.838,0.078,0.102,0.5,0
2026-04-30,A040,Team Davao D,Davao,Healthcare,Day,Voice,Benefits,new,2026-04,2715000,7.9,1923.0,0.87,449.97,68.51,90.27,4.55,0.827,0.082,0.116,0.65,0
2026-04-30,A041,Team Davao D,Davao,Healthcare,Swing,Voice,Benefits,steady,2026-04,2715000,7.9,2035.0,0.84,416.93,63.55,91.71,4.55,0.833,0.07,0.098,0.2,0
2026-04-30,A042,Team Davao D,Davao,Healthcare,Night,Voice,Benefits,senior,2026-04,2715000,7.9,2147.0,0.85,392.14,59.83,92.79,4.55,0.838,0.074,0.096,0.35,0
2026-04-30,A043,Team Davao D,Davao,Healthcare,Day,Voice,Benefits,new,2026-04,2715000,7.9,1587.0,0.86,449.97,68.51,90.27,4.55,0.827,0.078,0.11,0.5,0
2026-04-30,A044,Team Davao D,Davao,Healthcare,Swing,Voice,Benefits,steady,2026-04,2715000,7.9,1699.0,0.87,416.93,63.55,91.71,4.55,0.833,0.082,0.107,0.65,0
2026-04-30,A045,Team Davao D,Davao,Healthcare,Night,Voice,Benefits,senior,2026-04,2715000,7.9,1811.0,0.84,392.14,59.83,92.79,4.55,0.838,0.07,0.105,0.2,0
2026-04-30,A046,Team Davao D,Davao,Healthcare,Day,Voice,Benefits,new,2026-04,2715000,7.9,1923.0,0.85,449.97,68.51,90.27,4.55,0.827,0.074,0.104,0.35,0
2026-04-30,A047,Team Davao D,Davao,Healthcare,Swing,Voice,Benefits,steady,2026-04,2715000,7.9,2035.0,0.86,416.93,63.55,91.71,4.55,0.833,0.078,0.101,0.5,0
2026-04-30,A048,Team Davao D,Davao,Healthcare,Night,Voice,Benefits,senior,2026-04,2715000,7.9,2147.0,0.87,392.14,59.83,92.79,4.55,0.838,0.082,0.099,0.65,0
2026-05-01,A001,Team Manila A,Manila,Telco,Day,Voice,Retention,new,2026-05,2865000,8.6,1590.0,0.848,473.69,70.06,90.42,4.53,0.825,0.075,0.105,0.2,0
2026-05-01,A002,Team Manila A,Manila,Telco,Swing,Voice,Retention,steady,2026-05,2865000,8.6,1702.0,0.858,439.35,65.1,91.86,4.53,0.831,0.079,0.101,0.35,0
2026-05-01,A003,Team Manila A,Manila,Telco,Night,Voice,Retention,senior,2026-05,2865000,8.6,1814.0,0.868,413.59,61.38,92.94,4.53,0.836,0.083,0.1,0.5,0
2026-05-01,A004,Team Manila A,Manila,Telco,Day,Voice,Retention,new,2026-05,2865000,8.6,1926.0,0.878,473.69,70.06,90.42,4.53,0.825,0.087,0.114,0.65,0
2026-05-01,A005,Team Manila A,Manila,Telco,Swing,Voice,Retention,steady,2026-05,2865000,8.6,2039.0,0.848,439.35,65.1,91.86,4.53,0.831,0.075,0.11,0.2,0
2026-05-01,A006,Team Manila A,Manila,Telco,Night,Voice,Retention,senior,2026-05,2865000,8.6,2151.0,0.858,413.59,61.38,92.94,4.53,0.836,0.079,0.094,0.35,0
2026-05-01,A007,Team Manila A,Manila,Telco,Day,Voice,Retention,new,2026-05,2865000,8.6,1590.0,0.868,473.69,70.06,90.42,4.53,0.825,0.083,0.108,0.5,0
2026-05-01,A008,Team Manila A,Manila,Telco,Swing,Voice,Retention,steady,2026-05,2865000,8.6,1702.0,0.878,439.35,65.1,91.86,4.53,0.831,0.087,0.104,0.65,0
2026-05-01,A009,Team Manila A,Manila,Telco,Night,Voice,Retention,senior,2026-05,2865000,8.6,1814.0,0.848,413.59,61.38,92.94,4.53,0.836,0.075,0.103,0.2,0
2026-05-01,A010,Team Manila A,Manila,Telco,Day,Voice,Retention,new,2026-05,2865000,8.6,1926.0,0.858,473.69,70.06,90.42,4.53,0.825,0.079,0.117,0.35,0
2026-05-01,A011,Team Manila A,Manila,Telco,Swing,Voice,Retention,steady,2026-05,2865000,8.6,2039.0,0.868,439.35,65.1,91.86,4.53,0.831,0.083,0.098,0.5,0
2026-05-01,A012,Team Manila A,Manila,Telco,Night,Voice,Retention,senior,2026-05,2865000,8.6,2151.0,0.878,413.59,61.38,92.94,4.53,0.836,0.087,0.097,0.65,0
2026-05-01,A013,Team Manila B,Manila,Retail,Day,Voice,Order Support,new,2026-05,2865000,8.6,1590.0,0.845,438.7,70.06,90.42,4.58,0.829,0.066,0.111,0.2,0
2026-05-01,A014,Team Manila B,Manila,Retail,Swing,Voice,Order Support,steady,2026-05,2865000,8.6,1702.0,0.855,406.95,65.1,91.86,4.58,0.835,0.07,0.107,0.35,0
2026-05-01,A015,Team Manila B,Manila,Retail,Night,Voice,Order Support,senior,2026-05,2865000,8.6,1814.0,0.865,383.14,61.38,92.94,4.58,0.84,0.074,0.106,0.5,0
2026-05-01,A016,Team Manila B,Manila,Retail,Day,Voice,Order Support,new,2026-05,2865000,8.6,1926.0,0.875,438.7,70.06,90.42,4.58,0.829,0.078,0.105,0.65,0
2026-05-01,A017,Team Manila B,Manila,Retail,Swing,Voice,Order Support,steady,2026-05,2865000,8.6,2039.0,0.845,406.95,65.1,91.86,4.58,0.835,0.066,0.101,0.2,0
2026-05-01,A018,Team Manila B,Manila,Retail,Night,Voice,Order Support,senior,2026-05,2865000,8.6,2151.0,0.855,383.14,61.38,92.94,4.58,0.84,0.07,0.1,0.35,0
2026-05-01,A019,Team Manila B,Manila,Retail,Day,Voice,Order Support,new,2026-05,2865000,8.6,1590.0,0.865,438.7,70.06,90.42,4.58,0.829,0.074,0.114,0.5,0
2026-05-01,A020,Team Manila B,Manila,Retail,Swing,Voice,Order Support,steady,2026-05,2865000,8.6,1702.0,0.875,406.95,65.1,91.86,4.58,0.835,0.078,0.11,0.65,0
2026-05-01,A021,Team Manila B,Manila,Retail,Night,Voice,Order Support,senior,2026-05,2865000,8.6,1814.0,0.845,383.14,61.38,92.94,4.58,0.84,0.066,0.094,0.2,0
2026-05-01,A022,Team Manila B,Manila,Retail,Day,Voice,Order Support,new,2026-05,2865000,8.6,1926.0,0.855,438.7,70.06,90.42,4.58,0.829,0.07,0.108,0.35,0
2026-05-01,A023,Team Manila B,Manila,Retail,Swing,Voice,Order Support,steady,2026-05,2865000,8.6,2039.0,0.865,406.95,65.1,91.86,4.58,0.835,0.074,0.104,0.5,0
2026-05-01,A024,Team Manila B,Manila,Retail,Night,Voice,Order Support,senior,2026-05,2865000,8.6,2151.0,0.875,383.14,61.38,92.94,4.58,0.84,0.078,0.103,0.65,0
2026-05-01,A025,Team Cebu C,Cebu,Travel,Day,Voice,Reservations,new,2026-05,2865000,8.6,1590.0,0.85,491.19,70.06,90.42,4.5,0.823,0.08,0.117,0.2,0
2026-05-01,A026,Team Cebu C,Cebu,Travel,Swing,Voice,Reservations,steady,2026-05,2865000,8.6,1702.0,0.86,455.55,65.1,91.86,4.5,0.829,0.084,0.098,0.35,0
2026-05-01,A027,Team Cebu C,Cebu,Travel,Night,Voice,Reservations,senior,2026-05,2865000,8.6,1814.0,0.87,428.82,61.38,92.94,4.5,0.834,0.088,0.097,0.5,0
2026-05-01,A028,Team Cebu C,Cebu,Travel,Day,Voice,Reservations,new,2026-05,2865000,8.6,1926.0,0.88,491.19,70.06,90.42,4.5,0.823,0.092,0.111,0.65,0
2026-05-01,A029,Team Cebu C,Cebu,Travel,Swing,Voice,Reservations,steady,2026-05,2865000,8.6,2039.0,0.85,455.55,65.1,91.86,4.5,0.829,0.08,0.107,0.2,0
2026-05-01,A030,Team Cebu C,Cebu,Travel,Night,Voice,Reservations,senior,2026-05,2865000,8.6,2151.0,0.86,428.82,61.38,92.94,4.5,0.834,0.084,0.106,0.35,0
2026-05-01,A031,Team Cebu C,Cebu,Travel,Day,Voice,Reservations,new,2026-05,2865000,8.6,1590.0,0.87,491.19,70.06,90.42,4.5,0.823,0.088,0.105,0.5,0
2026-05-01,A032,Team Cebu C,Cebu,Travel,Swing,Voice,Reservations,steady,2026-05,2865000,8.6,1702.0,0.88,455.55,65.1,91.86,4.5,0.829,0.092,0.101,0.65,0
2026-05-01,A033,Team Cebu C,Cebu,Travel,Night,Voice,Reservations,senior,2026-05,2865000,8.6,1814.0,0.85,428.82,61.38,92.94,4.5,0.834,0.08,0.1,0.2,0
2026-05-01,A034,Team Cebu C,Cebu,Travel,Day,Voice,Reservations,new,2026-05,2865000,8.6,1926.0,0.86,491.19,70.06,90.42,4.5,0.823,0.084,0.114,0.35,0
2026-05-01,A035,Team Cebu C,Cebu,Travel,Swing,Voice,Reservations,steady,2026-05,2865000,8.6,2039.0,0.87,455.55,65.1,91.86,4.5,0.829,0.088,0.11,0.5,0
2026-05-01,A036,Team Cebu C,Cebu,Travel,Night,Voice,Reservations,senior,2026-05,2865000,8.6,2151.0,0.88,428.82,61.38,92.94,4.5,0.834,0.092,0.094,0.65,0
2026-05-01,A037,Team Davao D,Davao,Healthcare,Day,Voice,Benefits,new,2026-05,2865000,8.6,1590.0,0.847,456.2,70.06,90.42,4.56,0.827,0.071,0.108,0.2,0
2026-05-01,A038,Team Davao D,Davao,Healthcare,Swing,Voice,Benefits,steady,2026-05,2865000,8.6,1702.0,0.857,423.15,65.1,91.86,4.56,0.833,0.075,0.104,0.35,0
2026-05-01,A039,Team Davao D,Davao,Healthcare,Night,Voice,Benefits,senior,2026-05,2865000,8.6,1814.0,0.867,398.36,61.38,92.94,4.56,0.838,0.079,0.103,0.5,0
2026-05-01,A040,Team Davao D,Davao,Healthcare,Day,Voice,Benefits,new,2026-05,2865000,8.6,1926.0,0.877,456.2,70.06,90.42,4.56,0.827,0.083,0.117,0.65,0
2026-05-01,A041,Team Davao D,Davao,Healthcare,Swing,Voice,Benefits,steady,2026-05,2865000,8.6,2039.0,0.847,423.15,65.1,91.86,4.56,0.833,0.071,0.098,0.2,0
2026-05-01,A042,Team Davao D,Davao,Healthcare,Night,Voice,Benefits,senior,2026-05,2865000,8.6,2151.0,0.857,398.36,61.38,92.94,4.56,0.838,0.075,0.097,0.35,0
2026-05-01,A043,Team Davao D,Davao,Healthcare,Day,Voice,Benefits,new,2026-05,2865000,8.6,1590.0,0.867,456.2,70.06,90.42,4.56,0.827,0.079,0.111,0.5,0
2026-05-01,A044,Team Davao D,Davao,Healthcare,Swing,Voice,Benefits,steady,2026-05,2865000,8.6,1702.0,0.877,423.15,65.1,91.86,4.56,0.833,0.083,0.107,0.65,1
2026-05-01,A045,Team Davao D,Davao,Healthcare,Night,Voice,Benefits,senior,2026-05,2865000,8.6,1814.0,0.847,398.36,61.38,92.94,4.56,0.838,0.071,0.106,0.2,0
2026-05-01,A046,Team Davao D,Davao,Healthcare,Day,Voice,Benefits,new,2026-05,2865000,8.6,1926.0,0.857,456.2,70.06,90.42,4.56,0.827,0.075,0.105,0.35,0
2026-05-01,A047,Team Davao D,Davao,Healthcare,Swing,Voice,Benefits,steady,2026-05,2865000,8.6,2039.0,0.867,423.15,65.1,91.86,4.56,0.833,0.079,0.101,0.5,0
2026-05-01,A048,Team Davao D,Davao,Healthcare,Night,Voice,Benefits,senior,2026-05,2865000,8.6,2151.0,0.877,398.36,61.38,92.94,4.56,0.838,0.083,0.1,0.65,0
2026-05-02,A001,Team Manila A,Manila,Telco,Day,Voice,Retention,new,2026-05,2865000,8.6,1218.0,0.848,478.69,71.26,90.6,4.54,0.825,0.075,0.105,0.2,0
2026-05-02,A002,Team Manila A,Manila,Telco,Swing,Voice,Retention,steady,2026-05,2865000,8.6,1304.0,0.858,444.35,66.3,92.04,4.54,0.831,0.079,0.101,0.35,0
2026-05-02,A003,Team Manila A,Manila,Telco,Night,Voice,Retention,senior,2026-05,2865000,8.6,1390.0,0.868,418.59,62.58,93.12,4.54,0.836,0.083,0.1,0.5,0
2026-05-02,A004,Team Manila A,Manila,Telco,Day,Voice,Retention,new,2026-05,2865000,8.6,1475.0,0.878,478.69,71.26,90.6,4.54,0.825,0.087,0.114,0.65,0
2026-05-02,A005,Team Manila A,Manila,Telco,Swing,Voice,Retention,steady,2026-05,2865000,8.6,1561.0,0.848,444.35,66.3,92.04,4.54,0.831,0.075,0.11,0.2,0
2026-05-02,A006,Team Manila A,Manila,Telco,Night,Voice,Retention,senior,2026-05,2865000,8.6,1647.0,0.858,418.59,62.58,93.12,4.54,0.836,0.079,0.094,0.35,0
2026-05-02,A007,Team Manila A,Manila,Telco,Day,Voice,Retention,new,2026-05,2865000,8.6,1218.0,0.868,478.69,71.26,90.6,4.54,0.825,0.083,0.108,0.5,0
2026-05-02,A008,Team Manila A,Manila,Telco,Swing,Voice,Retention,steady,2026-05,2865000,8.6,1304.0,0.878,444.35,66.3,92.04,4.54,0.831,0.087,0.104,0.65,0
2026-05-02,A009,Team Manila A,Manila,Telco,Night,Voice,Retention,senior,2026-05,2865000,8.6,1390.0,0.848,418.59,62.58,93.12,4.54,0.836,0.075,0.103,0.2,0
2026-05-02,A010,Team Manila A,Manila,Telco,Day,Voice,Retention,new,2026-05,2865000,8.6,1475.0,0.858,478.69,71.26,90.6,4.54,0.825,0.079,0.117,0.35,0
2026-05-02,A011,Team Manila A,Manila,Telco,Swing,Voice,Retention,steady,2026-05,2865000,8.6,1561.0,0.868,444.35,66.3,92.04,4.54,0.831,0.083,0.098,0.5,0
2026-05-02,A012,Team Manila A,Manila,Telco,Night,Voice,Retention,senior,2026-05,2865000,8.6,1647.0,0.878,418.59,62.58,93.12,4.54,0.836,0.087,0.097,0.65,0
2026-05-02,A013,Team Manila B,Manila,Retail,Day,Voice,Order Support,new,2026-05,2865000,8.6,1218.0,0.845,443.7,71.26,90.6,4.59,0.829,0.066,0.111,0.2,0
2026-05-02,A014,Team Manila B,Manila,Retail,Swing,Voice,Order Support,steady,2026-05,2865000,8.6,1304.0,0.855,411.95,66.3,92.04,4.59,0.835,0.07,0.107,0.35,0
2026-05-02,A015,Team Manila B,Manila,Retail,Night,Voice,Order Support,senior,2026-05,2865000,8.6,1390.0,0.865,388.14,62.58,93.12,4.59,0.84,0.074,0.106,0.5,0
2026-05-02,A016,Team Manila B,Manila,Retail,Day,Voice,Order Support,new,2026-05,2865000,8.6,1475.0,0.875,443.7,71.26,90.6,4.59,0.829,0.078,0.105,0.65,0
2026-05-02,A017,Team Manila B,Manila,Retail,Swing,Voice,Order Support,steady,2026-05,2865000,8.6,1561.0,0.845,411.95,66.3,92.04,4.59,0.835,0.066,0.101,0.2,0
2026-05-02,A018,Team Manila B,Manila,Retail,Night,Voice,Order Support,senior,2026-05,2865000,8.6,1647.0,0.855,388.14,62.58,93.12,4.59,0.84,0.07,0.1,0.35,0
2026-05-02,A019,Team Manila B,Manila,Retail,Day,Voice,Order Support,new,2026-05,2865000,8.6,1218.0,0.865,443.7,71.26,90.6,4.59,0.829,0.074,0.114,0.5,0
2026-05-02,A020,Team Manila B,Manila,Retail,Swing,Voice,Order Support,steady,2026-05,2865000,8.6,1304.0,0.875,411.95,66.3,92.04,4.59,0.835,0.078,0.11,0.65,0
2026-05-02,A021,Team Manila B,Manila,Retail,Night,Voice,Order Support,senior,2026-05,2865000,8.6,1390.0,0.845,388.14,62.58,93.12,4.59,0.84,0.066,0.094,0.2,0
2026-05-02,A022,Team Manila B,Manila,Retail,Day,Voice,Order Support,new,2026-05,2865000,8.6,1475.0,0.855,443.7,71.26,90.6,4.59,0.829,0.07,0.108,0.35,0
2026-05-02,A023,Team Manila B,Manila,Retail,Swing,Voice,Order Support,steady,2026-05,2865000,8.6,1561.0,0.865,411.95,66.3,92.04,4.59,0.835,0.074,0.104,0.5,0
2026-05-02,A024,Team Manila B,Manila,Retail,Night,Voice,Order Support,senior,2026-05,2865000,8.6,1647.0,0.875,388.14,62.58,93.12,4.59,0.84,0.078,0.103,0.65,0
2026-05-02,A025,Team Cebu C,Cebu,Travel,Day,Voice,Reservations,new,2026-05,2865000,8.6,1218.0,0.85,496.19,71.26,90.6,4.51,0.823,0.08,0.117,0.2,0
2026-05-02,A026,Team Cebu C,Cebu,Travel,Swing,Voice,Reservations,steady,2026-05,2865000,8.6,1304.0,0.86,460.55,66.3,92.04,4.51,0.829,0.084,0.098,0.35,1
2026-05-02,A027,Team Cebu C,Cebu,Travel,Night,Voice,Reservations,senior,2026-05,2865000,8.6,1390.0,0.87,433.82,62.58,93.12,4.51,0.834,0.088,0.097,0.5,0
2026-05-02,A028,Team Cebu C,Cebu,Travel,Day,Voice,Reservations,new,2026-05,2865000,8.6,1475.0,0.88,496.19,71.26,90.6,4.51,0.823,0.092,0.111,0.65,0
2026-05-02,A029,Team Cebu C,Cebu,Travel,Swing,Voice,Reservations,steady,2026-05,2865000,8.6,1561.0,0.85,460.55,66.3,92.04,4.51,0.829,0.08,0.107,0.2,0
2026-05-02,A030,Team Cebu C,Cebu,Travel,Night,Voice,Reservations,senior,2026-05,2865000,8.6,1647.0,0.86,433.82,62.58,93.12,4.51,0.834,0.084,0.106,0.35,0
2026-05-02,A031,Team Cebu C,Cebu,Travel,Day,Voice,Reservations,new,2026-05,2865000,8.6,1218.0,0.87,496.19,71.26,90.6,4.51,0.823,0.088,0.105,0.5,0
2026-05-02,A032,Team Cebu C,Cebu,Travel,Swing,Voice,Reservations,steady,2026-05,2865000,8.6,1304.0,0.88,460.55,66.3,92.04,4.51,0.829,0.092,0.101,0.65,0
2026-05-02,A033,Team Cebu C,Cebu,Travel,Night,Voice,Reservations,senior,2026-05,2865000,8.6,1390.0,0.85,433.82,62.58,93.12,4.51,0.834,0.08,0.1,0.2,0
2026-05-02,A034,Team Cebu C,Cebu,Travel,Day,Voice,Reservations,new,2026-05,2865000,8.6,1475.0,0.86,496.19,71.26,90.6,4.51,0.823,0.084,0.114,0.35,0
2026-05-02,A035,Team Cebu C,Cebu,Travel,Swing,Voice,Reservations,steady,2026-05,2865000,8.6,1561.0,0.87,460.55,66.3,92.04,4.51,0.829,0.088,0.11,0.5,0
2026-05-02,A036,Team Cebu C,Cebu,Travel,Night,Voice,Reservations,senior,2026-05,2865000,8.6,1647.0,0.88,433.82,62.58,93.12,4.51,0.834,0.092,0.094,0.65,0
2026-05-02,A037,Team Davao D,Davao,Healthcare,Day,Voice,Benefits,new,2026-05,2865000,8.6,1218.0,0.847,461.2,71.26,90.6,4.57,0.827,0.071,0.108,0.2,0
2026-05-02,A038,Team Davao D,Davao,Healthcare,Swing,Voice,Benefits,steady,2026-05,2865000,8.6,1304.0,0.857,428.15,66.3,92.04,4.57,0.833,0.075,0.104,0.35,0
2026-05-02,A039,Team Davao D,Davao,Healthcare,Night,Voice,Benefits,senior,2026-05,2865000,8.6,1390.0,0.867,403.36,62.58,93.12,4.57,0.838,0.079,0.103,0.5,0
2026-05-02,A040,Team Davao D,Davao,Healthcare,Day,Voice,Benefits,new,2026-05,2865000,8.6,1475.0,0.877,461.2,71.26,90.6,4.57,0.827,0.083,0.117,0.65,0
2026-05-02,A041,Team Davao D,Davao,Healthcare,Swing,Voice,Benefits,steady,2026-05,2865000,8.6,1561.0,0.847,428.15,66.3,92.04,4.57,0.833,0.071,0.098,0.2,0
2026-05-02,A042,Team Davao D,Davao,Healthcare,Night,Voice,Benefits,senior,2026-05,2865000,8.6,1647.0,0.857,403.36,62.58,93.12,4.57,0.838,0.075,0.097,0.35,0
2026-05-02,A043,Team Davao D,Davao,Healthcare,Day,Voice,Benefits,new,2026-05,2865000,8.6,1218.0,0.867,461.2,71.26,90.6,4.57,0.827,0.079,0.111,0.5,0
2026-05-02,A044,Team Davao D,Davao,Healthcare,Swing,Voice,Benefits,steady,2026-05,2865000,8.6,1304.0,0.877,428.15,66.3,92.04,4.57,0.833,0.083,0.107,0.65,0
2026-05-02,A045,Team Davao D,Davao,Healthcare,Night,Voice,Benefits,senior,2026-05,2865000,8.6,1390.0,0.847,403.36,62.58,93.12,4.57,0.838,0.071,0.106,0.2,0
2026-05-02,A046,Team Davao D,Davao,Healthcare,Day,Voice,Benefits,new,2026-05,2865000,8.6,1475.0,0.857,461.2,71.26,90.6,4.57,0.827,0.075,0.105,0.35,0
2026-05-02,A047,Team Davao D,Davao,Healthcare,Swing,Voice,Benefits,steady,2026-05,2865000,8.6,1561.0,0.867,428.15,66.3,92.04,4.57,0.833,0.079,0.101,0.5,0
2026-05-02,A048,Team Davao D,Davao,Healthcare,Night,Voice,Benefits,senior,2026-05,2865000,8.6,1647.0,0.877,403.36,62.58,93.12,4.57,0.838,0.083,0.1,0.65,0
2026-05-03,A001,Team Manila A,Manila,Telco,Day,Voice,Retention,new,2026-05,2865000,8.6,1116.0,0.848,483.69,72.46,90.42,4.53,0.825,0.075,0.105,0.28,0
2026-05-03,A002,Team Manila A,Manila,Telco,Swing,Voice,Retention,steady,2026-05,2865000,8.6,1195.0,0.858,449.35,67.5,91.86,4.53,0.831,0.079,0.101,0.43,0
2026-05-03,A003,Team Manila A,Manila,Telco,Night,Voice,Retention,senior,2026-05,2865000,8.6,1274.0,0.868,423.59,63.78,92.94,4.53,0.836,0.083,0.1,0.58,0
2026-05-03,A004,Team Manila A,Manila,Telco,Day,Voice,Retention,new,2026-05,2865000,8.6,1353.0,0.878,483.69,72.46,90.42,4.53,0.825,0.087,0.114,0.73,0
2026-05-03,A005,Team Manila A,Manila,Telco,Swing,Voice,Retention,steady,2026-05,2865000,8.6,1431.0,0.848,449.35,67.5,91.86,4.53,0.831,0.075,0.11,0.28,0
2026-05-03,A006,Team Manila A,Manila,Telco,Night,Voice,Retention,senior,2026-05,2865000,8.6,1510.0,0.858,423.59,63.78,92.94,4.53,0.836,0.079,0.094,0.43,0
2026-05-03,A007,Team Manila A,Manila,Telco,Day,Voice,Retention,new,2026-05,2865000,8.6,1116.0,0.868,483.69,72.46,90.42,4.53,0.825,0.083,0.108,0.58,0
2026-05-03,A008,Team Manila A,Manila,Telco,Swing,Voice,Retention,steady,2026-05,2865000,8.6,1195.0,0.878,449.35,67.5,91.86,4.53,0.831,0.087,0.104,0.73,1
2026-05-03,A009,Team Manila A,Manila,Telco,Night,Voice,Retention,senior,2026-05,2865000,8.6,1274.0,0.848,423.59,63.78,92.94,4.53,0.836,0.075,0.103,0.28,0
2026-05-03,A010,Team Manila A,Manila,Telco,Day,Voice,Retention,new,2026-05,2865000,8.6,1353.0,0.858,483.69,72.46,90.42,4.53,0.825,0.079,0.117,0.43,0
2026-05-03,A011,Team Manila A,Manila,Telco,Swing,Voice,Retention,steady,2026-05,2865000,8.6,1431.0,0.868,449.35,67.5,91.86,4.53,0.831,0.083,0.098,0.58,0
2026-05-03,A012,Team Manila A,Manila,Telco,Night,Voice,Retention,senior,2026-05,2865000,8.6,1510.0,0.878,423.59,63.78,92.94,4.53,0.836,0.087,0.097,0.73,0
2026-05-03,A013,Team Manila B,Manila,Retail,Day,Voice,Order Support,new,2026-05,2865000,8.6,1116.0,0.845,448.7,72.46,90.42,4.58,0.829,0.066,0.111,0.28,0
2026-05-03,A014,Team Manila B,Manila,Retail,Swing,Voice,Order Support,steady,2026-05,2865000,8.6,1195.0,0.855,416.95,67.5,91.86,4.58,0.835,0.07,0.107,0.43,0
2026-05-03,A015,Team Manila B,Manila,Retail,Night,Voice,Order Support,senior,2026-05,2865000,8.6,1274.0,0.865,393.14,63.78,92.94,4.58,0.84,0.074,0.106,0.58,0
2026-05-03,A016,Team Manila B,Manila,Retail,Day,Voice,Order Support,new,2026-05,2865000,8.6,1353.0,0.875,448.7,72.46,90.42,4.58,0.829,0.078,0.105,0.73,0
2026-05-03,A017,Team Manila B,Manila,Retail,Swing,Voice,Order Support,steady,2026-05,2865000,8.6,1431.0,0.845,416.95,67.5,91.86,4.58,0.835,0.066,0.101,0.28,0
2026-05-03,A018,Team Manila B,Manila,Retail,Night,Voice,Order Support,senior,2026-05,2865000,8.6,1510.0,0.855,393.14,63.78,92.94,4.58,0.84,0.07,0.1,0.43,0
2026-05-03,A019,Team Manila B,Manila,Retail,Day,Voice,Order Support,new,2026-05,2865000,8.6,1116.0,0.865,448.7,72.46,90.42,4.58,0.829,0.074,0.114,0.58,0
2026-05-03,A020,Team Manila B,Manila,Retail,Swing,Voice,Order Support,steady,2026-05,2865000,8.6,1195.0,0.875,416.95,67.5,91.86,4.58,0.835,0.078,0.11,0.73,0
2026-05-03,A021,Team Manila B,Manila,Retail,Night,Voice,Order Support,senior,2026-05,2865000,8.6,1274.0,0.845,393.14,63.78,92.94,4.58,0.84,0.066,0.094,0.28,0
2026-05-03,A022,Team Manila B,Manila,Retail,Day,Voice,Order Support,new,2026-05,2865000,8.6,1353.0,0.855,448.7,72.46,90.42,4.58,0.829,0.07,0.108,0.43,0
2026-05-03,A023,Team Manila B,Manila,Retail,Swing,Voice,Order Support,steady,2026-05,2865000,8.6,1431.0,0.865,416.95,67.5,91.86,4.58,0.835,0.074,0.104,0.58,0
2026-05-03,A024,Team Manila B,Manila,Retail,Night,Voice,Order Support,senior,2026-05,2865000,8.6,1510.0,0.875,393.14,63.78,92.94,4.58,0.84,0.078,0.103,0.73,0
2026-05-03,A025,Team Cebu C,Cebu,Travel,Day,Voice,Reservations,new,2026-05,2865000,8.6,1116.0,0.85,501.19,72.46,90.42,4.5,0.823,0.08,0.117,0.28,0
2026-05-03,A026,Team Cebu C,Cebu,Travel,Swing,Voice,Reservations,steady,2026-05,2865000,8.6,1195.0,0.86,465.55,67.5,91.86,4.5,0.829,0.084,0.098,0.43,0
2026-05-03,A027,Team Cebu C,Cebu,Travel,Night,Voice,Reservations,senior,2026-05,2865000,8.6,1274.0,0.87,438.82,63.78,92.94,4.5,0.834,0.088,0.097,0.58,0
2026-05-03,A028,Team Cebu C,Cebu,Travel,Day,Voice,Reservations,new,2026-05,2865000,8.6,1353.0,0.88,501.19,72.46,90.42,4.5,0.823,0.092,0.111,0.73,0
2026-05-03,A029,Team Cebu C,Cebu,Travel,Swing,Voice,Reservations,steady,2026-05,2865000,8.6,1431.0,0.85,465.55,67.5,91.86,4.5,0.829,0.08,0.107,0.28,0
2026-05-03,A030,Team Cebu C,Cebu,Travel,Night,Voice,Reservations,senior,2026-05,2865000,8.6,1510.0,0.86,438.82,63.78,92.94,4.5,0.834,0.084,0.106,0.43,0
2026-05-03,A031,Team Cebu C,Cebu,Travel,Day,Voice,Reservations,new,2026-05,2865000,8.6,1116.0,0.87,501.19,72.46,90.42,4.5,0.823,0.088,0.105,0.58,0
2026-05-03,A032,Team Cebu C,Cebu,Travel,Swing,Voice,Reservations,steady,2026-05,2865000,8.6,1195.0,0.88,465.55,67.5,91.86,4.5,0.829,0.092,0.101,0.73,0
2026-05-03,A033,Team Cebu C,Cebu,Travel,Night,Voice,Reservations,senior,2026-05,2865000,8.6,1274.0,0.85,438.82,63.78,92.94,4.5,0.834,0.08,0.1,0.28,0
2026-05-03,A034,Team Cebu C,Cebu,Travel,Day,Voice,Reservations,new,2026-05,2865000,8.6,1353.0,0.86,501.19,72.46,90.42,4.5,0.823,0.084,0.114,0.43,0
2026-05-03,A035,Team Cebu C,Cebu,Travel,Swing,Voice,Reservations,steady,2026-05,2865000,8.6,1431.0,0.87,465.55,67.5,91.86,4.5,0.829,0.088,0.11,0.58,0
2026-05-03,A036,Team Cebu C,Cebu,Travel,Night,Voice,Reservations,senior,2026-05,2865000,8.6,1510.0,0.88,438.82,63.78,92.94,4.5,0.834,0.092,0.094,0.73,0
2026-05-03,A037,Team Davao D,Davao,Healthcare,Day,Voice,Benefits,new,2026-05,2865000,8.6,1116.0,0.847,466.2,72.46,90.42,4.56,0.827,0.071,0.108,0.28,0
2026-05-03,A038,Team Davao D,Davao,Healthcare,Swing,Voice,Benefits,steady,2026-05,2865000,8.6,1195.0,0.857,433.15,67.5,91.86,4.56,0.833,0.075,0.104,0.43,0
2026-05-03,A039,Team Davao D,Davao,Healthcare,Night,Voice,Benefits,senior,2026-05,2865000,8.6,1274.0,0.867,408.36,63.78,92.94,4.56,0.838,0.079,0.103,0.58,0
2026-05-03,A040,Team Davao D,Davao,Healthcare,Day,Voice,Benefits,new,2026-05,2865000,8.6,1353.0,0.877,466.2,72.46,90.42,4.56,0.827,0.083,0.117,0.73,0
2026-05-03,A041,Team Davao D,Davao,Healthcare,Swing,Voice,Benefits,steady,2026-05,2865000,8.6,1431.0,0.847,433.15,67.5,91.86,4.56,0.833,0.071,0.098,0.28,0
2026-05-03,A042,Team Davao D,Davao,Healthcare,Night,Voice,Benefits,senior,2026-05,2865000,8.6,1510.0,0.857,408.36,63.78,92.94,4.56,0.838,0.075,0.097,0.43,0
2026-05-03,A043,Team Davao D,Davao,Healthcare,Day,Voice,Benefits,new,2026-05,2865000,8.6,1116.0,0.867,466.2,72.46,90.42,4.56,0.827,0.079,0.111,0.58,0
2026-05-03,A044,Team Davao D,Davao,Healthcare,Swing,Voice,Benefits,steady,2026-05,2865000,8.6,1195.0,0.877,433.15,67.5,91.86,4.56,0.833,0.083,0.107,0.73,0
2026-05-03,A045,Team Davao D,Davao,Healthcare,Night,Voice,Benefits,senior,2026-05,2865000,8.6,1274.0,0.847,408.36,63.78,92.94,4.56,0.838,0.071,0.106,0.28,0
2026-05-03,A046,Team Davao D,Davao,Healthcare,Day,Voice,Benefits,new,2026-05,2865000,8.6,1353.0,0.857,466.2,72.46,90.42,4.56,0.827,0.075,0.105,0.43,0
2026-05-03,A047,Team Davao D,Davao,Healthcare,Swing,Voice,Benefits,steady,2026-05,2865000,8.6,1431.0,0.867,433.15,67.5,91.86,4.56,0.833,0.079,0.101,0.58,0
2026-05-03,A048,Team Davao D,Davao,Healthcare,Night,Voice,Benefits,senior,2026-05,2865000,8.6,1510.0,0.877,408.36,63.78,92.94,4.56,0.838,0.083,0.1,0.73,0
2026-05-04,A001,Team Manila A,Manila,Telco,Day,Voice,Retention,new,2026-05,2865000,8.6,1826.0,0.848,488.69,73.66,90.24,4.52,0.825,0.075,0.105,0.36,0
2026-05-04,A002,Team Manila A,Manila,Telco,Swing,Voice,Retention,steady,2026-05,2865000,8.6,1955.0,0.858,454.35,68.7,91.68,4.52,0.831,0.079,0.101,0.51,0
2026-05-04,A003,Team Manila A,Manila,Telco,Night,Voice,Retention,senior,2026-05,2865000,8.6,2084.0,0.868,428.59,64.98,92.76,4.52,0.836,0.083,0.1,0.66,0
2026-05-04,A004,Team Manila A,Manila,Telco,Day,Voice,Retention,new,2026-05,2865000,8.6,2213.0,0.878,488.69,73.66,90.24,4.52,0.825,0.087,0.114,0.81,0
2026-05-04,A005,Team Manila A,Manila,Telco,Swing,Voice,Retention,steady,2026-05,2865000,8.6,2342.0,0.848,454.35,68.7,91.68,4.52,0.831,0.075,0.11,0.36,0
2026-05-04,A006,Team Manila A,Manila,Telco,Night,Voice,Retention,senior,2026-05,2865000,8.6,2471.0,0.858,428.59,64.98,92.76,4.52,0.836,0.079,0.094,0.51,0
2026-05-04,A007,Team Manila A,Manila,Telco,Day,Voice,Retention,new,2026-05,2865000,8.6,1826.0,0.868,488.69,73.66,90.24,4.52,0.825,0.083,0.108,0.66,0
2026-05-04,A008,Team Manila A,Manila,Telco,Swing,Voice,Retention,steady,2026-05,2865000,8.6,1955.0,0.878,454.35,68.7,91.68,4.52,0.831,0.087,0.104,0.81,0
2026-05-04,A009,Team Manila A,Manila,Telco,Night,Voice,Retention,senior,2026-05,2865000,8.6,2084.0,0.848,428.59,64.98,92.76,4.52,0.836,0.075,0.103,0.36,0
2026-05-04,A010,Team Manila A,Manila,Telco,Day,Voice,Retention,new,2026-05,2865000,8.6,2213.0,0.858,488.69,73.66,90.24,4.52,0.825,0.079,0.117,0.51,0
2026-05-04,A011,Team Manila A,Manila,Telco,Swing,Voice,Retention,steady,2026-05,2865000,8.6,2342.0,0.868,454.35,68.7,91.68,4.52,0.831,0.083,0.098,0.66,0
2026-05-04,A012,Team Manila A,Manila,Telco,Night,Voice,Retention,senior,2026-05,2865000,8.6,2471.0,0.878,428.59,64.98,92.76,4.52,0.836,0.087,0.097,0.81,0
2026-05-04,A013,Team Manila B,Manila,Retail,Day,Voice,Order Support,new,2026-05,2865000,8.6,1826.0,0.845,453.7,73.66,90.24,4.57,0.829,0.066,0.111,0.36,0
2026-05-04,A014,Team Manila B,Manila,Retail,Swing,Voice,Order Support,steady,2026-05,2865000,8.6,1955.0,0.855,421.95,68.7,91.68,4.57,0.835,0.07,0.107,0.51,0
2026-05-04,A015,Team Manila B,Manila,Retail,Night,Voice,Order Support,senior,2026-05,2865000,8.6,2084.0,0.865,398.14,64.98,92.76,4.57,0.84,0.074,0.106,0.66,0
2026-05-04,A016,Team Manila B,Manila,Retail,Day,Voice,Order Support,new,2026-05,2865000,8.6,2213.0,0.875,453.7,73.66,90.24,4.57,0.829,0.078,0.105,0.81,0
2026-05-04,A017,Team Manila B,Manila,Retail,Swing,Voice,Order Support,steady,2026-05,2865000,8.6,2342.0,0.845,421.95,68.7,91.68,4.57,0.835,0.066,0.101,0.36,0
2026-05-04,A018,Team Manila B,Manila,Retail,Night,Voice,Order Support,senior,2026-05,2865000,8.6,2471.0,0.855,398.14,64.98,92.76,4.57,0.84,0.07,0.1,0.51,0
2026-05-04,A019,Team Manila B,Manila,Retail,Day,Voice,Order Support,new,2026-05,2865000,8.6,1826.0,0.865,453.7,73.66,90.24,4.57,0.829,0.074,0.114,0.66,0
2026-05-04,A020,Team Manila B,Manila,Retail,Swing,Voice,Order Support,steady,2026-05,2865000,8.6,1955.0,0.875,421.95,68.7,91.68,4.57,0.835,0.078,0.11,0.81,0
2026-05-04,A021,Team Manila B,Manila,Retail,Night,Voice,Order Support,senior,2026-05,2865000,8.6,2084.0,0.845,398.14,64.98,92.76,4.57,0.84,0.066,0.094,0.36,0
2026-05-04,A022,Team Manila B,Manila,Retail,Day,Voice,Order Support,new,2026-05,2865000,8.6,2213.0,0.855,453.7,73.66,90.24,4.57,0.829,0.07,0.108,0.51,0
2026-05-04,A023,Team Manila B,Manila,Retail,Swing,Voice,Order Support,steady,2026-05,2865000,8.6,2342.0,0.865,421.95,68.7,91.68,4.57,0.835,0.074,0.104,0.66,0
2026-05-04,A024,Team Manila B,Manila,Retail,Night,Voice,Order Support,senior,2026-05,2865000,8.6,2471.0,0.875,398.14,64.98,92.76,4.57,0.84,0.078,0.103,0.81,0
2026-05-04,A025,Team Cebu C,Cebu,Travel,Day,Voice,Reservations,new,2026-05,2865000,8.6,1826.0,0.85,506.19,73.66,90.24,4.49,0.823,0.08,0.117,0.36,0
2026-05-04,A026,Team Cebu C,Cebu,Travel,Swing,Voice,Reservations,steady,2026-05,2865000,8.6,1955.0,0.86,470.55,68.7,91.68,4.49,0.829,0.084,0.098,0.51,0
2026-05-04,A027,Team Cebu C,Cebu,Travel,Night,Voice,Reservations,senior,2026-05,2865000,8.6,2084.0,0.87,443.82,64.98,92.76,4.49,0.834,0.088,0.097,0.66,0
2026-05-04,A028,Team Cebu C,Cebu,Travel,Day,Voice,Reservations,new,2026-05,2865000,8.6,2213.0,0.88,506.19,73.66,90.24,4.49,0.823,0.092,0.111,0.81,0
2026-05-04,A029,Team Cebu C,Cebu,Travel,Swing,Voice,Reservations,steady,2026-05,2865000,8.6,2342.0,0.85,470.55,68.7,91.68,4.49,0.829,0.08,0.107,0.36,0
2026-05-04,A030,Team Cebu C,Cebu,Travel,Night,Voice,Reservations,senior,2026-05,2865000,8.6,2471.0,0.86,443.82,64.98,92.76,4.49,0.834,0.084,0.106,0.51,0
2026-05-04,A031,Team Cebu C,Cebu,Travel,Day,Voice,Reservations,new,2026-05,2865000,8.6,1826.0,0.87,506.19,73.66,90.24,4.49,0.823,0.088,0.105,0.66,0
2026-05-04,A032,Team Cebu C,Cebu,Travel,Swing,Voice,Reservations,steady,2026-05,2865000,8.6,1955.0,0.88,470.55,68.7,91.68,4.49,0.829,0.092,0.101,0.81,0
2026-05-04,A033,Team Cebu C,Cebu,Travel,Night,Voice,Reservations,senior,2026-05,2865000,8.6,2084.0,0.85,443.82,64.98,92.76,4.49,0.834,0.08,0.1,0.36,0
2026-05-04,A034,Team Cebu C,Cebu,Travel,Day,Voice,Reservations,new,2026-05,2865000,8.6,2213.0,0.86,506.19,73.66,90.24,4.49,0.823,0.084,0.114,0.51,0
2026-05-04,A035,Team Cebu C,Cebu,Travel,Swing,Voice,Reservations,steady,2026-05,2865000,8.6,2342.0,0.87,470.55,68.7,91.68,4.49,0.829,0.088,0.11,0.66,0
2026-05-04,A036,Team Cebu C,Cebu,Travel,Night,Voice,Reservations,senior,2026-05,2865000,8.6,2471.0,0.88,443.82,64.98,92.76,4.49,0.834,0.092,0.094,0.81,0
2026-05-04,A037,Team Davao D,Davao,Healthcare,Day,Voice,Benefits,new,2026-05,2865000,8.6,1826.0,0.847,471.2,73.66,90.24,4.55,0.827,0.071,0.108,0.36,0
2026-05-04,A038,Team Davao D,Davao,Healthcare,Swing,Voice,Benefits,steady,2026-05,2865000,8.6,1955.0,0.857,438.15,68.7,91.68,4.55,0.833,0.075,0.104,0.51,0
2026-05-04,A039,Team Davao D,Davao,Healthcare,Night,Voice,Benefits,senior,2026-05,2865000,8.6,2084.0,0.867,413.36,64.98,92.76,4.55,0.838,0.079,0.103,0.66,0
2026-05-04,A040,Team Davao D,Davao,Healthcare,Day,Voice,Benefits,new,2026-05,2865000,8.6,2213.0,0.877,471.2,73.66,90.24,4.55,0.827,0.083,0.117,0.81,0
2026-05-04,A041,Team Davao D,Davao,Healthcare,Swing,Voice,Benefits,steady,2026-05,2865000,8.6,2342.0,0.847,438.15,68.7,91.68,4.55,0.833,0.071,0.098,0.36,0
2026-05-04,A042,Team Davao D,Davao,Healthcare,Night,Voice,Benefits,senior,2026-05,2865000,8.6,2471.0,0.857,413.36,64.98,92.76,4.55,0.838,0.075,0.097,0.51,0
2026-05-04,A043,Team Davao D,Davao,Healthcare,Day,Voice,Benefits,new,2026-05,2865000,8.6,1826.0,0.867,471.2,73.66,90.24,4.55,0.827,0.079,0.111,0.66,1
2026-05-04,A044,Team Davao D,Davao,Healthcare,Swing,Voice,Benefits,steady,2026-05,2865000,8.6,1955.0,0.877,438.15,68.7,91.68,4.55,0.833,0.083,0.107,0.81,0
2026-05-04,A045,Team Davao D,Davao,Healthcare,Night,Voice,Benefits,senior,2026-05,2865000,8.6,2084.0,0.847,413.36,64.98,92.76,4.55,0.838,0.071,0.106,0.36,0
2026-05-04,A046,Team Davao D,Davao,Healthcare,Day,Voice,Benefits,new,2026-05,2865000,8.6,2213.0,0.857,471.2,73.66,90.24,4.55,0.827,0.075,0.105,0.51,0
2026-05-04,A047,Team Davao D,Davao,Healthcare,Swing,Voice,Benefits,steady,2026-05,2865000,8.6,2342.0,0.867,438.15,68.7,91.68,4.55,0.833,0.079,0.101,0.66,0
2026-05-04,A048,Team Davao D,Davao,Healthcare,Night,Voice,Benefits,senior,2026-05,2865000,8.6,2471.0,0.877,413.36,64.98,92.76,4.55,0.838,0.083,0.1,0.81,0
2026-05-05,A001,Team Manila A,Manila,Telco,Day,Voice,Retention,new,2026-05,2865000,8.6,1759.0,0.848,493.69,74.86,90.06,4.51,0.825,0.075,0.105,0.44,0
2026-05-05,A002,Team Manila A,Manila,Telco,Swing,Voice,Retention,steady,2026-05,2865000,8.6,1883.0,0.858,459.35,69.9,91.5,4.51,0.831,0.079,0.101,0.59,0
2026-05-05,A003,Team Manila A,Manila,Telco,Night,Voice,Retention,senior,2026-05,2865000,8.6,2007.0,0.868,433.59,66.18,92.58,4.51,0.836,0.083,0.1,0.74,0
2026-05-05,A004,Team Manila A,Manila,Telco,Day,Voice,Retention,new,2026-05,2865000,8.6,2131.0,0.878,493.69,74.86,90.06,4.51,0.825,0.087,0.114,0.89,0
2026-05-05,A005,Team Manila A,Manila,Telco,Swing,Voice,Retention,steady,2026-05,2865000,8.6,2255.0,0.848,459.35,69.9,91.5,4.51,0.831,0.075,0.11,0.44,0
2026-05-05,A006,Team Manila A,Manila,Telco,Night,Voice,Retention,senior,2026-05,2865000,8.6,2380.0,0.858,433.59,66.18,92.58,4.51,0.836,0.079,0.094,0.59,0
2026-05-05,A007,Team Manila A,Manila,Telco,Day,Voice,Retention,new,2026-05,2865000,8.6,1759.0,0.868,493.69,74.86,90.06,4.51,0.825,0.083,0.108,0.74,0
2026-05-05,A008,Team Manila A,Manila,Telco,Swing,Voice,Retention,steady,2026-05,2865000,8.6,1883.0,0.878,459.35,69.9,91.5,4.51,0.831,0.087,0.104,0.89,0
2026-05-05,A009,Team Manila A,Manila,Telco,Night,Voice,Retention,senior,2026-05,2865000,8.6,2007.0,0.848,433.59,66.18,92.58,4.51,0.836,0.075,0.103,0.44,0
2026-05-05,A010,Team Manila A,Manila,Telco,Day,Voice,Retention,new,2026-05,2865000,8.6,2131.0,0.858,493.69,74.86,90.06,4.51,0.825,0.079,0.117,0.59,0
2026-05-05,A011,Team Manila A,Manila,Telco,Swing,Voice,Retention,steady,2026-05,2865000,8.6,2255.0,0.868,459.35,69.9,91.5,4.51,0.831,0.083,0.098,0.74,0
2026-05-05,A012,Team Manila A,Manila,Telco,Night,Voice,Retention,senior,2026-05,2865000,8.6,2380.0,0.878,433.59,66.18,92.58,4.51,0.836,0.087,0.097,0.89,0
2026-05-05,A013,Team Manila B,Manila,Retail,Day,Voice,Order Support,new,2026-05,2865000,8.6,1759.0,0.845,458.7,74.86,90.06,4.56,0.829,0.066,0.111,0.44,0
2026-05-05,A014,Team Manila B,Manila,Retail,Swing,Voice,Order Support,steady,2026-05,2865000,8.6,1883.0,0.855,426.95,69.9,91.5,4.56,0.835,0.07,0.107,0.59,0
2026-05-05,A015,Team Manila B,Manila,Retail,Night,Voice,Order Support,senior,2026-05,2865000,8.6,2007.0,0.865,403.14,66.18,92.58,4.56,0.84,0.074,0.106,0.74,0
2026-05-05,A016,Team Manila B,Manila,Retail,Day,Voice,Order Support,new,2026-05,2865000,8.6,2131.0,0.875,458.7,74.86,90.06,4.56,0.829,0.078,0.105,0.89,0
2026-05-05,A017,Team Manila B,Manila,Retail,Swing,Voice,Order Support,steady,2026-05,2865000,8.6,2255.0,0.845,426.95,69.9,91.5,4.56,0.835,0.066,0.101,0.44,0
2026-05-05,A018,Team Manila B,Manila,Retail,Night,Voice,Order Support,senior,2026-05,2865000,8.6,2380.0,0.855,403.14,66.18,92.58,4.56,0.84,0.07,0.1,0.59,0
2026-05-05,A019,Team Manila B,Manila,Retail,Day,Voice,Order Support,new,2026-05,2865000,8.6,1759.0,0.865,458.7,74.86,90.06,4.56,0.829,0.074,0.114,0.74,0
2026-05-05,A020,Team Manila B,Manila,Retail,Swing,Voice,Order Support,steady,2026-05,2865000,8.6,1883.0,0.875,426.95,69.9,91.5,4.56,0.835,0.078,0.11,0.89,0
2026-05-05,A021,Team Manila B,Manila,Retail,Night,Voice,Order Support,senior,2026-05,2865000,8.6,2007.0,0.845,403.14,66.18,92.58,4.56,0.84,0.066,0.094,0.44,0
2026-05-05,A022,Team Manila B,Manila,Retail,Day,Voice,Order Support,new,2026-05,2865000,8.6,2131.0,0.855,458.7,74.86,90.06,4.56,0.829,0.07,0.108,0.59,0
2026-05-05,A023,Team Manila B,Manila,Retail,Swing,Voice,Order Support,steady,2026-05,2865000,8.6,2255.0,0.865,426.95,69.9,91.5,4.56,0.835,0.074,0.104,0.74,0
2026-05-05,A024,Team Manila B,Manila,Retail,Night,Voice,Order Support,senior,2026-05,2865000,8.6,2380.0,0.875,403.14,66.18,92.58,4.56,0.84,0.078,0.103,0.89,0
2026-05-05,A025,Team Cebu C,Cebu,Travel,Day,Voice,Reservations,new,2026-05,2865000,8.6,1759.0,0.85,511.19,74.86,90.06,4.48,0.823,0.08,0.117,0.44,1
2026-05-05,A026,Team Cebu C,Cebu,Travel,Swing,Voice,Reservations,steady,2026-05,2865000,8.6,1883.0,0.86,475.55,69.9,91.5,4.48,0.829,0.084,0.098,0.59,0
2026-05-05,A027,Team Cebu C,Cebu,Travel,Night,Voice,Reservations,senior,2026-05,2865000,8.6,2007.0,0.87,448.82,66.18,92.58,4.48,0.834,0.088,0.097,0.74,0
2026-05-05,A028,Team Cebu C,Cebu,Travel,Day,Voice,Reservations,new,2026-05,2865000,8.6,2131.0,0.88,511.19,74.86,90.06,4.48,0.823,0.092,0.111,0.89,0
2026-05-05,A029,Team Cebu C,Cebu,Travel,Swing,Voice,Reservations,steady,2026-05,2865000,8.6,2255.0,0.85,475.55,69.9,91.5,4.48,0.829,0.08,0.107,0.44,0
2026-05-05,A030,Team Cebu C,Cebu,Travel,Night,Voice,Reservations,senior,2026-05,2865000,8.6,2380.0,0.86,448.82,66.18,92.58,4.48,0.834,0.084,0.106,0.59,0
2026-05-05,A031,Team Cebu C,Cebu,Travel,Day,Voice,Reservations,new,2026-05,2865000,8.6,1759.0,0.87,511.19,74.86,90.06,4.48,0.823,0.088,0.105,0.74,0
2026-05-05,A032,Team Cebu C,Cebu,Travel,Swing,Voice,Reservations,steady,2026-05,2865000,8.6,1883.0,0.88,475.55,69.9,91.5,4.48,0.829,0.092,0.101,0.89,0
2026-05-05,A033,Team Cebu C,Cebu,Travel,Night,Voice,Reservations,senior,2026-05,2865000,8.6,2007.0,0.85,448.82,66.18,92.58,4.48,0.834,0.08,0.1,0.44,0
2026-05-05,A034,Team Cebu C,Cebu,Travel,Day,Voice,Reservations,new,2026-05,2865000,8.6,2131.0,0.86,511.19,74.86,90.06,4.48,0.823,0.084,0.114,0.59,0
2026-05-05,A035,Team Cebu C,Cebu,Travel,Swing,Voice,Reservations,steady,2026-05,2865000,8.6,2255.0,0.87,475.55,69.9,91.5,4.48,0.829,0.088,0.11,0.74,0
2026-05-05,A036,Team Cebu C,Cebu,Travel,Night,Voice,Reservations,senior,2026-05,2865000,8.6,2380.0,0.88,448.82,66.18,92.58,4.48,0.834,0.092,0.094,0.89,0
2026-05-05,A037,Team Davao D,Davao,Healthcare,Day,Voice,Benefits,new,2026-05,2865000,8.6,1759.0,0.847,476.2,74.86,90.06,4.54,0.827,0.071,0.108,0.44,0
2026-05-05,A038,Team Davao D,Davao,Healthcare,Swing,Voice,Benefits,steady,2026-05,2865000,8.6,1883.0,0.857,443.15,69.9,91.5,4.54,0.833,0.075,0.104,0.59,0
2026-05-05,A039,Team Davao D,Davao,Healthcare,Night,Voice,Benefits,senior,2026-05,2865000,8.6,2007.0,0.867,418.36,66.18,92.58,4.54,0.838,0.079,0.103,0.74,0
2026-05-05,A040,Team Davao D,Davao,Healthcare,Day,Voice,Benefits,new,2026-05,2865000,8.6,2131.0,0.877,476.2,74.86,90.06,4.54,0.827,0.083,0.117,0.89,0
2026-05-05,A041,Team Davao D,Davao,Healthcare,Swing,Voice,Benefits,steady,2026-05,2865000,8.6,2255.0,0.847,443.15,69.9,91.5,4.54,0.833,0.071,0.098,0.44,0
2026-05-05,A042,Team Davao D,Davao,Healthcare,Night,Voice,Benefits,senior,2026-05,2865000,8.6,2380.0,0.857,418.36,66.18,92.58,4.54,0.838,0.075,0.097,0.59,0
2026-05-05,A043,Team Davao D,Davao,Healthcare,Day,Voice,Benefits,new,2026-05,2865000,8.6,1759.0,0.867,476.2,74.86,90.06,4.54,0.827,0.079,0.111,0.74,0
2026-05-05,A044,Team Davao D,Davao,Healthcare,Swing,Voice,Benefits,steady,2026-05,2865000,8.6,1883.0,0.877,443.15,69.9,91.5,4.54,0.833,0.083,0.107,0.89,0
2026-05-05,A045,Team Davao D,Davao,Healthcare,Night,Voice,Benefits,senior,2026-05,2865000,8.6,2007.0,0.847,418.36,66.18,92.58,4.54,0.838,0.071,0.106,0.44,0
2026-05-05,A046,Team Davao D,Davao,Healthcare,Day,Voice,Benefits,new,2026-05,2865000,8.6,2131.0,0.857,476.2,74.86,90.06,4.54,0.827,0.075,0.105,0.59,0
2026-05-05,A047,Team Davao D,Davao,Healthcare,Swing,Voice,Benefits,steady,2026-05,2865000,8.6,2255.0,0.867,443.15,69.9,91.5,4.54,0.833,0.079,0.101,0.74,0
2026-05-05,A048,Team Davao D,Davao,Healthcare,Night,Voice,Benefits,senior,2026-05,2865000,8.6,2380.0,0.877,418.36,66.18,92.58,4.54,0.838,0.083,0.1,0.89,0
2026-05-06,A001,Team Manila A,Manila,Telco,Day,Voice,Retention,new,2026-05,2865000,8.6,1691.0,0.848,463.69,67.66,90.06,4.51,0.825,0.075,0.105,0.2,0
2026-05-06,A002,Team Manila A,Manila,Telco,Swing,Voice,Retention,steady,2026-05,2865000,8.6,1811.0,0.858,429.35,62.7,91.5,4.51,0.831,0.079,0.101,0.35,0
2026-05-06,A003,Team Manila A,Manila,Telco,Night,Voice,Retention,senior,2026-05,2865000,8.6,1930.0,0.868,403.59,58.98,92.58,4.51,0.836,0.083,0.1,0.5,0
2026-05-06,A004,Team Manila A,Manila,Telco,Day,Voice,Retention,new,2026-05,2865000,8.6,2049.0,0.878,463.69,67.66,90.06,4.51,0.825,0.087,0.114,0.65,0
2026-05-06,A005,Team Manila A,Manila,Telco,Swing,Voice,Retention,steady,2026-05,2865000,8.6,2169.0,0.848,429.35,62.7,91.5,4.51,0.831,0.075,0.11,0.2,0
2026-05-06,A006,Team Manila A,Manila,Telco,Night,Voice,Retention,senior,2026-05,2865000,8.6,2288.0,0.858,403.59,58.98,92.58,4.51,0.836,0.079,0.094,0.35,0
2026-05-06,A007,Team Manila A,Manila,Telco,Day,Voice,Retention,new,2026-05,2865000,8.6,1691.0,0.868,463.69,67.66,90.06,4.51,0.825,0.083,0.108,0.5,1
2026-05-06,A008,Team Manila A,Manila,Telco,Swing,Voice,Retention,steady,2026-05,2865000,8.6,1811.0,0.878,429.35,62.7,91.5,4.51,0.831,0.087,0.104,0.65,0
2026-05-06,A009,Team Manila A,Manila,Telco,Night,Voice,Retention,senior,2026-05,2865000,8.6,1930.0,0.848,403.59,58.98,92.58,4.51,0.836,0.075,0.103,0.2,0
2026-05-06,A010,Team Manila A,Manila,Telco,Day,Voice,Retention,new,2026-05,2865000,8.6,2049.0,0.858,463.69,67.66,90.06,4.51,0.825,0.079,0.117,0.35,0
2026-05-06,A011,Team Manila A,Manila,Telco,Swing,Voice,Retention,steady,2026-05,2865000,8.6,2169.0,0.868,429.35,62.7,91.5,4.51,0.831,0.083,0.098,0.5,0
2026-05-06,A012,Team Manila A,Manila,Telco,Night,Voice,Retention,senior,2026-05,2865000,8.6,2288.0,0.878,403.59,58.98,92.58,4.51,0.836,0.087,0.097,0.65,0
2026-05-06,A013,Team Manila B,Manila,Retail,Day,Voice,Order Support,new,2026-05,2865000,8.6,1691.0,0.845,428.7,67.66,90.06,4.56,0.829,0.066,0.111,0.2,0
2026-05-06,A014,Team Manila B,Manila,Retail,Swing,Voice,Order Support,steady,2026-05,2865000,8.6,1811.0,0.855,396.95,62.7,91.5,4.56,0.835,0.07,0.107,0.35,0
2026-05-06,A015,Team Manila B,Manila,Retail,Night,Voice,Order Support,senior,2026-05,2865000,8.6,1930.0,0.865,373.14,58.98,92.58,4.56,0.84,0.074,0.106,0.5,0
2026-05-06,A016,Team Manila B,Manila,Retail,Day,Voice,Order Support,new,2026-05,2865000,8.6,2049.0,0.875,428.7,67.66,90.06,4.56,0.829,0.078,0.105,0.65,0
2026-05-06,A017,Team Manila B,Manila,Retail,Swing,Voice,Order Support,steady,2026-05,2865000,8.6,2169.0,0.845,396.95,62.7,91.5,4.56,0.835,0.066,0.101,0.2,0
2026-05-06,A018,Team Manila B,Manila,Retail,Night,Voice,Order Support,senior,2026-05,2865000,8.6,2288.0,0.855,373.14,58.98,92.58,4.56,0.84,0.07,0.1,0.35,0
2026-05-06,A019,Team Manila B,Manila,Retail,Day,Voice,Order Support,new,2026-05,2865000,8.6,1691.0,0.865,428.7,67.66,90.06,4.56,0.829,0.074,0.114,0.5,0
2026-05-06,A020,Team Manila B,Manila,Retail,Swing,Voice,Order Support,steady,2026-05,2865000,8.6,1811.0,0.875,396.95,62.7,91.5,4.56,0.835,0.078,0.11,0.65,0
2026-05-06,A021,Team Manila B,Manila,Retail,Night,Voice,Order Support,senior,2026-05,2865000,8.6,1930.0,0.845,373.14,58.98,92.58,4.56,0.84,0.066,0.094,0.2,0
2026-05-06,A022,Team Manila B,Manila,Retail,Day,Voice,Order Support,new,2026-05,2865000,8.6,2049.0,0.855,428.7,67.66,90.06,4.56,0.829,0.07,0.108,0.35,0
2026-05-06,A023,Team Manila B,Manila,Retail,Swing,Voice,Order Support,steady,2026-05,2865000,8.6,2169.0,0.865,396.95,62.7,91.5,4.56,0.835,0.074,0.104,0.5,0
2026-05-06,A024,Team Manila B,Manila,Retail,Night,Voice,Order Support,senior,2026-05,2865000,8.6,2288.0,0.875,373.14,58.98,92.58,4.56,0.84,0.078,0.103,0.65,0
2026-05-06,A025,Team Cebu C,Cebu,Travel,Day,Voice,Reservations,new,2026-05,2865000,8.6,1691.0,0.85,481.19,67.66,90.06,4.48,0.823,0.08,0.117,0.2,0
2026-05-06,A026,Team Cebu C,Cebu,Travel,Swing,Voice,Reservations,steady,2026-05,2865000,8.6,1811.0,0.86,445.55,62.7,91.5,4.48,0.829,0.084,0.098,0.35,0
2026-05-06,A027,Team Cebu C,Cebu,Travel,Night,Voice,Reservations,senior,2026-05,2865000,8.6,1930.0,0.87,418.82,58.98,92.58,4.48,0.834,0.088,0.097,0.5,0
2026-05-06,A028,Team Cebu C,Cebu,Travel,Day,Voice,Reservations,new,2026-05,2865000,8.6,2049.0,0.88,481.19,67.66,90.06,4.48,0.823,0.092,0.111,0.65,0
2026-05-06,A029,Team Cebu C,Cebu,Travel,Swing,Voice,Reservations,steady,2026-05,2865000,8.6,2169.0,0.85,445.55,62.7,91.5,4.48,0.829,0.08,0.107,0.2,0
2026-05-06,A030,Team Cebu C,Cebu,Travel,Night,Voice,Reservations,senior,2026-05,2865000,8.6,2288.0,0.86,418.82,58.98,92.58,4.48,0.834,0.084,0.106,0.35,0
2026-05-06,A031,Team Cebu C,Cebu,Travel,Day,Voice,Reservations,new,2026-05,2865000,8.6,1691.0,0.87,481.19,67.66,90.06,4.48,0.823,0.088,0.105,0.5,0
2026-05-06,A032,Team Cebu C,Cebu,Travel,Swing,Voice,Reservations,steady,2026-05,2865000,8.6,1811.0,0.88,445.55,62.7,91.5,4.48,0.829,0.092,0.101,0.65,0
2026-05-06,A033,Team Cebu C,Cebu,Travel,Night,Voice,Reservations,senior,2026-05,2865000,8.6,1930.0,0.85,418.82,58.98,92.58,4.48,0.834,0.08,0.1,0.2,0
2026-05-06,A034,Team Cebu C,Cebu,Travel,Day,Voice,Reservations,new,2026-05,2865000,8.6,2049.0,0.86,481.19,67.66,90.06,4.48,0.823,0.084,0.114,0.35,0
2026-05-06,A035,Team Cebu C,Cebu,Travel,Swing,Voice,Reservations,steady,2026-05,2865000,8.6,2169.0,0.87,445.55,62.7,91.5,4.48,0.829,0.088,0.11,0.5,0
2026-05-06,A036,Team Cebu C,Cebu,Travel,Night,Voice,Reservations,senior,2026-05,2865000,8.6,2288.0,0.88,418.82,58.98,92.58,4.48,0.834,0.092,0.094,0.65,0
2026-05-06,A037,Team Davao D,Davao,Healthcare,Day,Voice,Benefits,new,2026-05,2865000,8.6,1691.0,0.847,446.2,67.66,90.06,4.54,0.827,0.071,0.108,0.2,0
2026-05-06,A038,Team Davao D,Davao,Healthcare,Swing,Voice,Benefits,steady,2026-05,2865000,8.6,1811.0,0.857,413.15,62.7,91.5,4.54,0.833,0.075,0.104,0.35,0
2026-05-06,A039,Team Davao D,Davao,Healthcare,Night,Voice,Benefits,senior,2026-05,2865000,8.6,1930.0,0.867,388.36,58.98,92.58,4.54,0.838,0.079,0.103,0.5,0
2026-05-06,A040,Team Davao D,Davao,Healthcare,Day,Voice,Benefits,new,2026-05,2865000,8.6,2049.0,0.877,446.2,67.66,90.06,4.54,0.827,0.083,0.117,0.65,0
2026-05-06,A041,Team Davao D,Davao,Healthcare,Swing,Voice,Benefits,steady,2026-05,2865000,8.6,2169.0,0.847,413.15,62.7,91.5,4.54,0.833,0.071,0.098,0.2,0
2026-05-06,A042,Team Davao D,Davao,Healthcare,Night,Voice,Benefits,senior,2026-05,2865000,8.6,2288.0,0.857,388.36,58.98,92.58,4.54,0.838,0.075,0.097,0.35,0
2026-05-06,A043,Team Davao D,Davao,Healthcare,Day,Voice,Benefits,new,2026-05,2865000,8.6,1691.0,0.867,446.2,67.66,90.06,4.54,0.827,0.079,0.111,0.5,0
2026-05-06,A044,Team Davao D,Davao,Healthcare,Swing,Voice,Benefits,steady,2026-05,2865000,8.6,1811.0,0.877,413.15,62.7,91.5,4.54,0.833,0.083,0.107,0.65,0
2026-05-06,A045,Team Davao D,Davao,Healthcare,Night,Voice,Benefits,senior,2026-05,2865000,8.6,1930.0,0.847,388.36,58.98,92.58,4.54,0.838,0.071,0.106,0.2,0
2026-05-06,A046,Team Davao D,Davao,Healthcare,Day,Voice,Benefits,new,2026-05,2865000,8.6,2049.0,0.857,446.2,67.66,90.06,4.54,0.827,0.075,0.105,0.35,0
2026-05-06,A047,Team Davao D,Davao,Healthcare,Swing,Voice,Benefits,steady,2026-05,2865000,8.6,2169.0,0.867,413.15,62.7,91.5,4.54,0.833,0.079,0.101,0.5,0
2026-05-06,A048,Team Davao D,Davao,Healthcare,Night,Voice,Benefits,senior,2026-05,2865000,8.6,2288.0,0.877,388.36,58.98,92.58,4.54,0.838,0.083,0.1,0.65,0
2026-05-07,A001,Team Manila A,Manila,Telco,Day,Voice,Retention,new,2026-05,2865000,8.6,1674.0,0.848,468.69,68.86,90.24,4.52,0.825,0.075,0.105,0.2,0
2026-05-07,A002,Team Manila A,Manila,Telco,Swing,Voice,Retention,steady,2026-05,2865000,8.6,1792.0,0.858,434.35,63.9,91.68,4.52,0.831,0.079,0.101,0.35,0
2026-05-07,A003,Team Manila A,Manila,Telco,Night,Voice,Retention,senior,2026-05,2865000,8.6,1911.0,0.868,408.59,60.18,92.76,4.52,0.836,0.083,0.1,0.5,0
2026-05-07,A004,Team Manila A,Manila,Telco,Day,Voice,Retention,new,2026-05,2865000,8.6,2029.0,0.878,468.69,68.86,90.24,4.52,0.825,0.087,0.114,0.65,0
2026-05-07,A005,Team Manila A,Manila,Telco,Swing,Voice,Retention,steady,2026-05,2865000,8.6,2147.0,0.848,434.35,63.9,91.68,4.52,0.831,0.075,0.11,0.2,0
2026-05-07,A006,Team Manila A,Manila,Telco,Night,Voice,Retention,senior,2026-05,2865000,8.6,2265.0,0.858,408.59,60.18,92.76,4.52,0.836,0.079,0.094,0.35,0
2026-05-07,A007,Team Manila A,Manila,Telco,Day,Voice,Retention,new,2026-05,2865000,8.6,1674.0,0.868,468.69,68.86,90.24,4.52,0.825,0.083,0.108,0.5,0
2026-05-07,A008,Team Manila A,Manila,Telco,Swing,Voice,Retention,steady,2026-05,2865000,8.6,1792.0,0.878,434.35,63.9,91.68,4.52,0.831,0.087,0.104,0.65,0
2026-05-07,A009,Team Manila A,Manila,Telco,Night,Voice,Retention,senior,2026-05,2865000,8.6,1911.0,0.848,408.59,60.18,92.76,4.52,0.836,0.075,0.103,0.2,0
2026-05-07,A010,Team Manila A,Manila,Telco,Day,Voice,Retention,new,2026-05,2865000,8.6,2029.0,0.858,468.69,68.86,90.24,4.52,0.825,0.079,0.117,0.35,0
2026-05-07,A011,Team Manila A,Manila,Telco,Swing,Voice,Retention,steady,2026-05,2865000,8.6,2147.0,0.868,434.35,63.9,91.68,4.52,0.831,0.083,0.098,0.5,0
2026-05-07,A012,Team Manila A,Manila,Telco,Night,Voice,Retention,senior,2026-05,2865000,8.6,2265.0,0.878,408.59,60.18,92.76,4.52,0.836,0.087,0.097,0.65,0
2026-05-07,A013,Team Manila B,Manila,Retail,Day,Voice,Order Support,new,2026-05,2865000,8.6,1674.0,0.845,433.7,68.86,90.24,4.57,0.829,0.066,0.111,0.2,0
2026-05-07,A014,Team Manila B,Manila,Retail,Swing,Voice,Order Support,steady,2026-05,2865000,8.6,1792.0,0.855,401.95,63.9,91.68,4.57,0.835,0.07,0.107,0.35,0
2026-05-07,A015,Team Manila B,Manila,Retail,Night,Voice,Order Support,senior,2026-05,2865000,8.6,1911.0,0.865,378.14,60.18,92.76,4.57,0.84,0.074,0.106,0.5,0
2026-05-07,A016,Team Manila B,Manila,Retail,Day,Voice,Order Support,new,2026-05,2865000,8.6,2029.0,0.875,433.7,68.86,90.24,4.57,0.829,0.078,0.105,0.65,0
2026-05-07,A017,Team Manila B,Manila,Retail,Swing,Voice,Order Support,steady,2026-05,2865000,8.6,2147.0,0.845,401.95,63.9,91.68,4.57,0.835,0.066,0.101,0.2,0
2026-05-07,A018,Team Manila B,Manila,Retail,Night,Voice,Order Support,senior,2026-05,2865000,8.6,2265.0,0.855,378.14,60.18,92.76,4.57,0.84,0.07,0.1,0.35,0
2026-05-07,A019,Team Manila B,Manila,Retail,Day,Voice,Order Support,new,2026-05,2865000,8.6,1674.0,0.865,433.7,68.86,90.24,4.57,0.829,0.074,0.114,0.5,0
2026-05-07,A020,Team Manila B,Manila,Retail,Swing,Voice,Order Support,steady,2026-05,2865000,8.6,1792.0,0.875,401.95,63.9,91.68,4.57,0.835,0.078,0.11,0.65,0
2026-05-07,A021,Team Manila B,Manila,Retail,Night,Voice,Order Support,senior,2026-05,2865000,8.6,1911.0,0.845,378.14,60.18,92.76,4.57,0.84,0.066,0.094,0.2,0
2026-05-07,A022,Team Manila B,Manila,Retail,Day,Voice,Order Support,new,2026-05,2865000,8.6,2029.0,0.855,433.7,68.86,90.24,4.57,0.829,0.07,0.108,0.35,0
2026-05-07,A023,Team Manila B,Manila,Retail,Swing,Voice,Order Support,steady,2026-05,2865000,8.6,2147.0,0.865,401.95,63.9,91.68,4.57,0.835,0.074,0.104,0.5,0
2026-05-07,A024,Team Manila B,Manila,Retail,Night,Voice,Order Support,senior,2026-05,2865000,8.6,2265.0,0.875,378.14,60.18,92.76,4.57,0.84,0.078,0.103,0.65,0
2026-05-07,A025,Team Cebu C,Cebu,Travel,Day,Voice,Reservations,new,2026-05,2865000,8.6,1674.0,0.85,486.19,68.86,90.24,4.49,0.823,0.08,0.117,0.2,0
2026-05-07,A026,Team Cebu C,Cebu,Travel,Swing,Voice,Reservations,steady,2026-05,2865000,8.6,1792.0,0.86,450.55,63.9,91.68,4.49,0.829,0.084,0.098,0.35,0
2026-05-07,A027,Team Cebu C,Cebu,Travel,Night,Voice,Reservations,senior,2026-05,2865000,8.6,1911.0,0.87,423.82,60.18,92.76,4.49,0.834,0.088,0.097,0.5,0
2026-05-07,A028,Team Cebu C,Cebu,Travel,Day,Voice,Reservations,new,2026-05,2865000,8.6,2029.0,0.88,486.19,68.86,90.24,4.49,0.823,0.092,0.111,0.65,0
2026-05-07,A029,Team Cebu C,Cebu,Travel,Swing,Voice,Reservations,steady,2026-05,2865000,8.6,2147.0,0.85,450.55,63.9,91.68,4.49,0.829,0.08,0.107,0.2,0
2026-05-07,A030,Team Cebu C,Cebu,Travel,Night,Voice,Reservations,senior,2026-05,2865000,8.6,2265.0,0.86,423.82,60.18,92.76,4.49,0.834,0.084,0.106,0.35,0
2026-05-07,A031,Team Cebu C,Cebu,Travel,Day,Voice,Reservations,new,2026-05,2865000,8.6,1674.0,0.87,486.19,68.86,90.24,4.49,0.823,0.088,0.105,0.5,0
2026-05-07,A032,Team Cebu C,Cebu,Travel,Swing,Voice,Reservations,steady,2026-05,2865000,8.6,1792.0,0.88,450.55,63.9,91.68,4.49,0.829,0.092,0.101,0.65,0
2026-05-07,A033,Team Cebu C,Cebu,Travel,Night,Voice,Reservations,senior,2026-05,2865000,8.6,1911.0,0.85,423.82,60.18,92.76,4.49,0.834,0.08,0.1,0.2,0
2026-05-07,A034,Team Cebu C,Cebu,Travel,Day,Voice,Reservations,new,2026-05,2865000,8.6,2029.0,0.86,486.19,68.86,90.24,4.49,0.823,0.084,0.114,0.35,0
2026-05-07,A035,Team Cebu C,Cebu,Travel,Swing,Voice,Reservations,steady,2026-05,2865000,8.6,2147.0,0.87,450.55,63.9,91.68,4.49,0.829,0.088,0.11,0.5,0
2026-05-07,A036,Team Cebu C,Cebu,Travel,Night,Voice,Reservations,senior,2026-05,2865000,8.6,2265.0,0.88,423.82,60.18,92.76,4.49,0.834,0.092,0.094,0.65,0
2026-05-07,A037,Team Davao D,Davao,Healthcare,Day,Voice,Benefits,new,2026-05,2865000,8.6,1674.0,0.847,451.2,68.86,90.24,4.55,0.827,0.071,0.108,0.2,0
2026-05-07,A038,Team Davao D,Davao,Healthcare,Swing,Voice,Benefits,steady,2026-05,2865000,8.6,1792.0,0.857,418.15,63.9,91.68,4.55,0.833,0.075,0.104,0.35,0
2026-05-07,A039,Team Davao D,Davao,Healthcare,Night,Voice,Benefits,senior,2026-05,2865000,8.6,1911.0,0.867,393.36,60.18,92.76,4.55,0.838,0.079,0.103,0.5,0
2026-05-07,A040,Team Davao D,Davao,Healthcare,Day,Voice,Benefits,new,2026-05,2865000,8.6,2029.0,0.877,451.2,68.86,90.24,4.55,0.827,0.083,0.117,0.65,0
2026-05-07,A041,Team Davao D,Davao,Healthcare,Swing,Voice,Benefits,steady,2026-05,2865000,8.6,2147.0,0.847,418.15,63.9,91.68,4.55,0.833,0.071,0.098,0.2,0
2026-05-07,A042,Team Davao D,Davao,Healthcare,Night,Voice,Benefits,senior,2026-05,2865000,8.6,2265.0,0.857,393.36,60.18,92.76,4.55,0.838,0.075,0.097,0.35,1
2026-05-07,A043,Team Davao D,Davao,Healthcare,Day,Voice,Benefits,new,2026-05,2865000,8.6,1674.0,0.867,451.2,68.86,90.24,4.55,0.827,0.079,0.111,0.5,0
2026-05-07,A044,Team Davao D,Davao,Healthcare,Swing,Voice,Benefits,steady,2026-05,2865000,8.6,1792.0,0.877,418.15,63.9,91.68,4.55,0.833,0.083,0.107,0.65,0
2026-05-07,A045,Team Davao D,Davao,Healthcare,Night,Voice,Benefits,senior,2026-05,2865000,8.6,1911.0,0.847,393.36,60.18,92.76,4.55,0.838,0.071,0.106,0.2,0
2026-05-07,A046,Team Davao D,Davao,Healthcare,Day,Voice,Benefits,new,2026-05,2865000,8.6,2029.0,0.857,451.2,68.86,90.24,4.55,0.827,0.075,0.105,0.35,0
2026-05-07,A047,Team Davao D,Davao,Healthcare,Swing,Voice,Benefits,steady,2026-05,2865000,8.6,2147.0,0.867,418.15,63.9,91.68,4.55,0.833,0.079,0.101,0.5,0
2026-05-07,A048,Team Davao D,Davao,Healthcare,Night,Voice,Benefits,senior,2026-05,2865000,8.6,2265.0,0.877,393.36,60.18,92.76,4.55,0.838,0.083,0.1,0.65,0
2026-05-08,A001,Team Manila A,Manila,Telco,Day,Voice,Retention,new,2026-05,2865000,8.6,1590.0,0.848,473.69,70.06,90.42,4.53,0.825,0.075,0.105,0.2,0
2026-05-08,A002,Team Manila A,Manila,Telco,Swing,Voice,Retention,steady,2026-05,2865000,8.6,1702.0,0.858,439.35,65.1,91.86,4.53,0.831,0.079,0.101,0.35,0
2026-05-08,A003,Team Manila A,Manila,Telco,Night,Voice,Retention,senior,2026-05,2865000,8.6,1814.0,0.868,413.59,61.38,92.94,4.53,0.836,0.083,0.1,0.5,0
2026-05-08,A004,Team Manila A,Manila,Telco,Day,Voice,Retention,new,2026-05,2865000,8.6,1926.0,0.878,473.69,70.06,90.42,4.53,0.825,0.087,0.114,0.65,0
2026-05-08,A005,Team Manila A,Manila,Telco,Swing,Voice,Retention,steady,2026-05,2865000,8.6,2039.0,0.848,439.35,65.1,91.86,4.53,0.831,0.075,0.11,0.2,0
2026-05-08,A006,Team Manila A,Manila,Telco,Night,Voice,Retention,senior,2026-05,2865000,8.6,2151.0,0.858,413.59,61.38,92.94,4.53,0.836,0.079,0.094,0.35,0
2026-05-08,A007,Team Manila A,Manila,Telco,Day,Voice,Retention,new,2026-05,2865000,8.6,1590.0,0.868,473.69,70.06,90.42,4.53,0.825,0.083,0.108,0.5,0
2026-05-08,A008,Team Manila A,Manila,Telco,Swing,Voice,Retention,steady,2026-05,2865000,8.6,1702.0,0.878,439.35,65.1,91.86,4.53,0.831,0.087,0.104,0.65,0
2026-05-08,A009,Team Manila A,Manila,Telco,Night,Voice,Retention,senior,2026-05,2865000,8.6,1814.0,0.848,413.59,61.38,92.94,4.53,0.836,0.075,0.103,0.2,0
2026-05-08,A010,Team Manila A,Manila,Telco,Day,Voice,Retention,new,2026-05,2865000,8.6,1926.0,0.858,473.69,70.06,90.42,4.53,0.825,0.079,0.117,0.35,0
2026-05-08,A011,Team Manila A,Manila,Telco,Swing,Voice,Retention,steady,2026-05,2865000,8.6,2039.0,0.868,439.35,65.1,91.86,4.53,0.831,0.083,0.098,0.5,0
2026-05-08,A012,Team Manila A,Manila,Telco,Night,Voice,Retention,senior,2026-05,2865000,8.6,2151.0,0.878,413.59,61.38,92.94,4.53,0.836,0.087,0.097,0.65,0
2026-05-08,A013,Team Manila B,Manila,Retail,Day,Voice,Order Support,new,2026-05,2865000,8.6,1590.0,0.845,438.7,70.06,90.42,4.58,0.829,0.066,0.111,0.2,0
2026-05-08,A014,Team Manila B,Manila,Retail,Swing,Voice,Order Support,steady,2026-05,2865000,8.6,1702.0,0.855,406.95,65.1,91.86,4.58,0.835,0.07,0.107,0.35,0
2026-05-08,A015,Team Manila B,Manila,Retail,Night,Voice,Order Support,senior,2026-05,2865000,8.6,1814.0,0.865,383.14,61.38,92.94,4.58,0.84,0.074,0.106,0.5,0
2026-05-08,A016,Team Manila B,Manila,Retail,Day,Voice,Order Support,new,2026-05,2865000,8.6,1926.0,0.875,438.7,70.06,90.42,4.58,0.829,0.078,0.105,0.65,0
2026-05-08,A017,Team Manila B,Manila,Retail,Swing,Voice,Order Support,steady,2026-05,2865000,8.6,2039.0,0.845,406.95,65.1,91.86,4.58,0.835,0.066,0.101,0.2,0
2026-05-08,A018,Team Manila B,Manila,Retail,Night,Voice,Order Support,senior,2026-05,2865000,8.6,2151.0,0.855,383.14,61.38,92.94,4.58,0.84,0.07,0.1,0.35,0
2026-05-08,A019,Team Manila B,Manila,Retail,Day,Voice,Order Support,new,2026-05,2865000,8.6,1590.0,0.865,438.7,70.06,90.42,4.58,0.829,0.074,0.114,0.5,0
2026-05-08,A020,Team Manila B,Manila,Retail,Swing,Voice,Order Support,steady,2026-05,2865000,8.6,1702.0,0.875,406.95,65.1,91.86,4.58,0.835,0.078,0.11,0.65,0
2026-05-08,A021,Team Manila B,Manila,Retail,Night,Voice,Order Support,senior,2026-05,2865000,8.6,1814.0,0.845,383.14,61.38,92.94,4.58,0.84,0.066,0.094,0.2,0
2026-05-08,A022,Team Manila B,Manila,Retail,Day,Voice,Order Support,new,2026-05,2865000,8.6,1926.0,0.855,438.7,70.06,90.42,4.58,0.829,0.07,0.108,0.35,0
2026-05-08,A023,Team Manila B,Manila,Retail,Swing,Voice,Order Support,steady,2026-05,2865000,8.6,2039.0,0.865,406.95,65.1,91.86,4.58,0.835,0.074,0.104,0.5,0
2026-05-08,A024,Team Manila B,Manila,Retail,Night,Voice,Order Support,senior,2026-05,2865000,8.6,2151.0,0.875,383.14,61.38,92.94,4.58,0.84,0.078,0.103,0.65,1
2026-05-08,A025,Team Cebu C,Cebu,Travel,Day,Voice,Reservations,new,2026-05,2865000,8.6,1590.0,0.85,491.19,70.06,90.42,4.5,0.823,0.08,0.117,0.2,0
2026-05-08,A026,Team Cebu C,Cebu,Travel,Swing,Voice,Reservations,steady,2026-05,2865000,8.6,1702.0,0.86,455.55,65.1,91.86,4.5,0.829,0.084,0.098,0.35,0
2026-05-08,A027,Team Cebu C,Cebu,Travel,Night,Voice,Reservations,senior,2026-05,2865000,8.6,1814.0,0.87,428.82,61.38,92.94,4.5,0.834,0.088,0.097,0.5,0
2026-05-08,A028,Team Cebu C,Cebu,Travel,Day,Voice,Reservations,new,2026-05,2865000,8.6,1926.0,0.88,491.19,70.06,90.42,4.5,0.823,0.092,0.111,0.65,0
2026-05-08,A029,Team Cebu C,Cebu,Travel,Swing,Voice,Reservations,steady,2026-05,2865000,8.6,2039.0,0.85,455.55,65.1,91.86,4.5,0.829,0.08,0.107,0.2,0
2026-05-08,A030,Team Cebu C,Cebu,Travel,Night,Voice,Reservations,senior,2026-05,2865000,8.6,2151.0,0.86,428.82,61.38,92.94,4.5,0.834,0.084,0.106,0.35,0
2026-05-08,A031,Team Cebu C,Cebu,Travel,Day,Voice,Reservations,new,2026-05,2865000,8.6,1590.0,0.87,491.19,70.06,90.42,4.5,0.823,0.088,0.105,0.5,0
2026-05-08,A032,Team Cebu C,Cebu,Travel,Swing,Voice,Reservations,steady,2026-05,2865000,8.6,1702.0,0.88,455.55,65.1,91.86,4.5,0.829,0.092,0.101,0.65,0
2026-05-08,A033,Team Cebu C,Cebu,Travel,Night,Voice,Reservations,senior,2026-05,2865000,8.6,1814.0,0.85,428.82,61.38,92.94,4.5,0.834,0.08,0.1,0.2,0
2026-05-08,A034,Team Cebu C,Cebu,Travel,Day,Voice,Reservations,new,2026-05,2865000,8.6,1926.0,0.86,491.19,70.06,90.42,4.5,0.823,0.084,0.114,0.35,0
2026-05-08,A035,Team Cebu C,Cebu,Travel,Swing,Voice,Reservations,steady,2026-05,2865000,8.6,2039.0,0.87,455.55,65.1,91.86,4.5,0.829,0.088,0.11,0.5,0
2026-05-08,A036,Team Cebu C,Cebu,Travel,Night,Voice,Reservations,senior,2026-05,2865000,8.6,2151.0,0.88,428.82,61.38,92.94,4.5,0.834,0.092,0.094,0.65,0
2026-05-08,A037,Team Davao D,Davao,Healthcare,Day,Voice,Benefits,new,2026-05,2865000,8.6,1590.0,0.847,456.2,70.06,90.42,4.56,0.827,0.071,0.108,0.2,0
2026-05-08,A038,Team Davao D,Davao,Healthcare,Swing,Voice,Benefits,steady,2026-05,2865000,8.6,1702.0,0.857,423.15,65.1,91.86,4.56,0.833,0.075,0.104,0.35,0
2026-05-08,A039,Team Davao D,Davao,Healthcare,Night,Voice,Benefits,senior,2026-05,2865000,8.6,1814.0,0.867,398.36,61.38,92.94,4.56,0.838,0.079,0.103,0.5,0
2026-05-08,A040,Team Davao D,Davao,Healthcare,Day,Voice,Benefits,new,2026-05,2865000,8.6,1926.0,0.877,456.2,70.06,90.42,4.56,0.827,0.083,0.117,0.65,0
2026-05-08,A041,Team Davao D,Davao,Healthcare,Swing,Voice,Benefits,steady,2026-05,2865000,8.6,2039.0,0.847,423.15,65.1,91.86,4.56,0.833,0.071,0.098,0.2,0
2026-05-08,A042,Team Davao D,Davao,Healthcare,Night,Voice,Benefits,senior,2026-05,2865000,8.6,2151.0,0.857,398.36,61.38,92.94,4.56,0.838,0.075,0.097,0.35,0
2026-05-08,A043,Team Davao D,Davao,Healthcare,Day,Voice,Benefits,new,2026-05,2865000,8.6,1590.0,0.867,456.2,70.06,90.42,4.56,0.827,0.079,0.111,0.5,0
2026-05-08,A044,Team Davao D,Davao,Healthcare,Swing,Voice,Benefits,steady,2026-05,2865000,8.6,1702.0,0.877,423.15,65.1,91.86,4.56,0.833,0.083,0.107,0.65,0
2026-05-08,A045,Team Davao D,Davao,Healthcare,Night,Voice,Benefits,senior,2026-05,2865000,8.6,1814.0,0.847,398.36,61.38,92.94,4.56,0.838,0.071,0.106,0.2,0
2026-05-08,A046,Team Davao D,Davao,Healthcare,Day,Voice,Benefits,new,2026-05,2865000,8.6,1926.0,0.857,456.2,70.06,90.42,4.56,0.827,0.075,0.105,0.35,0
2026-05-08,A047,Team Davao D,Davao,Healthcare,Swing,Voice,Benefits,steady,2026-05,2865000,8.6,2039.0,0.867,423.15,65.1,91.86,4.56,0.833,0.079,0.101,0.5,0
2026-05-08,A048,Team Davao D,Davao,Healthcare,Night,Voice,Benefits,senior,2026-05,2865000,8.6,2151.0,0.877,398.36,61.38,92.94,4.56,0.838,0.083,0.1,0.65,0
2026-05-09,A001,Team Manila A,Manila,Telco,Day,Voice,Retention,new,2026-05,2865000,8.6,1218.0,0.848,478.69,71.26,90.6,4.54,0.825,0.075,0.105,0.2,0
2026-05-09,A002,Team Manila A,Manila,Telco,Swing,Voice,Retention,steady,2026-05,2865000,8.6,1304.0,0.858,444.35,66.3,92.04,4.54,0.831,0.079,0.101,0.35,0
2026-05-09,A003,Team Manila A,Manila,Telco,Night,Voice,Retention,senior,2026-05,2865000,8.6,1390.0,0.868,418.59,62.58,93.12,4.54,0.836,0.083,0.1,0.5,0
2026-05-09,A004,Team Manila A,Manila,Telco,Day,Voice,Retention,new,2026-05,2865000,8.6,1475.0,0.878,478.69,71.26,90.6,4.54,0.825,0.087,0.114,0.65,0
2026-05-09,A005,Team Manila A,Manila,Telco,Swing,Voice,Retention,steady,2026-05,2865000,8.6,1561.0,0.848,444.35,66.3,92.04,4.54,0.831,0.075,0.11,0.2,0
2026-05-09,A006,Team Manila A,Manila,Telco,Night,Voice,Retention,senior,2026-05,2865000,8.6,1647.0,0.858,418.59,62.58,93.12,4.54,0.836,0.079,0.094,0.35,1
2026-05-09,A007,Team Manila A,Manila,Telco,Day,Voice,Retention,new,2026-05,2865000,8.6,1218.0,0.868,478.69,71.26,90.6,4.54,0.825,0.083,0.108,0.5,0
2026-05-09,A008,Team Manila A,Manila,Telco,Swing,Voice,Retention,steady,2026-05,2865000,8.6,1304.0,0.878,444.35,66.3,92.04,4.54,0.831,0.087,0.104,0.65,0
2026-05-09,A009,Team Manila A,Manila,Telco,Night,Voice,Retention,senior,2026-05,2865000,8.6,1390.0,0.848,418.59,62.58,93.12,4.54,0.836,0.075,0.103,0.2,0
2026-05-09,A010,Team Manila A,Manila,Telco,Day,Voice,Retention,new,2026-05,2865000,8.6,1475.0,0.858,478.69,71.26,90.6,4.54,0.825,0.079,0.117,0.35,0
2026-05-09,A011,Team Manila A,Manila,Telco,Swing,Voice,Retention,steady,2026-05,2865000,8.6,1561.0,0.868,444.35,66.3,92.04,4.54,0.831,0.083,0.098,0.5,0
2026-05-09,A012,Team Manila A,Manila,Telco,Night,Voice,Retention,senior,2026-05,2865000,8.6,1647.0,0.878,418.59,62.58,93.12,4.54,0.836,0.087,0.097,0.65,0
2026-05-09,A013,Team Manila B,Manila,Retail,Day,Voice,Order Support,new,2026-05,2865000,8.6,1218.0,0.845,443.7,71.26,90.6,4.59,0.829,0.066,0.111,0.2,0
2026-05-09,A014,Team Manila B,Manila,Retail,Swing,Voice,Order Support,steady,2026-05,2865000,8.6,1304.0,0.855,411.95,66.3,92.04,4.59,0.835,0.07,0.107,0.35,0
2026-05-09,A015,Team Manila B,Manila,Retail,Night,Voice,Order Support,senior,2026-05,2865000,8.6,1390.0,0.865,388.14,62.58,93.12,4.59,0.84,0.074,0.106,0.5,0
2026-05-09,A016,Team Manila B,Manila,Retail,Day,Voice,Order Support,new,2026-05,2865000,8.6,1475.0,0.875,443.7,71.26,90.6,4.59,0.829,0.078,0.105,0.65,0
2026-05-09,A017,Team Manila B,Manila,Retail,Swing,Voice,Order Support,steady,2026-05,2865000,8.6,1561.0,0.845,411.95,66.3,92.04,4.59,0.835,0.066,0.101,0.2,0
2026-05-09,A018,Team Manila B,Manila,Retail,Night,Voice,Order Support,senior,2026-05,2865000,8.6,1647.0,0.855,388.14,62.58,93.12,4.59,0.84,0.07,0.1,0.35,0
2026-05-09,A019,Team Manila B,Manila,Retail,Day,Voice,Order Support,new,2026-05,2865000,8.6,1218.0,0.865,443.7,71.26,90.6,4.59,0.829,0.074,0.114,0.5,0
2026-05-09,A020,Team Manila B,Manila,Retail,Swing,Voice,Order Support,steady,2026-05,2865000,8.6,1304.0,0.875,411.95,66.3,92.04,4.59,0.835,0.078,0.11,0.65,0
2026-05-09,A021,Team Manila B,Manila,Retail,Night,Voice,Order Support,senior,2026-05,2865000,8.6,1390.0,0.845,388.14,62.58,93.12,4.59,0.84,0.066,0.094,0.2,0
2026-05-09,A022,Team Manila B,Manila,Retail,Day,Voice,Order Support,new,2026-05,2865000,8.6,1475.0,0.855,443.7,71.26,90.6,4.59,0.829,0.07,0.108,0.35,0
2026-05-09,A023,Team Manila B,Manila,Retail,Swing,Voice,Order Support,steady,2026-05,2865000,8.6,1561.0,0.865,411.95,66.3,92.04,4.59,0.835,0.074,0.104,0.5,0
2026-05-09,A024,Team Manila B,Manila,Retail,Night,Voice,Order Support,senior,2026-05,2865000,8.6,1647.0,0.875,388.14,62.58,93.12,4.59,0.84,0.078,0.103,0.65,0
2026-05-09,A025,Team Cebu C,Cebu,Travel,Day,Voice,Reservations,new,2026-05,2865000,8.6,1218.0,0.85,496.19,71.26,90.6,4.51,0.823,0.08,0.117,0.2,0
2026-05-09,A026,Team Cebu C,Cebu,Travel,Swing,Voice,Reservations,steady,2026-05,2865000,8.6,1304.0,0.86,460.55,66.3,92.04,4.51,0.829,0.084,0.098,0.35,0
2026-05-09,A027,Team Cebu C,Cebu,Travel,Night,Voice,Reservations,senior,2026-05,2865000,8.6,1390.0,0.87,433.82,62.58,93.12,4.51,0.834,0.088,0.097,0.5,0
2026-05-09,A028,Team Cebu C,Cebu,Travel,Day,Voice,Reservations,new,2026-05,2865000,8.6,1475.0,0.88,496.19,71.26,90.6,4.51,0.823,0.092,0.111,0.65,0
2026-05-09,A029,Team Cebu C,Cebu,Travel,Swing,Voice,Reservations,steady,2026-05,2865000,8.6,1561.0,0.85,460.55,66.3,92.04,4.51,0.829,0.08,0.107,0.2,0
2026-05-09,A030,Team Cebu C,Cebu,Travel,Night,Voice,Reservations,senior,2026-05,2865000,8.6,1647.0,0.86,433.82,62.58,93.12,4.51,0.834,0.084,0.106,0.35,0
2026-05-09,A031,Team Cebu C,Cebu,Travel,Day,Voice,Reservations,new,2026-05,2865000,8.6,1218.0,0.87,496.19,71.26,90.6,4.51,0.823,0.088,0.105,0.5,0
2026-05-09,A032,Team Cebu C,Cebu,Travel,Swing,Voice,Reservations,steady,2026-05,2865000,8.6,1304.0,0.88,460.55,66.3,92.04,4.51,0.829,0.092,0.101,0.65,0
2026-05-09,A033,Team Cebu C,Cebu,Travel,Night,Voice,Reservations,senior,2026-05,2865000,8.6,1390.0,0.85,433.82,62.58,93.12,4.51,0.834,0.08,0.1,0.2,0
2026-05-09,A034,Team Cebu C,Cebu,Travel,Day,Voice,Reservations,new,2026-05,2865000,8.6,1475.0,0.86,496.19,71.26,90.6,4.51,0.823,0.084,0.114,0.35,0
2026-05-09,A035,Team Cebu C,Cebu,Travel,Swing,Voice,Reservations,steady,2026-05,2865000,8.6,1561.0,0.87,460.55,66.3,92.04,4.51,0.829,0.088,0.11,0.5,0
2026-05-09,A036,Team Cebu C,Cebu,Travel,Night,Voice,Reservations,senior,2026-05,2865000,8.6,1647.0,0.88,433.82,62.58,93.12,4.51,0.834,0.092,0.094,0.65,0
2026-05-09,A037,Team Davao D,Davao,Healthcare,Day,Voice,Benefits,new,2026-05,2865000,8.6,1218.0,0.847,461.2,71.26,90.6,4.57,0.827,0.071,0.108,0.2,0
2026-05-09,A038,Team Davao D,Davao,Healthcare,Swing,Voice,Benefits,steady,2026-05,2865000,8.6,1304.0,0.857,428.15,66.3,92.04,4.57,0.833,0.075,0.104,0.35,0
2026-05-09,A039,Team Davao D,Davao,Healthcare,Night,Voice,Benefits,senior,2026-05,2865000,8.6,1390.0,0.867,403.36,62.58,93.12,4.57,0.838,0.079,0.103,0.5,0
2026-05-09,A040,Team Davao D,Davao,Healthcare,Day,Voice,Benefits,new,2026-05,2865000,8.6,1475.0,0.877,461.2,71.26,90.6,4.57,0.827,0.083,0.117,0.65,0
2026-05-09,A041,Team Davao D,Davao,Healthcare,Swing,Voice,Benefits,steady,2026-05,2865000,8.6,1561.0,0.847,428.15,66.3,92.04,4.57,0.833,0.071,0.098,0.2,0
2026-05-09,A042,Team Davao D,Davao,Healthcare,Night,Voice,Benefits,senior,2026-05,2865000,8.6,1647.0,0.857,403.36,62.58,93.12,4.57,0.838,0.075,0.097,0.35,0
2026-05-09,A043,Team Davao D,Davao,Healthcare,Day,Voice,Benefits,new,2026-05,2865000,8.6,1218.0,0.867,461.2,71.26,90.6,4.57,0.827,0.079,0.111,0.5,0
2026-05-09,A044,Team Davao D,Davao,Healthcare,Swing,Voice,Benefits,steady,2026-05,2865000,8.6,1304.0,0.877,428.15,66.3,92.04,4.57,0.833,0.083,0.107,0.65,0
2026-05-09,A045,Team Davao D,Davao,Healthcare,Night,Voice,Benefits,senior,2026-05,2865000,8.6,1390.0,0.847,403.36,62.58,93.12,4.57,0.838,0.071,0.106,0.2,0
2026-05-09,A046,Team Davao D,Davao,Healthcare,Day,Voice,Benefits,new,2026-05,2865000,8.6,1475.0,0.857,461.2,71.26,90.6,4.57,0.827,0.075,0.105,0.35,0
2026-05-09,A047,Team Davao D,Davao,Healthcare,Swing,Voice,Benefits,steady,2026-05,2865000,8.6,1561.0,0.867,428.15,66.3,92.04,4.57,0.833,0.079,0.101,0.5,0
2026-05-09,A048,Team Davao D,Davao,Healthcare,Night,Voice,Benefits,senior,2026-05,2865000,8.6,1647.0,0.877,403.36,62.58,93.12,4.57,0.838,0.083,0.1,0.65,0
2026-05-10,A001,Team Manila A,Manila,Telco,Day,Voice,Retention,new,2026-05,2865000,8.6,1116.0,0.848,483.69,72.46,90.42,4.53,0.825,0.075,0.105,0.28,0
2026-05-10,A002,Team Manila A,Manila,Telco,Swing,Voice,Retention,steady,2026-05,2865000,8.6,1195.0,0.858,449.35,67.5,91.86,4.53,0.831,0.079,0.101,0.43,0
2026-05-10,A003,Team Manila A,Manila,Telco,Night,Voice,Retention,senior,2026-05,2865000,8.6,1274.0,0.868,423.59,63.78,92.94,4.53,0.836,0.083,0.1,0.58,0
2026-05-10,A004,Team Manila A,Manila,Telco,Day,Voice,Retention,new,2026-05,2865000,8.6,1353.0,0.878,483.69,72.46,90.42,4.53,0.825,0.087,0.114,0.73,0
2026-05-10,A005,Team Manila A,Manila,Telco,Swing,Voice,Retention,steady,2026-05,2865000,8.6,1431.0,0.848,449.35,67.5,91.86,4.53,0.831,0.075,0.11,0.28,0
2026-05-10,A006,Team Manila A,Manila,Telco,Night,Voice,Retention,senior,2026-05,2865000,8.6,1510.0,0.858,423.59,63.78,92.94,4.53,0.836,0.079,0.094,0.43,0
2026-05-10,A007,Team Manila A,Manila,Telco,Day,Voice,Retention,new,2026-05,2865000,8.6,1116.0,0.868,483.69,72.46,90.42,4.53,0.825,0.083,0.108,0.58,0
2026-05-10,A008,Team Manila A,Manila,Telco,Swing,Voice,Retention,steady,2026-05,2865000,8.6,1195.0,0.878,449.35,67.5,91.86,4.53,0.831,0.087,0.104,0.73,0
2026-05-10,A009,Team Manila A,Manila,Telco,Night,Voice,Retention,senior,2026-05,2865000,8.6,1274.0,0.848,423.59,63.78,92.94,4.53,0.836,0.075,0.103,0.28,0
2026-05-10,A010,Team Manila A,Manila,Telco,Day,Voice,Retention,new,2026-05,2865000,8.6,1353.0,0.858,483.69,72.46,90.42,4.53,0.825,0.079,0.117,0.43,0
2026-05-10,A011,Team Manila A,Manila,Telco,Swing,Voice,Retention,steady,2026-05,2865000,8.6,1431.0,0.868,449.35,67.5,91.86,4.53,0.831,0.083,0.098,0.58,0
2026-05-10,A012,Team Manila A,Manila,Telco,Night,Voice,Retention,senior,2026-05,2865000,8.6,1510.0,0.878,423.59,63.78,92.94,4.53,0.836,0.087,0.097,0.73,0
2026-05-10,A013,Team Manila B,Manila,Retail,Day,Voice,Order Support,new,2026-05,2865000,8.6,1116.0,0.845,448.7,72.46,90.42,4.58,0.829,0.066,0.111,0.28,0
2026-05-10,A014,Team Manila B,Manila,Retail,Swing,Voice,Order Support,steady,2026-05,2865000,8.6,1195.0,0.855,416.95,67.5,91.86,4.58,0.835,0.07,0.107,0.43,0
2026-05-10,A015,Team Manila B,Manila,Retail,Night,Voice,Order Support,senior,2026-05,2865000,8.6,1274.0,0.865,393.14,63.78,92.94,4.58,0.84,0.074,0.106,0.58,0
2026-05-10,A016,Team Manila B,Manila,Retail,Day,Voice,Order Support,new,2026-05,2865000,8.6,1353.0,0.875,448.7,72.46,90.42,4.58,0.829,0.078,0.105,0.73,0
2026-05-10,A017,Team Manila B,Manila,Retail,Swing,Voice,Order Support,steady,2026-05,2865000,8.6,1431.0,0.845,416.95,67.5,91.86,4.58,0.835,0.066,0.101,0.28,0
2026-05-10,A018,Team Manila B,Manila,Retail,Night,Voice,Order Support,senior,2026-05,2865000,8.6,1510.0,0.855,393.14,63.78,92.94,4.58,0.84,0.07,0.1,0.43,0
2026-05-10,A019,Team Manila B,Manila,Retail,Day,Voice,Order Support,new,2026-05,2865000,8.6,1116.0,0.865,448.7,72.46,90.42,4.58,0.829,0.074,0.114,0.58,0
2026-05-10,A020,Team Manila B,Manila,Retail,Swing,Voice,Order Support,steady,2026-05,2865000,8.6,1195.0,0.875,416.95,67.5,91.86,4.58,0.835,0.078,0.11,0.73,0
2026-05-10,A021,Team Manila B,Manila,Retail,Night,Voice,Order Support,senior,2026-05,2865000,8.6,1274.0,0.845,393.14,63.78,92.94,4.58,0.84,0.066,0.094,0.28,0
2026-05-10,A022,Team Manila B,Manila,Retail,Day,Voice,Order Support,new,2026-05,2865000,8.6,1353.0,0.855,448.7,72.46,90.42,4.58,0.829,0.07,0.108,0.43,0
2026-05-10,A023,Team Manila B,Manila,Retail,Swing,Voice,Order Support,steady,2026-05,2865000,8.6,1431.0,0.865,416.95,67.5,91.86,4.58,0.835,0.074,0.104,0.58,0
2026-05-10,A024,Team Manila B,Manila,Retail,Night,Voice,Order Support,senior,2026-05,2865000,8.6,1510.0,0.875,393.14,63.78,92.94,4.58,0.84,0.078,0.103,0.73,0
2026-05-10,A025,Team Cebu C,Cebu,Travel,Day,Voice,Reservations,new,2026-05,2865000,8.6,1116.0,0.85,501.19,72.46,90.42,4.5,0.823,0.08,0.117,0.28,0
2026-05-10,A026,Team Cebu C,Cebu,Travel,Swing,Voice,Reservations,steady,2026-05,2865000,8.6,1195.0,0.86,465.55,67.5,91.86,4.5,0.829,0.084,0.098,0.43,0
2026-05-10,A027,Team Cebu C,Cebu,Travel,Night,Voice,Reservations,senior,2026-05,2865000,8.6,1274.0,0.87,438.82,63.78,92.94,4.5,0.834,0.088,0.097,0.58,0
2026-05-10,A028,Team Cebu C,Cebu,Travel,Day,Voice,Reservations,new,2026-05,2865000,8.6,1353.0,0.88,501.19,72.46,90.42,4.5,0.823,0.092,0.111,0.73,0
2026-05-10,A029,Team Cebu C,Cebu,Travel,Swing,Voice,Reservations,steady,2026-05,2865000,8.6,1431.0,0.85,465.55,67.5,91.86,4.5,0.829,0.08,0.107,0.28,0
2026-05-10,A030,Team Cebu C,Cebu,Travel,Night,Voice,Reservations,senior,2026-05,2865000,8.6,1510.0,0.86,438.82,63.78,92.94,4.5,0.834,0.084,0.106,0.43,0
2026-05-10,A031,Team Cebu C,Cebu,Travel,Day,Voice,Reservations,new,2026-05,2865000,8.6,1116.0,0.87,501.19,72.46,90.42,4.5,0.823,0.088,0.105,0.58,0
2026-05-10,A032,Team Cebu C,Cebu,Travel,Swing,Voice,Reservations,steady,2026-05,2865000,8.6,1195.0,0.88,465.55,67.5,91.86,4.5,0.829,0.092,0.101,0.73,0
2026-05-10,A033,Team Cebu C,Cebu,Travel,Night,Voice,Reservations,senior,2026-05,2865000,8.6,1274.0,0.85,438.82,63.78,92.94,4.5,0.834,0.08,0.1,0.28,0
2026-05-10,A034,Team Cebu C,Cebu,Travel,Day,Voice,Reservations,new,2026-05,2865000,8.6,1353.0,0.86,501.19,72.46,90.42,4.5,0.823,0.084,0.114,0.43,0
2026-05-10,A035,Team Cebu C,Cebu,Travel,Swing,Voice,Reservations,steady,2026-05,2865000,8.6,1431.0,0.87,465.55,67.5,91.86,4.5,0.829,0.088,0.11,0.58,0
2026-05-10,A036,Team Cebu C,Cebu,Travel,Night,Voice,Reservations,senior,2026-05,2865000,8.6,1510.0,0.88,438.82,63.78,92.94,4.5,0.834,0.092,0.094,0.73,0
2026-05-10,A037,Team Davao D,Davao,Healthcare,Day,Voice,Benefits,new,2026-05,2865000,8.6,1116.0,0.847,466.2,72.46,90.42,4.56,0.827,0.071,0.108,0.28,0
2026-05-10,A038,Team Davao D,Davao,Healthcare,Swing,Voice,Benefits,steady,2026-05,2865000,8.6,1195.0,0.857,433.15,67.5,91.86,4.56,0.833,0.075,0.104,0.43,0
2026-05-10,A039,Team Davao D,Davao,Healthcare,Night,Voice,Benefits,senior,2026-05,2865000,8.6,1274.0,0.867,408.36,63.78,92.94,4.56,0.838,0.079,0.103,0.58,0
2026-05-10,A040,Team Davao D,Davao,Healthcare,Day,Voice,Benefits,new,2026-05,2865000,8.6,1353.0,0.877,466.2,72.46,90.42,4.56,0.827,0.083,0.117,0.73,0
2026-05-10,A041,Team Davao D,Davao,Healthcare,Swing,Voice,Benefits,steady,2026-05,2865000,8.6,1431.0,0.847,433.15,67.5,91.86,4.56,0.833,0.071,0.098,0.28,1
2026-05-10,A042,Team Davao D,Davao,Healthcare,Night,Voice,Benefits,senior,2026-05,2865000,8.6,1510.0,0.857,408.36,63.78,92.94,4.56,0.838,0.075,0.097,0.43,0
2026-05-10,A043,Team Davao D,Davao,Healthcare,Day,Voice,Benefits,new,2026-05,2865000,8.6,1116.0,0.867,466.2,72.46,90.42,4.56,0.827,0.079,0.111,0.58,0
2026-05-10,A044,Team Davao D,Davao,Healthcare,Swing,Voice,Benefits,steady,2026-05,2865000,8.6,1195.0,0.877,433.15,67.5,91.86,4.56,0.833,0.083,0.107,0.73,0
2026-05-10,A045,Team Davao D,Davao,Healthcare,Night,Voice,Benefits,senior,2026-05,2865000,8.6,1274.0,0.847,408.36,63.78,92.94,4.56,0.838,0.071,0.106,0.28,0
2026-05-10,A046,Team Davao D,Davao,Healthcare,Day,Voice,Benefits,new,2026-05,2865000,8.6,1353.0,0.857,466.2,72.46,90.42,4.56,0.827,0.075,0.105,0.43,0
2026-05-10,A047,Team Davao D,Davao,Healthcare,Swing,Voice,Benefits,steady,2026-05,2865000,8.6,1431.0,0.867,433.15,67.5,91.86,4.56,0.833,0.079,0.101,0.58,0
2026-05-10,A048,Team Davao D,Davao,Healthcare,Night,Voice,Benefits,senior,2026-05,2865000,8.6,1510.0,0.877,408.36,63.78,92.94,4.56,0.838,0.083,0.1,0.73,0
2026-05-11,A001,Team Manila A,Manila,Telco,Day,Voice,Retention,new,2026-05,2865000,8.6,1826.0,0.848,488.69,73.66,90.24,4.52,0.825,0.075,0.105,0.36,0
2026-05-11,A002,Team Manila A,Manila,Telco,Swing,Voice,Retention,steady,2026-05,2865000,8.6,1955.0,0.858,454.35,68.7,91.68,4.52,0.831,0.079,0.101,0.51,0
2026-05-11,A003,Team Manila A,Manila,Telco,Night,Voice,Retention,senior,2026-05,2865000,8.6,2084.0,0.868,428.59,64.98,92.76,4.52,0.836,0.083,0.1,0.66,0
2026-05-11,A004,Team Manila A,Manila,Telco,Day,Voice,Retention,new,2026-05,2865000,8.6,2213.0,0.878,488.69,73.66,90.24,4.52,0.825,0.087,0.114,0.81,0
2026-05-11,A005,Team Manila A,Manila,Telco,Swing,Voice,Retention,steady,2026-05,2865000,8.6,2342.0,0.848,454.35,68.7,91.68,4.52,0.831,0.075,0.11,0.36,0
2026-05-11,A006,Team Manila A,Manila,Telco,Night,Voice,Retention,senior,2026-05,2865000,8.6,2471.0,0.858,428.59,64.98,92.76,4.52,0.836,0.079,0.094,0.51,0
2026-05-11,A007,Team Manila A,Manila,Telco,Day,Voice,Retention,new,2026-05,2865000,8.6,1826.0,0.868,488.69,73.66,90.24,4.52,0.825,0.083,0.108,0.66,0
2026-05-11,A008,Team Manila A,Manila,Telco,Swing,Voice,Retention,steady,2026-05,2865000,8.6,1955.0,0.878,454.35,68.7,91.68,4.52,0.831,0.087,0.104,0.81,0
2026-05-11,A009,Team Manila A,Manila,Telco,Night,Voice,Retention,senior,2026-05,2865000,8.6,2084.0,0.848,428.59,64.98,92.76,4.52,0.836,0.075,0.103,0.36,0
2026-05-11,A010,Team Manila A,Manila,Telco,Day,Voice,Retention,new,2026-05,2865000,8.6,2213.0,0.858,488.69,73.66,90.24,4.52,0.825,0.079,0.117,0.51,0
2026-05-11,A011,Team Manila A,Manila,Telco,Swing,Voice,Retention,steady,2026-05,2865000,8.6,2342.0,0.868,454.35,68.7,91.68,4.52,0.831,0.083,0.098,0.66,0
2026-05-11,A012,Team Manila A,Manila,Telco,Night,Voice,Retention,senior,2026-05,2865000,8.6,2471.0,0.878,428.59,64.98,92.76,4.52,0.836,0.087,0.097,0.81,0
2026-05-11,A013,Team Manila B,Manila,Retail,Day,Voice,Order Support,new,2026-05,2865000,8.6,1826.0,0.845,453.7,73.66,90.24,4.57,0.829,0.066,0.111,0.36,0
2026-05-11,A014,Team Manila B,Manila,Retail,Swing,Voice,Order Support,steady,2026-05,2865000,8.6,1955.0,0.855,421.95,68.7,91.68,4.57,0.835,0.07,0.107,0.51,0
2026-05-11,A015,Team Manila B,Manila,Retail,Night,Voice,Order Support,senior,2026-05,2865000,8.6,2084.0,0.865,398.14,64.98,92.76,4.57,0.84,0.074,0.106,0.66,0
2026-05-11,A016,Team Manila B,Manila,Retail,Day,Voice,Order Support,new,2026-05,2865000,8.6,2213.0,0.875,453.7,73.66,90.24,4.57,0.829,0.078,0.105,0.81,0
2026-05-11,A017,Team Manila B,Manila,Retail,Swing,Voice,Order Support,steady,2026-05,2865000,8.6,2342.0,0.845,421.95,68.7,91.68,4.57,0.835,0.066,0.101,0.36,0
2026-05-11,A018,Team Manila B,Manila,Retail,Night,Voice,Order Support,senior,2026-05,2865000,8.6,2471.0,0.855,398.14,64.98,92.76,4.57,0.84,0.07,0.1,0.51,0
2026-05-11,A019,Team Manila B,Manila,Retail,Day,Voice,Order Support,new,2026-05,2865000,8.6,1826.0,0.865,453.7,73.66,90.24,4.57,0.829,0.074,0.114,0.66,0
2026-05-11,A020,Team Manila B,Manila,Retail,Swing,Voice,Order Support,steady,2026-05,2865000,8.6,1955.0,0.875,421.95,68.7,91.68,4.57,0.835,0.078,0.11,0.81,0
2026-05-11,A021,Team Manila B,Manila,Retail,Night,Voice,Order Support,senior,2026-05,2865000,8.6,2084.0,0.845,398.14,64.98,92.76,4.57,0.84,0.066,0.094,0.36,0
2026-05-11,A022,Team Manila B,Manila,Retail,Day,Voice,Order Support,new,2026-05,2865000,8.6,2213.0,0.855,453.7,73.66,90.24,4.57,0.829,0.07,0.108,0.51,0
2026-05-11,A023,Team Manila B,Manila,Retail,Swing,Voice,Order Support,steady,2026-05,2865000,8.6,2342.0,0.865,421.95,68.7,91.68,4.57,0.835,0.074,0.104,0.66,1
2026-05-11,A024,Team Manila B,Manila,Retail,Night,Voice,Order Support,senior,2026-05,2865000,8.6,2471.0,0.875,398.14,64.98,92.76,4.57,0.84,0.078,0.103,0.81,0
2026-05-11,A025,Team Cebu C,Cebu,Travel,Day,Voice,Reservations,new,2026-05,2865000,8.6,1826.0,0.85,506.19,73.66,90.24,4.49,0.823,0.08,0.117,0.36,0
2026-05-11,A026,Team Cebu C,Cebu,Travel,Swing,Voice,Reservations,steady,2026-05,2865000,8.6,1955.0,0.86,470.55,68.7,91.68,4.49,0.829,0.084,0.098,0.51,0
2026-05-11,A027,Team Cebu C,Cebu,Travel,Night,Voice,Reservations,senior,2026-05,2865000,8.6,2084.0,0.87,443.82,64.98,92.76,4.49,0.834,0.088,0.097,0.66,0
2026-05-11,A028,Team Cebu C,Cebu,Travel,Day,Voice,Reservations,new,2026-05,2865000,8.6,2213.0,0.88,506.19,73.66,90.24,4.49,0.823,0.092,0.111,0.81,0
2026-05-11,A029,Team Cebu C,Cebu,Travel,Swing,Voice,Reservations,steady,2026-05,2865000,8.6,2342.0,0.85,470.55,68.7,91.68,4.49,0.829,0.08,0.107,0.36,0
2026-05-11,A030,Team Cebu C,Cebu,Travel,Night,Voice,Reservations,senior,2026-05,2865000,8.6,2471.0,0.86,443.82,64.98,92.76,4.49,0.834,0.084,0.106,0.51,0
2026-05-11,A031,Team Cebu C,Cebu,Travel,Day,Voice,Reservations,new,2026-05,2865000,8.6,1826.0,0.87,506.19,73.66,90.24,4.49,0.823,0.088,0.105,0.66,0
2026-05-11,A032,Team Cebu C,Cebu,Travel,Swing,Voice,Reservations,steady,2026-05,2865000,8.6,1955.0,0.88,470.55,68.7,91.68,4.49,0.829,0.092,0.101,0.81,0
2026-05-11,A033,Team Cebu C,Cebu,Travel,Night,Voice,Reservations,senior,2026-05,2865000,8.6,2084.0,0.85,443.82,64.98,92.76,4.49,0.834,0.08,0.1,0.36,0
2026-05-11,A034,Team Cebu C,Cebu,Travel,Day,Voice,Reservations,new,2026-05,2865000,8.6,2213.0,0.86,506.19,73.66,90.24,4.49,0.823,0.084,0.114,0.51,0
2026-05-11,A035,Team Cebu C,Cebu,Travel,Swing,Voice,Reservations,steady,2026-05,2865000,8.6,2342.0,0.87,470.55,68.7,91.68,4.49,0.829,0.088,0.11,0.66,0
2026-05-11,A036,Team Cebu C,Cebu,Travel,Night,Voice,Reservations,senior,2026-05,2865000,8.6,2471.0,0.88,443.82,64.98,92.76,4.49,0.834,0.092,0.094,0.81,0
2026-05-11,A037,Team Davao D,Davao,Healthcare,Day,Voice,Benefits,new,2026-05,2865000,8.6,1826.0,0.847,471.2,73.66,90.24,4.55,0.827,0.071,0.108,0.36,0
2026-05-11,A038,Team Davao D,Davao,Healthcare,Swing,Voice,Benefits,steady,2026-05,2865000,8.6,1955.0,0.857,438.15,68.7,91.68,4.55,0.833,0.075,0.104,0.51,0
2026-05-11,A039,Team Davao D,Davao,Healthcare,Night,Voice,Benefits,senior,2026-05,2865000,8.6,2084.0,0.867,413.36,64.98,92.76,4.55,0.838,0.079,0.103,0.66,0
2026-05-11,A040,Team Davao D,Davao,Healthcare,Day,Voice,Benefits,new,2026-05,2865000,8.6,2213.0,0.877,471.2,73.66,90.24,4.55,0.827,0.083,0.117,0.81,0
2026-05-11,A041,Team Davao D,Davao,Healthcare,Swing,Voice,Benefits,steady,2026-05,2865000,8.6,2342.0,0.847,438.15,68.7,91.68,4.55,0.833,0.071,0.098,0.36,0
2026-05-11,A042,Team Davao D,Davao,Healthcare,Night,Voice,Benefits,senior,2026-05,2865000,8.6,2471.0,0.857,413.36,64.98,92.76,4.55,0.838,0.075,0.097,0.51,0
2026-05-11,A043,Team Davao D,Davao,Healthcare,Day,Voice,Benefits,new,2026-05,2865000,8.6,1826.0,0.867,471.2,73.66,90.24,4.55,0.827,0.079,0.111,0.66,0
2026-05-11,A044,Team Davao D,Davao,Healthcare,Swing,Voice,Benefits,steady,2026-05,2865000,8.6,1955.0,0.877,438.15,68.7,91.68,4.55,0.833,0.083,0.107,0.81,0
2026-05-11,A045,Team Davao D,Davao,Healthcare,Night,Voice,Benefits,senior,2026-05,2865000,8.6,2084.0,0.847,413.36,64.98,92.76,4.55,0.838,0.071,0.106,0.36,0
2026-05-11,A046,Team Davao D,Davao,Healthcare,Day,Voice,Benefits,new,2026-05,2865000,8.6,2213.0,0.857,471.2,73.66,90.24,4.55,0.827,0.075,0.105,0.51,0
2026-05-11,A047,Team Davao D,Davao,Healthcare,Swing,Voice,Benefits,steady,2026-05,2865000,8.6,2342.0,0.867,438.15,68.7,91.68,4.55,0.833,0.079,0.101,0.66,0
2026-05-11,A048,Team Davao D,Davao,Healthcare,Night,Voice,Benefits,senior,2026-05,2865000,8.6,2471.0,0.877,413.36,64.98,92.76,4.55,0.838,0.083,0.1,0.81,0
2026-05-12,A001,Team Manila A,Manila,Telco,Day,Voice,Retention,new,2026-05,2865000,8.6,1759.0,0.848,493.69,74.86,90.06,4.51,0.825,0.075,0.105,0.44,0
2026-05-12,A002,Team Manila A,Manila,Telco,Swing,Voice,Retention,steady,2026-05,2865000,8.6,1883.0,0.858,459.35,69.9,91.5,4.51,0.831,0.079,0.101,0.59,0
2026-05-12,A003,Team Manila A,Manila,Telco,Night,Voice,Retention,senior,2026-05,2865000,8.6,2007.0,0.868,433.59,66.18,92.58,4.51,0.836,0.083,0.1,0.74,0
2026-05-12,A004,Team Manila A,Manila,Telco,Day,Voice,Retention,new,2026-05,2865000,8.6,2131.0,0.878,493.69,74.86,90.06,4.51,0.825,0.087,0.114,0.89,0
2026-05-12,A005,Team Manila A,Manila,Telco,Swing,Voice,Retention,steady,2026-05,2865000,8.6,2255.0,0.848,459.35,69.9,91.5,4.51,0.831,0.075,0.11,0.44,1
2026-05-12,A006,Team Manila A,Manila,Telco,Night,Voice,Retention,senior,2026-05,2865000,8.6,2380.0,0.858,433.59,66.18,92.58,4.51,0.836,0.079,0.094,0.59,0
2026-05-12,A007,Team Manila A,Manila,Telco,Day,Voice,Retention,new,2026-05,2865000,8.6,1759.0,0.868,493.69,74.86,90.06,4.51,0.825,0.083,0.108,0.74,0
2026-05-12,A008,Team Manila A,Manila,Telco,Swing,Voice,Retention,steady,2026-05,2865000,8.6,1883.0,0.878,459.35,69.9,91.5,4.51,0.831,0.087,0.104,0.89,0
2026-05-12,A009,Team Manila A,Manila,Telco,Night,Voice,Retention,senior,2026-05,2865000,8.6,2007.0,0.848,433.59,66.18,92.58,4.51,0.836,0.075,0.103,0.44,0
2026-05-12,A010,Team Manila A,Manila,Telco,Day,Voice,Retention,new,2026-05,2865000,8.6,2131.0,0.858,493.69,74.86,90.06,4.51,0.825,0.079,0.117,0.59,0
2026-05-12,A011,Team Manila A,Manila,Telco,Swing,Voice,Retention,steady,2026-05,2865000,8.6,2255.0,0.868,459.35,69.9,91.5,4.51,0.831,0.083,0.098,0.74,0
2026-05-12,A012,Team Manila A,Manila,Telco,Night,Voice,Retention,senior,2026-05,2865000,8.6,2380.0,0.878,433.59,66.18,92.58,4.51,0.836,0.087,0.097,0.89,0
2026-05-12,A013,Team Manila B,Manila,Retail,Day,Voice,Order Support,new,2026-05,2865000,8.6,1759.0,0.845,458.7,74.86,90.06,4.56,0.829,0.066,0.111,0.44,0
2026-05-12,A014,Team Manila B,Manila,Retail,Swing,Voice,Order Support,steady,2026-05,2865000,8.6,1883.0,0.855,426.95,69.9,91.5,4.56,0.835,0.07,0.107,0.59,0
2026-05-12,A015,Team Manila B,Manila,Retail,Night,Voice,Order Support,senior,2026-05,2865000,8.6,2007.0,0.865,403.14,66.18,92.58,4.56,0.84,0.074,0.106,0.74,0
2026-05-12,A016,Team Manila B,Manila,Retail,Day,Voice,Order Support,new,2026-05,2865000,8.6,2131.0,0.875,458.7,74.86,90.06,4.56,0.829,0.078,0.105,0.89,0
2026-05-12,A017,Team Manila B,Manila,Retail,Swing,Voice,Order Support,steady,2026-05,2865000,8.6,2255.0,0.845,426.95,69.9,91.5,4.56,0.835,0.066,0.101,0.44,0
2026-05-12,A018,Team Manila B,Manila,Retail,Night,Voice,Order Support,senior,2026-05,2865000,8.6,2380.0,0.855,403.14,66.18,92.58,4.56,0.84,0.07,0.1,0.59,0
2026-05-12,A019,Team Manila B,Manila,Retail,Day,Voice,Order Support,new,2026-05,2865000,8.6,1759.0,0.865,458.7,74.86,90.06,4.56,0.829,0.074,0.114,0.74,0
2026-05-12,A020,Team Manila B,Manila,Retail,Swing,Voice,Order Support,steady,2026-05,2865000,8.6,1883.0,0.875,426.95,69.9,91.5,4.56,0.835,0.078,0.11,0.89,0
2026-05-12,A021,Team Manila B,Manila,Retail,Night,Voice,Order Support,senior,2026-05,2865000,8.6,2007.0,0.845,403.14,66.18,92.58,4.56,0.84,0.066,0.094,0.44,0
2026-05-12,A022,Team Manila B,Manila,Retail,Day,Voice,Order Support,new,2026-05,2865000,8.6,2131.0,0.855,458.7,74.86,90.06,4.56,0.829,0.07,0.108,0.59,0
2026-05-12,A023,Team Manila B,Manila,Retail,Swing,Voice,Order Support,steady,2026-05,2865000,8.6,2255.0,0.865,426.95,69.9,91.5,4.56,0.835,0.074,0.104,0.74,0
2026-05-12,A024,Team Manila B,Manila,Retail,Night,Voice,Order Support,senior,2026-05,2865000,8.6,2380.0,0.875,403.14,66.18,92.58,4.56,0.84,0.078,0.103,0.89,0
2026-05-12,A025,Team Cebu C,Cebu,Travel,Day,Voice,Reservations,new,2026-05,2865000,8.6,1759.0,0.85,511.19,74.86,90.06,4.48,0.823,0.08,0.117,0.44,0
2026-05-12,A026,Team Cebu C,Cebu,Travel,Swing,Voice,Reservations,steady,2026-05,2865000,8.6,1883.0,0.86,475.55,69.9,91.5,4.48,0.829,0.084,0.098,0.59,0
2026-05-12,A027,Team Cebu C,Cebu,Travel,Night,Voice,Reservations,senior,2026-05,2865000,8.6,2007.0,0.87,448.82,66.18,92.58,4.48,0.834,0.088,0.097,0.74,0
2026-05-12,A028,Team Cebu C,Cebu,Travel,Day,Voice,Reservations,new,2026-05,2865000,8.6,2131.0,0.88,511.19,74.86,90.06,4.48,0.823,0.092,0.111,0.89,0
2026-05-12,A029,Team Cebu C,Cebu,Travel,Swing,Voice,Reservations,steady,2026-05,2865000,8.6,2255.0,0.85,475.55,69.9,91.5,4.48,0.829,0.08,0.107,0.44,0
2026-05-12,A030,Team Cebu C,Cebu,Travel,Night,Voice,Reservations,senior,2026-05,2865000,8.6,2380.0,0.86,448.82,66.18,92.58,4.48,0.834,0.084,0.106,0.59,0
2026-05-12,A031,Team Cebu C,Cebu,Travel,Day,Voice,Reservations,new,2026-05,2865000,8.6,1759.0,0.87,511.19,74.86,90.06,4.48,0.823,0.088,0.105,0.74,0
2026-05-12,A032,Team Cebu C,Cebu,Travel,Swing,Voice,Reservations,steady,2026-05,2865000,8.6,1883.0,0.88,475.55,69.9,91.5,4.48,0.829,0.092,0.101,0.89,0
2026-05-12,A033,Team Cebu C,Cebu,Travel,Night,Voice,Reservations,senior,2026-05,2865000,8.6,2007.0,0.85,448.82,66.18,92.58,4.48,0.834,0.08,0.1,0.44,0
2026-05-12,A034,Team Cebu C,Cebu,Travel,Day,Voice,Reservations,new,2026-05,2865000,8.6,2131.0,0.86,511.19,74.86,90.06,4.48,0.823,0.084,0.114,0.59,0
2026-05-12,A035,Team Cebu C,Cebu,Travel,Swing,Voice,Reservations,steady,2026-05,2865000,8.6,2255.0,0.87,475.55,69.9,91.5,4.48,0.829,0.088,0.11,0.74,0
2026-05-12,A036,Team Cebu C,Cebu,Travel,Night,Voice,Reservations,senior,2026-05,2865000,8.6,2380.0,0.88,448.82,66.18,92.58,4.48,0.834,0.092,0.094,0.89,0
2026-05-12,A037,Team Davao D,Davao,Healthcare,Day,Voice,Benefits,new,2026-05,2865000,8.6,1759.0,0.847,476.2,74.86,90.06,4.54,0.827,0.071,0.108,0.44,0
2026-05-12,A038,Team Davao D,Davao,Healthcare,Swing,Voice,Benefits,steady,2026-05,2865000,8.6,1883.0,0.857,443.15,69.9,91.5,4.54,0.833,0.075,0.104,0.59,0
2026-05-12,A039,Team Davao D,Davao,Healthcare,Night,Voice,Benefits,senior,2026-05,2865000,8.6,2007.0,0.867,418.36,66.18,92.58,4.54,0.838,0.079,0.103,0.74,0
2026-05-12,A040,Team Davao D,Davao,Healthcare,Day,Voice,Benefits,new,2026-05,2865000,8.6,2131.0,0.877,476.2,74.86,90.06,4.54,0.827,0.083,0.117,0.89,0
2026-05-12,A041,Team Davao D,Davao,Healthcare,Swing,Voice,Benefits,steady,2026-05,2865000,8.6,2255.0,0.847,443.15,69.9,91.5,4.54,0.833,0.071,0.098,0.44,0
2026-05-12,A042,Team Davao D,Davao,Healthcare,Night,Voice,Benefits,senior,2026-05,2865000,8.6,2380.0,0.857,418.36,66.18,92.58,4.54,0.838,0.075,0.097,0.59,0
2026-05-12,A043,Team Davao D,Davao,Healthcare,Day,Voice,Benefits,new,2026-05,2865000,8.6,1759.0,0.867,476.2,74.86,90.06,4.54,0.827,0.079,0.111,0.74,0
2026-05-12,A044,Team Davao D,Davao,Healthcare,Swing,Voice,Benefits,steady,2026-05,2865000,8.6,1883.0,0.877,443.15,69.9,91.5,4.54,0.833,0.083,0.107,0.89,0
2026-05-12,A045,Team Davao D,Davao,Healthcare,Night,Voice,Benefits,senior,2026-05,2865000,8.6,2007.0,0.847,418.36,66.18,92.58,4.54,0.838,0.071,0.106,0.44,0
2026-05-12,A046,Team Davao D,Davao,Healthcare,Day,Voice,Benefits,new,2026-05,2865000,8.6,2131.0,0.857,476.2,74.86,90.06,4.54,0.827,0.075,0.105,0.59,0
2026-05-12,A047,Team Davao D,Davao,Healthcare,Swing,Voice,Benefits,steady,2026-05,2865000,8.6,2255.0,0.867,443.15,69.9,91.5,4.54,0.833,0.079,0.101,0.74,0
2026-05-12,A048,Team Davao D,Davao,Healthcare,Night,Voice,Benefits,senior,2026-05,2865000,8.6,2380.0,0.877,418.36,66.18,92.58,4.54,0.838,0.083,0.1,0.89,0
2026-05-13,A001,Team Manila A,Manila,Telco,Day,Voice,Retention,new,2026-05,2865000,8.6,1691.0,0.848,463.69,67.66,90.06,4.51,0.825,0.075,0.105,0.2,0
2026-05-13,A002,Team Manila A,Manila,Telco,Swing,Voice,Retention,steady,2026-05,2865000,8.6,1811.0,0.858,429.35,62.7,91.5,4.51,0.831,0.079,0.101,0.35,0
2026-05-13,A003,Team Manila A,Manila,Telco,Night,Voice,Retention,senior,2026-05,2865000,8.6,1930.0,0.868,403.59,58.98,92.58,4.51,0.836,0.083,0.1,0.5,0
2026-05-13,A004,Team Manila A,Manila,Telco,Day,Voice,Retention,new,2026-05,2865000,8.6,2049.0,0.878,463.69,67.66,90.06,4.51,0.825,0.087,0.114,0.65,0
2026-05-13,A005,Team Manila A,Manila,Telco,Swing,Voice,Retention,steady,2026-05,2865000,8.6,2169.0,0.848,429.35,62.7,91.5,4.51,0.831,0.075,0.11,0.2,0
2026-05-13,A006,Team Manila A,Manila,Telco,Night,Voice,Retention,senior,2026-05,2865000,8.6,2288.0,0.858,403.59,58.98,92.58,4.51,0.836,0.079,0.094,0.35,0
2026-05-13,A007,Team Manila A,Manila,Telco,Day,Voice,Retention,new,2026-05,2865000,8.6,1691.0,0.868,463.69,67.66,90.06,4.51,0.825,0.083,0.108,0.5,0
2026-05-13,A008,Team Manila A,Manila,Telco,Swing,Voice,Retention,steady,2026-05,2865000,8.6,1811.0,0.878,429.35,62.7,91.5,4.51,0.831,0.087,0.104,0.65,0
2026-05-13,A009,Team Manila A,Manila,Telco,Night,Voice,Retention,senior,2026-05,2865000,8.6,1930.0,0.848,403.59,58.98,92.58,4.51,0.836,0.075,0.103,0.2,0
2026-05-13,A010,Team Manila A,Manila,Telco,Day,Voice,Retention,new,2026-05,2865000,8.6,2049.0,0.858,463.69,67.66,90.06,4.51,0.825,0.079,0.117,0.35,0
2026-05-13,A011,Team Manila A,Manila,Telco,Swing,Voice,Retention,steady,2026-05,2865000,8.6,2169.0,0.868,429.35,62.7,91.5,4.51,0.831,0.083,0.098,0.5,0
2026-05-13,A012,Team Manila A,Manila,Telco,Night,Voice,Retention,senior,2026-05,2865000,8.6,2288.0,0.878,403.59,58.98,92.58,4.51,0.836,0.087,0.097,0.65,0
2026-05-13,A013,Team Manila B,Manila,Retail,Day,Voice,Order Support,new,2026-05,2865000,8.6,1691.0,0.845,428.7,67.66,90.06,4.56,0.829,0.066,0.111,0.2,0
2026-05-13,A014,Team Manila B,Manila,Retail,Swing,Voice,Order Support,steady,2026-05,2865000,8.6,1811.0,0.855,396.95,62.7,91.5,4.56,0.835,0.07,0.107,0.35,0
2026-05-13,A015,Team Manila B,Manila,Retail,Night,Voice,Order Support,senior,2026-05,2865000,8.6,1930.0,0.865,373.14,58.98,92.58,4.56,0.84,0.074,0.106,0.5,0
2026-05-13,A016,Team Manila B,Manila,Retail,Day,Voice,Order Support,new,2026-05,2865000,8.6,2049.0,0.875,428.7,67.66,90.06,4.56,0.829,0.078,0.105,0.65,0
2026-05-13,A017,Team Manila B,Manila,Retail,Swing,Voice,Order Support,steady,2026-05,2865000,8.6,2169.0,0.845,396.95,62.7,91.5,4.56,0.835,0.066,0.101,0.2,0
2026-05-13,A018,Team Manila B,Manila,Retail,Night,Voice,Order Support,senior,2026-05,2865000,8.6,2288.0,0.855,373.14,58.98,92.58,4.56,0.84,0.07,0.1,0.35,0
2026-05-13,A019,Team Manila B,Manila,Retail,Day,Voice,Order Support,new,2026-05,2865000,8.6,1691.0,0.865,428.7,67.66,90.06,4.56,0.829,0.074,0.114,0.5,0
2026-05-13,A020,Team Manila B,Manila,Retail,Swing,Voice,Order Support,steady,2026-05,2865000,8.6,1811.0,0.875,396.95,62.7,91.5,4.56,0.835,0.078,0.11,0.65,0
2026-05-13,A021,Team Manila B,Manila,Retail,Night,Voice,Order Support,senior,2026-05,2865000,8.6,1930.0,0.845,373.14,58.98,92.58,4.56,0.84,0.066,0.094,0.2,0
2026-05-13,A022,Team Manila B,Manila,Retail,Day,Voice,Order Support,new,2026-05,2865000,8.6,2049.0,0.855,428.7,67.66,90.06,4.56,0.829,0.07,0.108,0.35,0
2026-05-13,A023,Team Manila B,Manila,Retail,Swing,Voice,Order Support,steady,2026-05,2865000,8.6,2169.0,0.865,396.95,62.7,91.5,4.56,0.835,0.074,0.104,0.5,0
2026-05-13,A024,Team Manila B,Manila,Retail,Night,Voice,Order Support,senior,2026-05,2865000,8.6,2288.0,0.875,373.14,58.98,92.58,4.56,0.84,0.078,0.103,0.65,0
2026-05-13,A025,Team Cebu C,Cebu,Travel,Day,Voice,Reservations,new,2026-05,2865000,8.6,1691.0,0.85,481.19,67.66,90.06,4.48,0.823,0.08,0.117,0.2,0
2026-05-13,A026,Team Cebu C,Cebu,Travel,Swing,Voice,Reservations,steady,2026-05,2865000,8.6,1811.0,0.86,445.55,62.7,91.5,4.48,0.829,0.084,0.098,0.35,0
2026-05-13,A027,Team Cebu C,Cebu,Travel,Night,Voice,Reservations,senior,2026-05,2865000,8.6,1930.0,0.87,418.82,58.98,92.58,4.48,0.834,0.088,0.097,0.5,0
2026-05-13,A028,Team Cebu C,Cebu,Travel,Day,Voice,Reservations,new,2026-05,2865000,8.6,2049.0,0.88,481.19,67.66,90.06,4.48,0.823,0.092,0.111,0.65,0
2026-05-13,A029,Team Cebu C,Cebu,Travel,Swing,Voice,Reservations,steady,2026-05,2865000,8.6,2169.0,0.85,445.55,62.7,91.5,4.48,0.829,0.08,0.107,0.2,0
2026-05-13,A030,Team Cebu C,Cebu,Travel,Night,Voice,Reservations,senior,2026-05,2865000,8.6,2288.0,0.86,418.82,58.98,92.58,4.48,0.834,0.084,0.106,0.35,0
2026-05-13,A031,Team Cebu C,Cebu,Travel,Day,Voice,Reservations,new,2026-05,2865000,8.6,1691.0,0.87,481.19,67.66,90.06,4.48,0.823,0.088,0.105,0.5,0
2026-05-13,A032,Team Cebu C,Cebu,Travel,Swing,Voice,Reservations,steady,2026-05,2865000,8.6,1811.0,0.88,445.55,62.7,91.5,4.48,0.829,0.092,0.101,0.65,0
2026-05-13,A033,Team Cebu C,Cebu,Travel,Night,Voice,Reservations,senior,2026-05,2865000,8.6,1930.0,0.85,418.82,58.98,92.58,4.48,0.834,0.08,0.1,0.2,0
2026-05-13,A034,Team Cebu C,Cebu,Travel,Day,Voice,Reservations,new,2026-05,2865000,8.6,2049.0,0.86,481.19,67.66,90.06,4.48,0.823,0.084,0.114,0.35,0
2026-05-13,A035,Team Cebu C,Cebu,Travel,Swing,Voice,Reservations,steady,2026-05,2865000,8.6,2169.0,0.87,445.55,62.7,91.5,4.48,0.829,0.088,0.11,0.5,0
2026-05-13,A036,Team Cebu C,Cebu,Travel,Night,Voice,Reservations,senior,2026-05,2865000,8.6,2288.0,0.88,418.82,58.98,92.58,4.48,0.834,0.092,0.094,0.65,0
2026-05-13,A037,Team Davao D,Davao,Healthcare,Day,Voice,Benefits,new,2026-05,2865000,8.6,1691.0,0.847,446.2,67.66,90.06,4.54,0.827,0.071,0.108,0.2,0
2026-05-13,A038,Team Davao D,Davao,Healthcare,Swing,Voice,Benefits,steady,2026-05,2865000,8.6,1811.0,0.857,413.15,62.7,91.5,4.54,0.833,0.075,0.104,0.35,0
2026-05-13,A039,Team Davao D,Davao,Healthcare,Night,Voice,Benefits,senior,2026-05,2865000,8.6,1930.0,0.867,388.36,58.98,92.58,4.54,0.838,0.079,0.103,0.5,0
2026-05-13,A040,Team Davao D,Davao,Healthcare,Day,Voice,Benefits,new,2026-05,2865000,8.6,2049.0,0.877,446.2,67.66,90.06,4.54,0.827,0.083,0.117,0.65,1
2026-05-13,A041,Team Davao D,Davao,Healthcare,Swing,Voice,Benefits,steady,2026-05,2865000,8.6,2169.0,0.847,413.15,62.7,91.5,4.54,0.833,0.071,0.098,0.2,0
2026-05-13,A042,Team Davao D,Davao,Healthcare,Night,Voice,Benefits,senior,2026-05,2865000,8.6,2288.0,0.857,388.36,58.98,92.58,4.54,0.838,0.075,0.097,0.35,0
2026-05-13,A043,Team Davao D,Davao,Healthcare,Day,Voice,Benefits,new,2026-05,2865000,8.6,1691.0,0.867,446.2,67.66,90.06,4.54,0.827,0.079,0.111,0.5,0
2026-05-13,A044,Team Davao D,Davao,Healthcare,Swing,Voice,Benefits,steady,2026-05,2865000,8.6,1811.0,0.877,413.15,62.7,91.5,4.54,0.833,0.083,0.107,0.65,0
2026-05-13,A045,Team Davao D,Davao,Healthcare,Night,Voice,Benefits,senior,2026-05,2865000,8.6,1930.0,0.847,388.36,58.98,92.58,4.54,0.838,0.071,0.106,0.2,0
2026-05-13,A046,Team Davao D,Davao,Healthcare,Day,Voice,Benefits,new,2026-05,2865000,8.6,2049.0,0.857,446.2,67.66,90.06,4.54,0.827,0.075,0.105,0.35,0
2026-05-13,A047,Team Davao D,Davao,Healthcare,Swing,Voice,Benefits,steady,2026-05,2865000,8.6,2169.0,0.867,413.15,62.7,91.5,4.54,0.833,0.079,0.101,0.5,0
2026-05-13,A048,Team Davao D,Davao,Healthcare,Night,Voice,Benefits,senior,2026-05,2865000,8.6,2288.0,0.877,388.36,58.98,92.58,4.54,0.838,0.083,0.1,0.65,0
2026-05-14,A001,Team Manila A,Manila,Telco,Day,Voice,Retention,new,2026-05,2865000,8.6,1674.0,0.848,468.69,68.86,90.24,4.52,0.825,0.075,0.105,0.2,0
2026-05-14,A002,Team Manila A,Manila,Telco,Swing,Voice,Retention,steady,2026-05,2865000,8.6,1792.0,0.858,434.35,63.9,91.68,4.52,0.831,0.079,0.101,0.35,0
2026-05-14,A003,Team Manila A,Manila,Telco,Night,Voice,Retention,senior,2026-05,2865000,8.6,1911.0,0.868,408.59,60.18,92.76,4.52,0.836,0.083,0.1,0.5,0
2026-05-14,A004,Team Manila A,Manila,Telco,Day,Voice,Retention,new,2026-05,2865000,8.6,2029.0,0.878,468.69,68.86,90.24,4.52,0.825,0.087,0.114,0.65,0
2026-05-14,A005,Team Manila A,Manila,Telco,Swing,Voice,Retention,steady,2026-05,2865000,8.6,2147.0,0.848,434.35,63.9,91.68,4.52,0.831,0.075,0.11,0.2,0
2026-05-14,A006,Team Manila A,Manila,Telco,Night,Voice,Retention,senior,2026-05,2865000,8.6,2265.0,0.858,408.59,60.18,92.76,4.52,0.836,0.079,0.094,0.35,0
2026-05-14,A007,Team Manila A,Manila,Telco,Day,Voice,Retention,new,2026-05,2865000,8.6,1674.0,0.868,468.69,68.86,90.24,4.52,0.825,0.083,0.108,0.5,0
2026-05-14,A008,Team Manila A,Manila,Telco,Swing,Voice,Retention,steady,2026-05,2865000,8.6,1792.0,0.878,434.35,63.9,91.68,4.52,0.831,0.087,0.104,0.65,0
2026-05-14,A009,Team Manila A,Manila,Telco,Night,Voice,Retention,senior,2026-05,2865000,8.6,1911.0,0.848,408.59,60.18,92.76,4.52,0.836,0.075,0.103,0.2,0
2026-05-14,A010,Team Manila A,Manila,Telco,Day,Voice,Retention,new,2026-05,2865000,8.6,2029.0,0.858,468.69,68.86,90.24,4.52,0.825,0.079,0.117,0.35,0
2026-05-14,A011,Team Manila A,Manila,Telco,Swing,Voice,Retention,steady,2026-05,2865000,8.6,2147.0,0.868,434.35,63.9,91.68,4.52,0.831,0.083,0.098,0.5,0
2026-05-14,A012,Team Manila A,Manila,Telco,Night,Voice,Retention,senior,2026-05,2865000,8.6,2265.0,0.878,408.59,60.18,92.76,4.52,0.836,0.087,0.097,0.65,0
2026-05-14,A013,Team Manila B,Manila,Retail,Day,Voice,Order Support,new,2026-05,2865000,8.6,1674.0,0.845,433.7,68.86,90.24,4.57,0.829,0.066,0.111,0.2,0
2026-05-14,A014,Team Manila B,Manila,Retail,Swing,Voice,Order Support,steady,2026-05,2865000,8.6,1792.0,0.855,401.95,63.9,91.68,4.57,0.835,0.07,0.107,0.35,0
2026-05-14,A015,Team Manila B,Manila,Retail,Night,Voice,Order Support,senior,2026-05,2865000,8.6,1911.0,0.865,378.14,60.18,92.76,4.57,0.84,0.074,0.106,0.5,0
2026-05-14,A016,Team Manila B,Manila,Retail,Day,Voice,Order Support,new,2026-05,2865000,8.6,2029.0,0.875,433.7,68.86,90.24,4.57,0.829,0.078,0.105,0.65,0
2026-05-14,A017,Team Manila B,Manila,Retail,Swing,Voice,Order Support,steady,2026-05,2865000,8.6,2147.0,0.845,401.95,63.9,91.68,4.57,0.835,0.066,0.101,0.2,0
2026-05-14,A018,Team Manila B,Manila,Retail,Night,Voice,Order Support,senior,2026-05,2865000,8.6,2265.0,0.855,378.14,60.18,92.76,4.57,0.84,0.07,0.1,0.35,0
2026-05-14,A019,Team Manila B,Manila,Retail,Day,Voice,Order Support,new,2026-05,2865000,8.6,1674.0,0.865,433.7,68.86,90.24,4.57,0.829,0.074,0.114,0.5,0
2026-05-14,A020,Team Manila B,Manila,Retail,Swing,Voice,Order Support,steady,2026-05,2865000,8.6,1792.0,0.875,401.95,63.9,91.68,4.57,0.835,0.078,0.11,0.65,0
2026-05-14,A021,Team Manila B,Manila,Retail,Night,Voice,Order Support,senior,2026-05,2865000,8.6,1911.0,0.845,378.14,60.18,92.76,4.57,0.84,0.066,0.094,0.2,0
2026-05-14,A022,Team Manila B,Manila,Retail,Day,Voice,Order Support,new,2026-05,2865000,8.6,2029.0,0.855,433.7,68.86,90.24,4.57,0.829,0.07,0.108,0.35,1
2026-05-14,A023,Team Manila B,Manila,Retail,Swing,Voice,Order Support,steady,2026-05,2865000,8.6,2147.0,0.865,401.95,63.9,91.68,4.57,0.835,0.074,0.104,0.5,0
2026-05-14,A024,Team Manila B,Manila,Retail,Night,Voice,Order Support,senior,2026-05,2865000,8.6,2265.0,0.875,378.14,60.18,92.76,4.57,0.84,0.078,0.103,0.65,0
2026-05-14,A025,Team Cebu C,Cebu,Travel,Day,Voice,Reservations,new,2026-05,2865000,8.6,1674.0,0.85,486.19,68.86,90.24,4.49,0.823,0.08,0.117,0.2,0
2026-05-14,A026,Team Cebu C,Cebu,Travel,Swing,Voice,Reservations,steady,2026-05,2865000,8.6,1792.0,0.86,450.55,63.9,91.68,4.49,0.829,0.084,0.098,0.35,0
2026-05-14,A027,Team Cebu C,Cebu,Travel,Night,Voice,Reservations,senior,2026-05,2865000,8.6,1911.0,0.87,423.82,60.18,92.76,4.49,0.834,0.088,0.097,0.5,0
2026-05-14,A028,Team Cebu C,Cebu,Travel,Day,Voice,Reservations,new,2026-05,2865000,8.6,2029.0,0.88,486.19,68.86,90.24,4.49,0.823,0.092,0.111,0.65,0
2026-05-14,A029,Team Cebu C,Cebu,Travel,Swing,Voice,Reservations,steady,2026-05,2865000,8.6,2147.0,0.85,450.55,63.9,91.68,4.49,0.829,0.08,0.107,0.2,0
2026-05-14,A030,Team Cebu C,Cebu,Travel,Night,Voice,Reservations,senior,2026-05,2865000,8.6,2265.0,0.86,423.82,60.18,92.76,4.49,0.834,0.084,0.106,0.35,0
2026-05-14,A031,Team Cebu C,Cebu,Travel,Day,Voice,Reservations,new,2026-05,2865000,8.6,1674.0,0.87,486.19,68.86,90.24,4.49,0.823,0.088,0.105,0.5,0
2026-05-14,A032,Team Cebu C,Cebu,Travel,Swing,Voice,Reservations,steady,2026-05,2865000,8.6,1792.0,0.88,450.55,63.9,91.68,4.49,0.829,0.092,0.101,0.65,0
2026-05-14,A033,Team Cebu C,Cebu,Travel,Night,Voice,Reservations,senior,2026-05,2865000,8.6,1911.0,0.85,423.82,60.18,92.76,4.49,0.834,0.08,0.1,0.2,0
2026-05-14,A034,Team Cebu C,Cebu,Travel,Day,Voice,Reservations,new,2026-05,2865000,8.6,2029.0,0.86,486.19,68.86,90.24,4.49,0.823,0.084,0.114,0.35,0
2026-05-14,A035,Team Cebu C,Cebu,Travel,Swing,Voice,Reservations,steady,2026-05,2865000,8.6,2147.0,0.87,450.55,63.9,91.68,4.49,0.829,0.088,0.11,0.5,0
2026-05-14,A036,Team Cebu C,Cebu,Travel,Night,Voice,Reservations,senior,2026-05,2865000,8.6,2265.0,0.88,423.82,60.18,92.76,4.49,0.834,0.092,0.094,0.65,0
2026-05-14,A037,Team Davao D,Davao,Healthcare,Day,Voice,Benefits,new,2026-05,2865000,8.6,1674.0,0.847,451.2,68.86,90.24,4.55,0.827,0.071,0.108,0.2,0
2026-05-14,A038,Team Davao D,Davao,Healthcare,Swing,Voice,Benefits,steady,2026-05,2865000,8.6,1792.0,0.857,418.15,63.9,91.68,4.55,0.833,0.075,0.104,0.35,0
2026-05-14,A039,Team Davao D,Davao,Healthcare,Night,Voice,Benefits,senior,2026-05,2865000,8.6,1911.0,0.867,393.36,60.18,92.76,4.55,0.838,0.079,0.103,0.5,0
2026-05-14,A040,Team Davao D,Davao,Healthcare,Day,Voice,Benefits,new,2026-05,2865000,8.6,2029.0,0.877,451.2,68.86,90.24,4.55,0.827,0.083,0.117,0.65,0
2026-05-14,A041,Team Davao D,Davao,Healthcare,Swing,Voice,Benefits,steady,2026-05,2865000,8.6,2147.0,0.847,418.15,63.9,91.68,4.55,0.833,0.071,0.098,0.2,0
2026-05-14,A042,Team Davao D,Davao,Healthcare,Night,Voice,Benefits,senior,2026-05,2865000,8.6,2265.0,0.857,393.36,60.18,92.76,4.55,0.838,0.075,0.097,0.35,0
2026-05-14,A043,Team Davao D,Davao,Healthcare,Day,Voice,Benefits,new,2026-05,2865000,8.6,1674.0,0.867,451.2,68.86,90.24,4.55,0.827,0.079,0.111,0.5,0
2026-05-14,A044,Team Davao D,Davao,Healthcare,Swing,Voice,Benefits,steady,2026-05,2865000,8.6,1792.0,0.877,418.15,63.9,91.68,4.55,0.833,0.083,0.107,0.65,0
2026-05-14,A045,Team Davao D,Davao,Healthcare,Night,Voice,Benefits,senior,2026-05,2865000,8.6,1911.0,0.847,393.36,60.18,92.76,4.55,0.838,0.071,0.106,0.2,0
2026-05-14,A046,Team Davao D,Davao,Healthcare,Day,Voice,Benefits,new,2026-05,2865000,8.6,2029.0,0.857,451.2,68.86,90.24,4.55,0.827,0.075,0.105,0.35,0
2026-05-14,A047,Team Davao D,Davao,Healthcare,Swing,Voice,Benefits,steady,2026-05,2865000,8.6,2147.0,0.867,418.15,63.9,91.68,4.55,0.833,0.079,0.101,0.5,0
2026-05-14,A048,Team Davao D,Davao,Healthcare,Night,Voice,Benefits,senior,2026-05,2865000,8.6,2265.0,0.877,393.36,60.18,92.76,4.55,0.838,0.083,0.1,0.65,0
2026-05-15,A001,Team Manila A,Manila,Telco,Day,Voice,Retention,new,2026-05,2865000,8.6,1590.0,0.848,473.69,70.06,90.42,4.53,0.825,0.075,0.105,0.2,0
2026-05-15,A002,Team Manila A,Manila,Telco,Swing,Voice,Retention,steady,2026-05,2865000,8.6,1702.0,0.858,439.35,65.1,91.86,4.53,0.831,0.079,0.101,0.35,0
2026-05-15,A003,Team Manila A,Manila,Telco,Night,Voice,Retention,senior,2026-05,2865000,8.6,1814.0,0.868,413.59,61.38,92.94,4.53,0.836,0.083,0.1,0.5,0
2026-05-15,A004,Team Manila A,Manila,Telco,Day,Voice,Retention,new,2026-05,2865000,8.6,1926.0,0.878,473.69,70.06,90.42,4.53,0.825,0.087,0.114,0.65,1
2026-05-15,A005,Team Manila A,Manila,Telco,Swing,Voice,Retention,steady,2026-05,2865000,8.6,2039.0,0.848,439.35,65.1,91.86,4.53,0.831,0.075,0.11,0.2,0
2026-05-15,A006,Team Manila A,Manila,Telco,Night,Voice,Retention,senior,2026-05,2865000,8.6,2151.0,0.858,413.59,61.38,92.94,4.53,0.836,0.079,0.094,0.35,0
2026-05-15,A007,Team Manila A,Manila,Telco,Day,Voice,Retention,new,2026-05,2865000,8.6,1590.0,0.868,473.69,70.06,90.42,4.53,0.825,0.083,0.108,0.5,0
2026-05-15,A008,Team Manila A,Manila,Telco,Swing,Voice,Retention,steady,2026-05,2865000,8.6,1702.0,0.878,439.35,65.1,91.86,4.53,0.831,0.087,0.104,0.65,0
2026-05-15,A009,Team Manila A,Manila,Telco,Night,Voice,Retention,senior,2026-05,2865000,8.6,1814.0,0.848,413.59,61.38,92.94,4.53,0.836,0.075,0.103,0.2,0
2026-05-15,A010,Team Manila A,Manila,Telco,Day,Voice,Retention,new,2026-05,2865000,8.6,1926.0,0.858,473.69,70.06,90.42,4.53,0.825,0.079,0.117,0.35,0
2026-05-15,A011,Team Manila A,Manila,Telco,Swing,Voice,Retention,steady,2026-05,2865000,8.6,2039.0,0.868,439.35,65.1,91.86,4.53,0.831,0.083,0.098,0.5,0
2026-05-15,A012,Team Manila A,Manila,Telco,Night,Voice,Retention,senior,2026-05,2865000,8.6,2151.0,0.878,413.59,61.38,92.94,4.53,0.836,0.087,0.097,0.65,0
2026-05-15,A013,Team Manila B,Manila,Retail,Day,Voice,Order Support,new,2026-05,2865000,8.6,1590.0,0.845,438.7,70.06,90.42,4.58,0.829,0.066,0.111,0.2,0
2026-05-15,A014,Team Manila B,Manila,Retail,Swing,Voice,Order Support,steady,2026-05,2865000,8.6,1702.0,0.855,406.95,65.1,91.86,4.58,0.835,0.07,0.107,0.35,0
2026-05-15,A015,Team Manila B,Manila,Retail,Night,Voice,Order Support,senior,2026-05,2865000,8.6,1814.0,0.865,383.14,61.38,92.94,4.58,0.84,0.074,0.106,0.5,0
2026-05-15,A016,Team Manila B,Manila,Retail,Day,Voice,Order Support,new,2026-05,2865000,8.6,1926.0,0.875,438.7,70.06,90.42,4.58,0.829,0.078,0.105,0.65,0
2026-05-15,A017,Team Manila B,Manila,Retail,Swing,Voice,Order Support,steady,2026-05,2865000,8.6,2039.0,0.845,406.95,65.1,91.86,4.58,0.835,0.066,0.101,0.2,0
2026-05-15,A018,Team Manila B,Manila,Retail,Night,Voice,Order Support,senior,2026-05,2865000,8.6,2151.0,0.855,383.14,61.38,92.94,4.58,0.84,0.07,0.1,0.35,0
2026-05-15,A019,Team Manila B,Manila,Retail,Day,Voice,Order Support,new,2026-05,2865000,8.6,1590.0,0.865,438.7,70.06,90.42,4.58,0.829,0.074,0.114,0.5,0
2026-05-15,A020,Team Manila B,Manila,Retail,Swing,Voice,Order Support,steady,2026-05,2865000,8.6,1702.0,0.875,406.95,65.1,91.86,4.58,0.835,0.078,0.11,0.65,0
2026-05-15,A021,Team Manila B,Manila,Retail,Night,Voice,Order Support,senior,2026-05,2865000,8.6,1814.0,0.845,383.14,61.38,92.94,4.58,0.84,0.066,0.094,0.2,0
2026-05-15,A022,Team Manila B,Manila,Retail,Day,Voice,Order Support,new,2026-05,2865000,8.6,1926.0,0.855,438.7,70.06,90.42,4.58,0.829,0.07,0.108,0.35,0
2026-05-15,A023,Team Manila B,Manila,Retail,Swing,Voice,Order Support,steady,2026-05,2865000,8.6,2039.0,0.865,406.95,65.1,91.86,4.58,0.835,0.074,0.104,0.5,0
2026-05-15,A024,Team Manila B,Manila,Retail,Night,Voice,Order Support,senior,2026-05,2865000,8.6,2151.0,0.875,383.14,61.38,92.94,4.58,0.84,0.078,0.103,0.65,0
2026-05-15,A025,Team Cebu C,Cebu,Travel,Day,Voice,Reservations,new,2026-05,2865000,8.6,1590.0,0.85,491.19,70.06,90.42,4.5,0.823,0.08,0.117,0.2,0
2026-05-15,A026,Team Cebu C,Cebu,Travel,Swing,Voice,Reservations,steady,2026-05,2865000,8.6,1702.0,0.86,455.55,65.1,91.86,4.5,0.829,0.084,0.098,0.35,0
2026-05-15,A027,Team Cebu C,Cebu,Travel,Night,Voice,Reservations,senior,2026-05,2865000,8.6,1814.0,0.87,428.82,61.38,92.94,4.5,0.834,0.088,0.097,0.5,0
2026-05-15,A028,Team Cebu C,Cebu,Travel,Day,Voice,Reservations,new,2026-05,2865000,8.6,1926.0,0.88,491.19,70.06,90.42,4.5,0.823,0.092,0.111,0.65,0
2026-05-15,A029,Team Cebu C,Cebu,Travel,Swing,Voice,Reservations,steady,2026-05,2865000,8.6,2039.0,0.85,455.55,65.1,91.86,4.5,0.829,0.08,0.107,0.2,0
2026-05-15,A030,Team Cebu C,Cebu,Travel,Night,Voice,Reservations,senior,2026-05,2865000,8.6,2151.0,0.86,428.82,61.38,92.94,4.5,0.834,0.084,0.106,0.35,0
2026-05-15,A031,Team Cebu C,Cebu,Travel,Day,Voice,Reservations,new,2026-05,2865000,8.6,1590.0,0.87,491.19,70.06,90.42,4.5,0.823,0.088,0.105,0.5,0
2026-05-15,A032,Team Cebu C,Cebu,Travel,Swing,Voice,Reservations,steady,2026-05,2865000,8.6,1702.0,0.88,455.55,65.1,91.86,4.5,0.829,0.092,0.101,0.65,0
2026-05-15,A033,Team Cebu C,Cebu,Travel,Night,Voice,Reservations,senior,2026-05,2865000,8.6,1814.0,0.85,428.82,61.38,92.94,4.5,0.834,0.08,0.1,0.2,0
2026-05-15,A034,Team Cebu C,Cebu,Travel,Day,Voice,Reservations,new,2026-05,2865000,8.6,1926.0,0.86,491.19,70.06,90.42,4.5,0.823,0.084,0.114,0.35,0
2026-05-15,A035,Team Cebu C,Cebu,Travel,Swing,Voice,Reservations,steady,2026-05,2865000,8.6,2039.0,0.87,455.55,65.1,91.86,4.5,0.829,0.088,0.11,0.5,0
2026-05-15,A036,Team Cebu C,Cebu,Travel,Night,Voice,Reservations,senior,2026-05,2865000,8.6,2151.0,0.88,428.82,61.38,92.94,4.5,0.834,0.092,0.094,0.65,0
2026-05-15,A037,Team Davao D,Davao,Healthcare,Day,Voice,Benefits,new,2026-05,2865000,8.6,1590.0,0.847,456.2,70.06,90.42,4.56,0.827,0.071,0.108,0.2,0
2026-05-15,A038,Team Davao D,Davao,Healthcare,Swing,Voice,Benefits,steady,2026-05,2865000,8.6,1702.0,0.857,423.15,65.1,91.86,4.56,0.833,0.075,0.104,0.35,0
2026-05-15,A039,Team Davao D,Davao,Healthcare,Night,Voice,Benefits,senior,2026-05,2865000,8.6,1814.0,0.867,398.36,61.38,92.94,4.56,0.838,0.079,0.103,0.5,0
2026-05-15,A040,Team Davao D,Davao,Healthcare,Day,Voice,Benefits,new,2026-05,2865000,8.6,1926.0,0.877,456.2,70.06,90.42,4.56,0.827,0.083,0.117,0.65,0
2026-05-15,A041,Team Davao D,Davao,Healthcare,Swing,Voice,Benefits,steady,2026-05,2865000,8.6,2039.0,0.847,423.15,65.1,91.86,4.56,0.833,0.071,0.098,0.2,0
2026-05-15,A042,Team Davao D,Davao,Healthcare,Night,Voice,Benefits,senior,2026-05,2865000,8.6,2151.0,0.857,398.36,61.38,92.94,4.56,0.838,0.075,0.097,0.35,0
2026-05-15,A043,Team Davao D,Davao,Healthcare,Day,Voice,Benefits,new,2026-05,2865000,8.6,1590.0,0.867,456.2,70.06,90.42,4.56,0.827,0.079,0.111,0.5,0
2026-05-15,A044,Team Davao D,Davao,Healthcare,Swing,Voice,Benefits,steady,2026-05,2865000,8.6,1702.0,0.877,423.15,65.1,91.86,4.56,0.833,0.083,0.107,0.65,0
2026-05-15,A045,Team Davao D,Davao,Healthcare,Night,Voice,Benefits,senior,2026-05,2865000,8.6,1814.0,0.847,398.36,61.38,92.94,4.56,0.838,0.071,0.106,0.2,0
2026-05-15,A046,Team Davao D,Davao,Healthcare,Day,Voice,Benefits,new,2026-05,2865000,8.6,1926.0,0.857,456.2,70.06,90.42,4.56,0.827,0.075,0.105,0.35,0
2026-05-15,A047,Team Davao D,Davao,Healthcare,Swing,Voice,Benefits,steady,2026-05,2865000,8.6,2039.0,0.867,423.15,65.1,91.86,4.56,0.833,0.079,0.101,0.5,0
2026-05-15,A048,Team Davao D,Davao,Healthcare,Night,Voice,Benefits,senior,2026-05,2865000,8.6,2151.0,0.877,398.36,61.38,92.94,4.56,0.838,0.083,0.1,0.65,0
2026-05-16,A001,Team Manila A,Manila,Telco,Day,Voice,Retention,new,2026-05,2865000,8.6,1218.0,0.848,478.69,71.26,90.6,4.54,0.825,0.075,0.105,0.2,0
2026-05-16,A002,Team Manila A,Manila,Telco,Swing,Voice,Retention,steady,2026-05,2865000,8.6,1304.0,0.858,444.35,66.3,92.04,4.54,0.831,0.079,0.101,0.35,0
2026-05-16,A003,Team Manila A,Manila,Telco,Night,Voice,Retention,senior,2026-05,2865000,8.6,1390.0,0.868,418.59,62.58,93.12,4.54,0.836,0.083,0.1,0.5,0
2026-05-16,A004,Team Manila A,Manila,Telco,Day,Voice,Retention,new,2026-05,2865000,8.6,1475.0,0.878,478.69,71.26,90.6,4.54,0.825,0.087,0.114,0.65,0
2026-05-16,A005,Team Manila A,Manila,Telco,Swing,Voice,Retention,steady,2026-05,2865000,8.6,1561.0,0.848,444.35,66.3,92.04,4.54,0.831,0.075,0.11,0.2,0
2026-05-16,A006,Team Manila A,Manila,Telco,Night,Voice,Retention,senior,2026-05,2865000,8.6,1647.0,0.858,418.59,62.58,93.12,4.54,0.836,0.079,0.094,0.35,0
2026-05-16,A007,Team Manila A,Manila,Telco,Day,Voice,Retention,new,2026-05,2865000,8.6,1218.0,0.868,478.69,71.26,90.6,4.54,0.825,0.083,0.108,0.5,0
2026-05-16,A008,Team Manila A,Manila,Telco,Swing,Voice,Retention,steady,2026-05,2865000,8.6,1304.0,0.878,444.35,66.3,92.04,4.54,0.831,0.087,0.104,0.65,0
2026-05-16,A009,Team Manila A,Manila,Telco,Night,Voice,Retention,senior,2026-05,2865000,8.6,1390.0,0.848,418.59,62.58,93.12,4.54,0.836,0.075,0.103,0.2,0
2026-05-16,A010,Team Manila A,Manila,Telco,Day,Voice,Retention,new,2026-05,2865000,8.6,1475.0,0.858,478.69,71.26,90.6,4.54,0.825,0.079,0.117,0.35,0
2026-05-16,A011,Team Manila A,Manila,Telco,Swing,Voice,Retention,steady,2026-05,2865000,8.6,1561.0,0.868,444.35,66.3,92.04,4.54,0.831,0.083,0.098,0.5,0
2026-05-16,A012,Team Manila A,Manila,Telco,Night,Voice,Retention,senior,2026-05,2865000,8.6,1647.0,0.878,418.59,62.58,93.12,4.54,0.836,0.087,0.097,0.65,0
2026-05-16,A013,Team Manila B,Manila,Retail,Day,Voice,Order Support,new,2026-05,2865000,8.6,1218.0,0.845,443.7,71.26,90.6,4.59,0.829,0.066,0.111,0.2,0
2026-05-16,A014,Team Manila B,Manila,Retail,Swing,Voice,Order Support,steady,2026-05,2865000,8.6,1304.0,0.855,411.95,66.3,92.04,4.59,0.835,0.07,0.107,0.35,0
2026-05-16,A015,Team Manila B,Manila,Retail,Night,Voice,Order Support,senior,2026-05,2865000,8.6,1390.0,0.865,388.14,62.58,93.12,4.59,0.84,0.074,0.106,0.5,0
2026-05-16,A016,Team Manila B,Manila,Retail,Day,Voice,Order Support,new,2026-05,2865000,8.6,1475.0,0.875,443.7,71.26,90.6,4.59,0.829,0.078,0.105,0.65,0
2026-05-16,A017,Team Manila B,Manila,Retail,Swing,Voice,Order Support,steady,2026-05,2865000,8.6,1561.0,0.845,411.95,66.3,92.04,4.59,0.835,0.066,0.101,0.2,0
2026-05-16,A018,Team Manila B,Manila,Retail,Night,Voice,Order Support,senior,2026-05,2865000,8.6,1647.0,0.855,388.14,62.58,93.12,4.59,0.84,0.07,0.1,0.35,0
2026-05-16,A019,Team Manila B,Manila,Retail,Day,Voice,Order Support,new,2026-05,2865000,8.6,1218.0,0.865,443.7,71.26,90.6,4.59,0.829,0.074,0.114,0.5,0
2026-05-16,A020,Team Manila B,Manila,Retail,Swing,Voice,Order Support,steady,2026-05,2865000,8.6,1304.0,0.875,411.95,66.3,92.04,4.59,0.835,0.078,0.11,0.65,0
2026-05-16,A021,Team Manila B,Manila,Retail,Night,Voice,Order Support,senior,2026-05,2865000,8.6,1390.0,0.845,388.14,62.58,93.12,4.59,0.84,0.066,0.094,0.2,0
2026-05-16,A022,Team Manila B,Manila,Retail,Day,Voice,Order Support,new,2026-05,2865000,8.6,1475.0,0.855,443.7,71.26,90.6,4.59,0.829,0.07,0.108,0.35,0
2026-05-16,A023,Team Manila B,Manila,Retail,Swing,Voice,Order Support,steady,2026-05,2865000,8.6,1561.0,0.865,411.95,66.3,92.04,4.59,0.835,0.074,0.104,0.5,0
2026-05-16,A024,Team Manila B,Manila,Retail,Night,Voice,Order Support,senior,2026-05,2865000,8.6,1647.0,0.875,388.14,62.58,93.12,4.59,0.84,0.078,0.103,0.65,0
2026-05-16,A025,Team Cebu C,Cebu,Travel,Day,Voice,Reservations,new,2026-05,2865000,8.6,1218.0,0.85,496.19,71.26,90.6,4.51,0.823,0.08,0.117,0.2,0
2026-05-16,A026,Team Cebu C,Cebu,Travel,Swing,Voice,Reservations,steady,2026-05,2865000,8.6,1304.0,0.86,460.55,66.3,92.04,4.51,0.829,0.084,0.098,0.35,0
2026-05-16,A027,Team Cebu C,Cebu,Travel,Night,Voice,Reservations,senior,2026-05,2865000,8.6,1390.0,0.87,433.82,62.58,93.12,4.51,0.834,0.088,0.097,0.5,0
2026-05-16,A028,Team Cebu C,Cebu,Travel,Day,Voice,Reservations,new,2026-05,2865000,8.6,1475.0,0.88,496.19,71.26,90.6,4.51,0.823,0.092,0.111,0.65,0
2026-05-16,A029,Team Cebu C,Cebu,Travel,Swing,Voice,Reservations,steady,2026-05,2865000,8.6,1561.0,0.85,460.55,66.3,92.04,4.51,0.829,0.08,0.107,0.2,0
2026-05-16,A030,Team Cebu C,Cebu,Travel,Night,Voice,Reservations,senior,2026-05,2865000,8.6,1647.0,0.86,433.82,62.58,93.12,4.51,0.834,0.084,0.106,0.35,0
2026-05-16,A031,Team Cebu C,Cebu,Travel,Day,Voice,Reservations,new,2026-05,2865000,8.6,1218.0,0.87,496.19,71.26,90.6,4.51,0.823,0.088,0.105,0.5,0
2026-05-16,A032,Team Cebu C,Cebu,Travel,Swing,Voice,Reservations,steady,2026-05,2865000,8.6,1304.0,0.88,460.55,66.3,92.04,4.51,0.829,0.092,0.101,0.65,0
2026-05-16,A033,Team Cebu C,Cebu,Travel,Night,Voice,Reservations,senior,2026-05,2865000,8.6,1390.0,0.85,433.82,62.58,93.12,4.51,0.834,0.08,0.1,0.2,0
2026-05-16,A034,Team Cebu C,Cebu,Travel,Day,Voice,Reservations,new,2026-05,2865000,8.6,1475.0,0.86,496.19,71.26,90.6,4.51,0.823,0.084,0.114,0.35,0
2026-05-16,A035,Team Cebu C,Cebu,Travel,Swing,Voice,Reservations,steady,2026-05,2865000,8.6,1561.0,0.87,460.55,66.3,92.04,4.51,0.829,0.088,0.11,0.5,0
2026-05-16,A036,Team Cebu C,Cebu,Travel,Night,Voice,Reservations,senior,2026-05,2865000,8.6,1647.0,0.88,433.82,62.58,93.12,4.51,0.834,0.092,0.094,0.65,0
2026-05-16,A037,Team Davao D,Davao,Healthcare,Day,Voice,Benefits,new,2026-05,2865000,8.6,1218.0,0.847,461.2,71.26,90.6,4.57,0.827,0.071,0.108,0.2,0
2026-05-16,A038,Team Davao D,Davao,Healthcare,Swing,Voice,Benefits,steady,2026-05,2865000,8.6,1304.0,0.857,428.15,66.3,92.04,4.57,0.833,0.075,0.104,0.35,0
2026-05-16,A039,Team Davao D,Davao,Healthcare,Night,Voice,Benefits,senior,2026-05,2865000,8.6,1390.0,0.867,403.36,62.58,93.12,4.57,0.838,0.079,0.103,0.5,1
2026-05-16,A040,Team Davao D,Davao,Healthcare,Day,Voice,Benefits,new,2026-05,2865000,8.6,1475.0,0.877,461.2,71.26,90.6,4.57,0.827,0.083,0.117,0.65,0
2026-05-16,A041,Team Davao D,Davao,Healthcare,Swing,Voice,Benefits,steady,2026-05,2865000,8.6,1561.0,0.847,428.15,66.3,92.04,4.57,0.833,0.071,0.098,0.2,0
2026-05-16,A042,Team Davao D,Davao,Healthcare,Night,Voice,Benefits,senior,2026-05,2865000,8.6,1647.0,0.857,403.36,62.58,93.12,4.57,0.838,0.075,0.097,0.35,0
2026-05-16,A043,Team Davao D,Davao,Healthcare,Day,Voice,Benefits,new,2026-05,2865000,8.6,1218.0,0.867,461.2,71.26,90.6,4.57,0.827,0.079,0.111,0.5,0
2026-05-16,A044,Team Davao D,Davao,Healthcare,Swing,Voice,Benefits,steady,2026-05,2865000,8.6,1304.0,0.877,428.15,66.3,92.04,4.57,0.833,0.083,0.107,0.65,0
2026-05-16,A045,Team Davao D,Davao,Healthcare,Night,Voice,Benefits,senior,2026-05,2865000,8.6,1390.0,0.847,403.36,62.58,93.12,4.57,0.838,0.071,0.106,0.2,0
2026-05-16,A046,Team Davao D,Davao,Healthcare,Day,Voice,Benefits,new,2026-05,2865000,8.6,1475.0,0.857,461.2,71.26,90.6,4.57,0.827,0.075,0.105,0.35,0
2026-05-16,A047,Team Davao D,Davao,Healthcare,Swing,Voice,Benefits,steady,2026-05,2865000,8.6,1561.0,0.867,428.15,66.3,92.04,4.57,0.833,0.079,0.101,0.5,0
2026-05-16,A048,Team Davao D,Davao,Healthcare,Night,Voice,Benefits,senior,2026-05,2865000,8.6,1647.0,0.877,403.36,62.58,93.12,4.57,0.838,0.083,0.1,0.65,0
2026-05-17,A001,Team Manila A,Manila,Telco,Day,Voice,Retention,new,2026-05,2865000,8.6,1116.0,0.848,483.69,72.46,90.42,4.53,0.825,0.075,0.105,0.28,0
2026-05-17,A002,Team Manila A,Manila,Telco,Swing,Voice,Retention,steady,2026-05,2865000,8.6,1195.0,0.858,449.35,67.5,91.86,4.53,0.831,0.079,0.101,0.43,0
2026-05-17,A003,Team Manila A,Manila,Telco,Night,Voice,Retention,senior,2026-05,2865000,8.6,1274.0,0.868,423.59,63.78,92.94,4.53,0.836,0.083,0.1,0.58,0
2026-05-17,A004,Team Manila A,Manila,Telco,Day,Voice,Retention,new,2026-05,2865000,8.6,1353.0,0.878,483.69,72.46,90.42,4.53,0.825,0.087,0.114,0.73,0
2026-05-17,A005,Team Manila A,Manila,Telco,Swing,Voice,Retention,steady,2026-05,2865000,8.6,1431.0,0.848,449.35,67.5,91.86,4.53,0.831,0.075,0.11,0.28,0
2026-05-17,A006,Team Manila A,Manila,Telco,Night,Voice,Retention,senior,2026-05,2865000,8.6,1510.0,0.858,423.59,63.78,92.94,4.53,0.836,0.079,0.094,0.43,0
2026-05-17,A007,Team Manila A,Manila,Telco,Day,Voice,Retention,new,2026-05,2865000,8.6,1116.0,0.868,483.69,72.46,90.42,4.53,0.825,0.083,0.108,0.58,0
2026-05-17,A008,Team Manila A,Manila,Telco,Swing,Voice,Retention,steady,2026-05,2865000,8.6,1195.0,0.878,449.35,67.5,91.86,4.53,0.831,0.087,0.104,0.73,0
2026-05-17,A009,Team Manila A,Manila,Telco,Night,Voice,Retention,senior,2026-05,2865000,8.6,1274.0,0.848,423.59,63.78,92.94,4.53,0.836,0.075,0.103,0.28,0
2026-05-17,A010,Team Manila A,Manila,Telco,Day,Voice,Retention,new,2026-05,2865000,8.6,1353.0,0.858,483.69,72.46,90.42,4.53,0.825,0.079,0.117,0.43,0
2026-05-17,A011,Team Manila A,Manila,Telco,Swing,Voice,Retention,steady,2026-05,2865000,8.6,1431.0,0.868,449.35,67.5,91.86,4.53,0.831,0.083,0.098,0.58,0
2026-05-17,A012,Team Manila A,Manila,Telco,Night,Voice,Retention,senior,2026-05,2865000,8.6,1510.0,0.878,423.59,63.78,92.94,4.53,0.836,0.087,0.097,0.73,0
2026-05-17,A013,Team Manila B,Manila,Retail,Day,Voice,Order Support,new,2026-05,2865000,8.6,1116.0,0.845,448.7,72.46,90.42,4.58,0.829,0.066,0.111,0.28,0
2026-05-17,A014,Team Manila B,Manila,Retail,Swing,Voice,Order Support,steady,2026-05,2865000,8.6,1195.0,0.855,416.95,67.5,91.86,4.58,0.835,0.07,0.107,0.43,0
2026-05-17,A015,Team Manila B,Manila,Retail,Night,Voice,Order Support,senior,2026-05,2865000,8.6,1274.0,0.865,393.14,63.78,92.94,4.58,0.84,0.074,0.106,0.58,0
2026-05-17,A016,Team Manila B,Manila,Retail,Day,Voice,Order Support,new,2026-05,2865000,8.6,1353.0,0.875,448.7,72.46,90.42,4.58,0.829,0.078,0.105,0.73,0
2026-05-17,A017,Team Manila B,Manila,Retail,Swing,Voice,Order Support,steady,2026-05,2865000,8.6,1431.0,0.845,416.95,67.5,91.86,4.58,0.835,0.066,0.101,0.28,0
2026-05-17,A018,Team Manila B,Manila,Retail,Night,Voice,Order Support,senior,2026-05,2865000,8.6,1510.0,0.855,393.14,63.78,92.94,4.58,0.84,0.07,0.1,0.43,0
2026-05-17,A019,Team Manila B,Manila,Retail,Day,Voice,Order Support,new,2026-05,2865000,8.6,1116.0,0.865,448.7,72.46,90.42,4.58,0.829,0.074,0.114,0.58,0
2026-05-17,A020,Team Manila B,Manila,Retail,Swing,Voice,Order Support,steady,2026-05,2865000,8.6,1195.0,0.875,416.95,67.5,91.86,4.58,0.835,0.078,0.11,0.73,0
2026-05-17,A021,Team Manila B,Manila,Retail,Night,Voice,Order Support,senior,2026-05,2865000,8.6,1274.0,0.845,393.14,63.78,92.94,4.58,0.84,0.066,0.094,0.28,1
2026-05-17,A022,Team Manila B,Manila,Retail,Day,Voice,Order Support,new,2026-05,2865000,8.6,1353.0,0.855,448.7,72.46,90.42,4.58,0.829,0.07,0.108,0.43,0
2026-05-17,A023,Team Manila B,Manila,Retail,Swing,Voice,Order Support,steady,2026-05,2865000,8.6,1431.0,0.865,416.95,67.5,91.86,4.58,0.835,0.074,0.104,0.58,0
2026-05-17,A024,Team Manila B,Manila,Retail,Night,Voice,Order Support,senior,2026-05,2865000,8.6,1510.0,0.875,393.14,63.78,92.94,4.58,0.84,0.078,0.103,0.73,0
2026-05-17,A025,Team Cebu C,Cebu,Travel,Day,Voice,Reservations,new,2026-05,2865000,8.6,1116.0,0.85,501.19,72.46,90.42,4.5,0.823,0.08,0.117,0.28,0
2026-05-17,A026,Team Cebu C,Cebu,Travel,Swing,Voice,Reservations,steady,2026-05,2865000,8.6,1195.0,0.86,465.55,67.5,91.86,4.5,0.829,0.084,0.098,0.43,0
2026-05-17,A027,Team Cebu C,Cebu,Travel,Night,Voice,Reservations,senior,2026-05,2865000,8.6,1274.0,0.87,438.82,63.78,92.94,4.5,0.834,0.088,0.097,0.58,0
2026-05-17,A028,Team Cebu C,Cebu,Travel,Day,Voice,Reservations,new,2026-05,2865000,8.6,1353.0,0.88,501.19,72.46,90.42,4.5,0.823,0.092,0.111,0.73,0
2026-05-17,A029,Team Cebu C,Cebu,Travel,Swing,Voice,Reservations,steady,2026-05,2865000,8.6,1431.0,0.85,465.55,67.5,91.86,4.5,0.829,0.08,0.107,0.28,0
2026-05-17,A030,Team Cebu C,Cebu,Travel,Night,Voice,Reservations,senior,2026-05,2865000,8.6,1510.0,0.86,438.82,63.78,92.94,4.5,0.834,0.084,0.106,0.43,0
2026-05-17,A031,Team Cebu C,Cebu,Travel,Day,Voice,Reservations,new,2026-05,2865000,8.6,1116.0,0.87,501.19,72.46,90.42,4.5,0.823,0.088,0.105,0.58,0
2026-05-17,A032,Team Cebu C,Cebu,Travel,Swing,Voice,Reservations,steady,2026-05,2865000,8.6,1195.0,0.88,465.55,67.5,91.86,4.5,0.829,0.092,0.101,0.73,0
2026-05-17,A033,Team Cebu C,Cebu,Travel,Night,Voice,Reservations,senior,2026-05,2865000,8.6,1274.0,0.85,438.82,63.78,92.94,4.5,0.834,0.08,0.1,0.28,0
2026-05-17,A034,Team Cebu C,Cebu,Travel,Day,Voice,Reservations,new,2026-05,2865000,8.6,1353.0,0.86,501.19,72.46,90.42,4.5,0.823,0.084,0.114,0.43,0
2026-05-17,A035,Team Cebu C,Cebu,Travel,Swing,Voice,Reservations,steady,2026-05,2865000,8.6,1431.0,0.87,465.55,67.5,91.86,4.5,0.829,0.088,0.11,0.58,0
2026-05-17,A036,Team Cebu C,Cebu,Travel,Night,Voice,Reservations,senior,2026-05,2865000,8.6,1510.0,0.88,438.82,63.78,92.94,4.5,0.834,0.092,0.094,0.73,0
2026-05-17,A037,Team Davao D,Davao,Healthcare,Day,Voice,Benefits,new,2026-05,2865000,8.6,1116.0,0.847,466.2,72.46,90.42,4.56,0.827,0.071,0.108,0.28,0
2026-05-17,A038,Team Davao D,Davao,Healthcare,Swing,Voice,Benefits,steady,2026-05,2865000,8.6,1195.0,0.857,433.15,67.5,91.86,4.56,0.833,0.075,0.104,0.43,0
2026-05-17,A039,Team Davao D,Davao,Healthcare,Night,Voice,Benefits,senior,2026-05,2865000,8.6,1274.0,0.867,408.36,63.78,92.94,4.56,0.838,0.079,0.103,0.58,0
2026-05-17,A040,Team Davao D,Davao,Healthcare,Day,Voice,Benefits,new,2026-05,2865000,8.6,1353.0,0.877,466.2,72.46,90.42,4.56,0.827,0.083,0.117,0.73,0
2026-05-17,A041,Team Davao D,Davao,Healthcare,Swing,Voice,Benefits,steady,2026-05,2865000,8.6,1431.0,0.847,433.15,67.5,91.86,4.56,0.833,0.071,0.098,0.28,0
2026-05-17,A042,Team Davao D,Davao,Healthcare,Night,Voice,Benefits,senior,2026-05,2865000,8.6,1510.0,0.857,408.36,63.78,92.94,4.56,0.838,0.075,0.097,0.43,0
2026-05-17,A043,Team Davao D,Davao,Healthcare,Day,Voice,Benefits,new,2026-05,2865000,8.6,1116.0,0.867,466.2,72.46,90.42,4.56,0.827,0.079,0.111,0.58,0
2026-05-17,A044,Team Davao D,Davao,Healthcare,Swing,Voice,Benefits,steady,2026-05,2865000,8.6,1195.0,0.877,433.15,67.5,91.86,4.56,0.833,0.083,0.107,0.73,0
2026-05-17,A045,Team Davao D,Davao,Healthcare,Night,Voice,Benefits,senior,2026-05,2865000,8.6,1274.0,0.847,408.36,63.78,92.94,4.56,0.838,0.071,0.106,0.28,0
2026-05-17,A046,Team Davao D,Davao,Healthcare,Day,Voice,Benefits,new,2026-05,2865000,8.6,1353.0,0.857,466.2,72.46,90.42,4.56,0.827,0.075,0.105,0.43,0
2026-05-17,A047,Team Davao D,Davao,Healthcare,Swing,Voice,Benefits,steady,2026-05,2865000,8.6,1431.0,0.867,433.15,67.5,91.86,4.56,0.833,0.079,0.101,0.58,0
2026-05-17,A048,Team Davao D,Davao,Healthcare,Night,Voice,Benefits,senior,2026-05,2865000,8.6,1510.0,0.877,408.36,63.78,92.94,4.56,0.838,0.083,0.1,0.73,0
2026-05-18,A001,Team Manila A,Manila,Telco,Day,Voice,Retention,new,2026-05,2865000,8.6,1826.0,0.848,488.69,73.66,90.24,4.52,0.825,0.075,0.105,0.36,0
2026-05-18,A002,Team Manila A,Manila,Telco,Swing,Voice,Retention,steady,2026-05,2865000,8.6,1955.0,0.858,454.35,68.7,91.68,4.52,0.831,0.079,0.101,0.51,0
2026-05-18,A003,Team Manila A,Manila,Telco,Night,Voice,Retention,senior,2026-05,2865000,8.6,2084.0,0.868,428.59,64.98,92.76,4.52,0.836,0.083,0.1,0.66,1
2026-05-18,A004,Team Manila A,Manila,Telco,Day,Voice,Retention,new,2026-05,2865000,8.6,2213.0,0.878,488.69,73.66,90.24,4.52,0.825,0.087,0.114,0.81,0
2026-05-18,A005,Team Manila A,Manila,Telco,Swing,Voice,Retention,steady,2026-05,2865000,8.6,2342.0,0.848,454.35,68.7,91.68,4.52,0.831,0.075,0.11,0.36,0
2026-05-18,A006,Team Manila A,Manila,Telco,Night,Voice,Retention,senior,2026-05,2865000,8.6,2471.0,0.858,428.59,64.98,92.76,4.52,0.836,0.079,0.094,0.51,0
2026-05-18,A007,Team Manila A,Manila,Telco,Day,Voice,Retention,new,2026-05,2865000,8.6,1826.0,0.868,488.69,73.66,90.24,4.52,0.825,0.083,0.108,0.66,0
2026-05-18,A008,Team Manila A,Manila,Telco,Swing,Voice,Retention,steady,2026-05,2865000,8.6,1955.0,0.878,454.35,68.7,91.68,4.52,0.831,0.087,0.104,0.81,0
2026-05-18,A009,Team Manila A,Manila,Telco,Night,Voice,Retention,senior,2026-05,2865000,8.6,2084.0,0.848,428.59,64.98,92.76,4.52,0.836,0.075,0.103,0.36,0
2026-05-18,A010,Team Manila A,Manila,Telco,Day,Voice,Retention,new,2026-05,2865000,8.6,2213.0,0.858,488.69,73.66,90.24,4.52,0.825,0.079,0.117,0.51,0
2026-05-18,A011,Team Manila A,Manila,Telco,Swing,Voice,Retention,steady,2026-05,2865000,8.6,2342.0,0.868,454.35,68.7,91.68,4.52,0.831,0.083,0.098,0.66,0
2026-05-18,A012,Team Manila A,Manila,Telco,Night,Voice,Retention,senior,2026-05,2865000,8.6,2471.0,0.878,428.59,64.98,92.76,4.52,0.836,0.087,0.097,0.81,0
2026-05-18,A013,Team Manila B,Manila,Retail,Day,Voice,Order Support,new,2026-05,2865000,8.6,1826.0,0.845,453.7,73.66,90.24,4.57,0.829,0.066,0.111,0.36,0
2026-05-18,A014,Team Manila B,Manila,Retail,Swing,Voice,Order Support,steady,2026-05,2865000,8.6,1955.0,0.855,421.95,68.7,91.68,4.57,0.835,0.07,0.107,0.51,0
2026-05-18,A015,Team Manila B,Manila,Retail,Night,Voice,Order Support,senior,2026-05,2865000,8.6,2084.0,0.865,398.14,64.98,92.76,4.57,0.84,0.074,0.106,0.66,0
2026-05-18,A016,Team Manila B,Manila,Retail,Day,Voice,Order Support,new,2026-05,2865000,8.6,2213.0,0.875,453.7,73.66,90.24,4.57,0.829,0.078,0.105,0.81,0
2026-05-18,A017,Team Manila B,Manila,Retail,Swing,Voice,Order Support,steady,2026-05,2865000,8.6,2342.0,0.845,421.95,68.7,91.68,4.57,0.835,0.066,0.101,0.36,0
2026-05-18,A018,Team Manila B,Manila,Retail,Night,Voice,Order Support,senior,2026-05,2865000,8.6,2471.0,0.855,398.14,64.98,92.76,4.57,0.84,0.07,0.1,0.51,0
2026-05-18,A019,Team Manila B,Manila,Retail,Day,Voice,Order Support,new,2026-05,2865000,8.6,1826.0,0.865,453.7,73.66,90.24,4.57,0.829,0.074,0.114,0.66,0
2026-05-18,A020,Team Manila B,Manila,Retail,Swing,Voice,Order Support,steady,2026-05,2865000,8.6,1955.0,0.875,421.95,68.7,91.68,4.57,0.835,0.078,0.11,0.81,0
2026-05-18,A021,Team Manila B,Manila,Retail,Night,Voice,Order Support,senior,2026-05,2865000,8.6,2084.0,0.845,398.14,64.98,92.76,4.57,0.84,0.066,0.094,0.36,0
2026-05-18,A022,Team Manila B,Manila,Retail,Day,Voice,Order Support,new,2026-05,2865000,8.6,2213.0,0.855,453.7,73.66,90.24,4.57,0.829,0.07,0.108,0.51,0
2026-05-18,A023,Team Manila B,Manila,Retail,Swing,Voice,Order Support,steady,2026-05,2865000,8.6,2342.0,0.865,421.95,68.7,91.68,4.57,0.835,0.074,0.104,0.66,0
2026-05-18,A024,Team Manila B,Manila,Retail,Night,Voice,Order Support,senior,2026-05,2865000,8.6,2471.0,0.875,398.14,64.98,92.76,4.57,0.84,0.078,0.103,0.81,0
2026-05-18,A025,Team Cebu C,Cebu,Travel,Day,Voice,Reservations,new,2026-05,2865000,8.6,1826.0,0.85,506.19,73.66,90.24,4.49,0.823,0.08,0.117,0.36,0
2026-05-18,A026,Team Cebu C,Cebu,Travel,Swing,Voice,Reservations,steady,2026-05,2865000,8.6,1955.0,0.86,470.55,68.7,91.68,4.49,0.829,0.084,0.098,0.51,0
2026-05-18,A027,Team Cebu C,Cebu,Travel,Night,Voice,Reservations,senior,2026-05,2865000,8.6,2084.0,0.87,443.82,64.98,92.76,4.49,0.834,0.088,0.097,0.66,0
2026-05-18,A028,Team Cebu C,Cebu,Travel,Day,Voice,Reservations,new,2026-05,2865000,8.6,2213.0,0.88,506.19,73.66,90.24,4.49,0.823,0.092,0.111,0.81,0
2026-05-18,A029,Team Cebu C,Cebu,Travel,Swing,Voice,Reservations,steady,2026-05,2865000,8.6,2342.0,0.85,470.55,68.7,91.68,4.49,0.829,0.08,0.107,0.36,0
2026-05-18,A030,Team Cebu C,Cebu,Travel,Night,Voice,Reservations,senior,2026-05,2865000,8.6,2471.0,0.86,443.82,64.98,92.76,4.49,0.834,0.084,0.106,0.51,0
2026-05-18,A031,Team Cebu C,Cebu,Travel,Day,Voice,Reservations,new,2026-05,2865000,8.6,1826.0,0.87,506.19,73.66,90.24,4.49,0.823,0.088,0.105,0.66,0
2026-05-18,A032,Team Cebu C,Cebu,Travel,Swing,Voice,Reservations,steady,2026-05,2865000,8.6,1955.0,0.88,470.55,68.7,91.68,4.49,0.829,0.092,0.101,0.81,0
2026-05-18,A033,Team Cebu C,Cebu,Travel,Night,Voice,Reservations,senior,2026-05,2865000,8.6,2084.0,0.85,443.82,64.98,92.76,4.49,0.834,0.08,0.1,0.36,0
2026-05-18,A034,Team Cebu C,Cebu,Travel,Day,Voice,Reservations,new,2026-05,2865000,8.6,2213.0,0.86,506.19,73.66,90.24,4.49,0.823,0.084,0.114,0.51,0
2026-05-18,A035,Team Cebu C,Cebu,Travel,Swing,Voice,Reservations,steady,2026-05,2865000,8.6,2342.0,0.87,470.55,68.7,91.68,4.49,0.829,0.088,0.11,0.66,0
2026-05-18,A036,Team Cebu C,Cebu,Travel,Night,Voice,Reservations,senior,2026-05,2865000,8.6,2471.0,0.88,443.82,64.98,92.76,4.49,0.834,0.092,0.094,0.81,0
2026-05-18,A037,Team Davao D,Davao,Healthcare,Day,Voice,Benefits,new,2026-05,2865000,8.6,1826.0,0.847,471.2,73.66,90.24,4.55,0.827,0.071,0.108,0.36,0
2026-05-18,A038,Team Davao D,Davao,Healthcare,Swing,Voice,Benefits,steady,2026-05,2865000,8.6,1955.0,0.857,438.15,68.7,91.68,4.55,0.833,0.075,0.104,0.51,0
2026-05-18,A039,Team Davao D,Davao,Healthcare,Night,Voice,Benefits,senior,2026-05,2865000,8.6,2084.0,0.867,413.36,64.98,92.76,4.55,0.838,0.079,0.103,0.66,0
2026-05-18,A040,Team Davao D,Davao,Healthcare,Day,Voice,Benefits,new,2026-05,2865000,8.6,2213.0,0.877,471.2,73.66,90.24,4.55,0.827,0.083,0.117,0.81,0
2026-05-18,A041,Team Davao D,Davao,Healthcare,Swing,Voice,Benefits,steady,2026-05,2865000,8.6,2342.0,0.847,438.15,68.7,91.68,4.55,0.833,0.071,0.098,0.36,0
2026-05-18,A042,Team Davao D,Davao,Healthcare,Night,Voice,Benefits,senior,2026-05,2865000,8.6,2471.0,0.857,413.36,64.98,92.76,4.55,0.838,0.075,0.097,0.51,0
2026-05-18,A043,Team Davao D,Davao,Healthcare,Day,Voice,Benefits,new,2026-05,2865000,8.6,1826.0,0.867,471.2,73.66,90.24,4.55,0.827,0.079,0.111,0.66,0
2026-05-18,A044,Team Davao D,Davao,Healthcare,Swing,Voice,Benefits,steady,2026-05,2865000,8.6,1955.0,0.877,438.15,68.7,91.68,4.55,0.833,0.083,0.107,0.81,0
2026-05-18,A045,Team Davao D,Davao,Healthcare,Night,Voice,Benefits,senior,2026-05,2865000,8.6,2084.0,0.847,413.36,64.98,92.76,4.55,0.838,0.071,0.106,0.36,0
2026-05-18,A046,Team Davao D,Davao,Healthcare,Day,Voice,Benefits,new,2026-05,2865000,8.6,2213.0,0.857,471.2,73.66,90.24,4.55,0.827,0.075,0.105,0.51,0
2026-05-18,A047,Team Davao D,Davao,Healthcare,Swing,Voice,Benefits,steady,2026-05,2865000,8.6,2342.0,0.867,438.15,68.7,91.68,4.55,0.833,0.079,0.101,0.66,0
2026-05-18,A048,Team Davao D,Davao,Healthcare,Night,Voice,Benefits,senior,2026-05,2865000,8.6,2471.0,0.877,413.36,64.98,92.76,4.55,0.838,0.083,0.1,0.81,0
2026-05-19,A001,Team Manila A,Manila,Telco,Day,Voice,Retention,new,2026-05,2865000,8.6,1759.0,0.848,493.69,74.86,90.06,4.51,0.825,0.075,0.105,0.44,0
2026-05-19,A002,Team Manila A,Manila,Telco,Swing,Voice,Retention,steady,2026-05,2865000,8.6,1883.0,0.858,459.35,69.9,91.5,4.51,0.831,0.079,0.101,0.59,0
2026-05-19,A003,Team Manila A,Manila,Telco,Night,Voice,Retention,senior,2026-05,2865000,8.6,2007.0,0.868,433.59,66.18,92.58,4.51,0.836,0.083,0.1,0.74,0
2026-05-19,A004,Team Manila A,Manila,Telco,Day,Voice,Retention,new,2026-05,2865000,8.6,2131.0,0.878,493.69,74.86,90.06,4.51,0.825,0.087,0.114,0.89,0
2026-05-19,A005,Team Manila A,Manila,Telco,Swing,Voice,Retention,steady,2026-05,2865000,8.6,2255.0,0.848,459.35,69.9,91.5,4.51,0.831,0.075,0.11,0.44,0
2026-05-19,A006,Team Manila A,Manila,Telco,Night,Voice,Retention,senior,2026-05,2865000,8.6,2380.0,0.858,433.59,66.18,92.58,4.51,0.836,0.079,0.094,0.59,0
2026-05-19,A007,Team Manila A,Manila,Telco,Day,Voice,Retention,new,2026-05,2865000,8.6,1759.0,0.868,493.69,74.86,90.06,4.51,0.825,0.083,0.108,0.74,0
2026-05-19,A008,Team Manila A,Manila,Telco,Swing,Voice,Retention,steady,2026-05,2865000,8.6,1883.0,0.878,459.35,69.9,91.5,4.51,0.831,0.087,0.104,0.89,0
2026-05-19,A009,Team Manila A,Manila,Telco,Night,Voice,Retention,senior,2026-05,2865000,8.6,2007.0,0.848,433.59,66.18,92.58,4.51,0.836,0.075,0.103,0.44,0
2026-05-19,A010,Team Manila A,Manila,Telco,Day,Voice,Retention,new,2026-05,2865000,8.6,2131.0,0.858,493.69,74.86,90.06,4.51,0.825,0.079,0.117,0.59,0
2026-05-19,A011,Team Manila A,Manila,Telco,Swing,Voice,Retention,steady,2026-05,2865000,8.6,2255.0,0.868,459.35,69.9,91.5,4.51,0.831,0.083,0.098,0.74,0
2026-05-19,A012,Team Manila A,Manila,Telco,Night,Voice,Retention,senior,2026-05,2865000,8.6,2380.0,0.878,433.59,66.18,92.58,4.51,0.836,0.087,0.097,0.89,0
2026-05-19,A013,Team Manila B,Manila,Retail,Day,Voice,Order Support,new,2026-05,2865000,8.6,1759.0,0.845,458.7,74.86,90.06,4.56,0.829,0.066,0.111,0.44,0
2026-05-19,A014,Team Manila B,Manila,Retail,Swing,Voice,Order Support,steady,2026-05,2865000,8.6,1883.0,0.855,426.95,69.9,91.5,4.56,0.835,0.07,0.107,0.59,0
2026-05-19,A015,Team Manila B,Manila,Retail,Night,Voice,Order Support,senior,2026-05,2865000,8.6,2007.0,0.865,403.14,66.18,92.58,4.56,0.84,0.074,0.106,0.74,0
2026-05-19,A016,Team Manila B,Manila,Retail,Day,Voice,Order Support,new,2026-05,2865000,8.6,2131.0,0.875,458.7,74.86,90.06,4.56,0.829,0.078,0.105,0.89,0
2026-05-19,A017,Team Manila B,Manila,Retail,Swing,Voice,Order Support,steady,2026-05,2865000,8.6,2255.0,0.845,426.95,69.9,91.5,4.56,0.835,0.066,0.101,0.44,0
2026-05-19,A018,Team Manila B,Manila,Retail,Night,Voice,Order Support,senior,2026-05,2865000,8.6,2380.0,0.855,403.14,66.18,92.58,4.56,0.84,0.07,0.1,0.59,0
2026-05-19,A019,Team Manila B,Manila,Retail,Day,Voice,Order Support,new,2026-05,2865000,8.6,1759.0,0.865,458.7,74.86,90.06,4.56,0.829,0.074,0.114,0.74,0
2026-05-19,A020,Team Manila B,Manila,Retail,Swing,Voice,Order Support,steady,2026-05,2865000,8.6,1883.0,0.875,426.95,69.9,91.5,4.56,0.835,0.078,0.11,0.89,0
2026-05-19,A021,Team Manila B,Manila,Retail,Night,Voice,Order Support,senior,2026-05,2865000,8.6,2007.0,0.845,403.14,66.18,92.58,4.56,0.84,0.066,0.094,0.44,0
2026-05-19,A022,Team Manila B,Manila,Retail,Day,Voice,Order Support,new,2026-05,2865000,8.6,2131.0,0.855,458.7,74.86,90.06,4.56,0.829,0.07,0.108,0.59,0
2026-05-19,A023,Team Manila B,Manila,Retail,Swing,Voice,Order Support,steady,2026-05,2865000,8.6,2255.0,0.865,426.95,69.9,91.5,4.56,0.835,0.074,0.104,0.74,0
2026-05-19,A024,Team Manila B,Manila,Retail,Night,Voice,Order Support,senior,2026-05,2865000,8.6,2380.0,0.875,403.14,66.18,92.58,4.56,0.84,0.078,0.103,0.89,0
2026-05-19,A025,Team Cebu C,Cebu,Travel,Day,Voice,Reservations,new,2026-05,2865000,8.6,1759.0,0.85,511.19,74.86,90.06,4.48,0.823,0.08,0.117,0.44,0
2026-05-19,A026,Team Cebu C,Cebu,Travel,Swing,Voice,Reservations,steady,2026-05,2865000,8.6,1883.0,0.86,475.55,69.9,91.5,4.48,0.829,0.084,0.098,0.59,0
2026-05-19,A027,Team Cebu C,Cebu,Travel,Night,Voice,Reservations,senior,2026-05,2865000,8.6,2007.0,0.87,448.82,66.18,92.58,4.48,0.834,0.088,0.097,0.74,0
2026-05-19,A028,Team Cebu C,Cebu,Travel,Day,Voice,Reservations,new,2026-05,2865000,8.6,2131.0,0.88,511.19,74.86,90.06,4.48,0.823,0.092,0.111,0.89,0
2026-05-19,A029,Team Cebu C,Cebu,Travel,Swing,Voice,Reservations,steady,2026-05,2865000,8.6,2255.0,0.85,475.55,69.9,91.5,4.48,0.829,0.08,0.107,0.44,0
2026-05-19,A030,Team Cebu C,Cebu,Travel,Night,Voice,Reservations,senior,2026-05,2865000,8.6,2380.0,0.86,448.82,66.18,92.58,4.48,0.834,0.084,0.106,0.59,0
2026-05-19,A031,Team Cebu C,Cebu,Travel,Day,Voice,Reservations,new,2026-05,2865000,8.6,1759.0,0.87,511.19,74.86,90.06,4.48,0.823,0.088,0.105,0.74,0
2026-05-19,A032,Team Cebu C,Cebu,Travel,Swing,Voice,Reservations,steady,2026-05,2865000,8.6,1883.0,0.88,475.55,69.9,91.5,4.48,0.829,0.092,0.101,0.89,0
2026-05-19,A033,Team Cebu C,Cebu,Travel,Night,Voice,Reservations,senior,2026-05,2865000,8.6,2007.0,0.85,448.82,66.18,92.58,4.48,0.834,0.08,0.1,0.44,0
2026-05-19,A034,Team Cebu C,Cebu,Travel,Day,Voice,Reservations,new,2026-05,2865000,8.6,2131.0,0.86,511.19,74.86,90.06,4.48,0.823,0.084,0.114,0.59,0
2026-05-19,A035,Team Cebu C,Cebu,Travel,Swing,Voice,Reservations,steady,2026-05,2865000,8.6,2255.0,0.87,475.55,69.9,91.5,4.48,0.829,0.088,0.11,0.74,0
2026-05-19,A036,Team Cebu C,Cebu,Travel,Night,Voice,Reservations,senior,2026-05,2865000,8.6,2380.0,0.88,448.82,66.18,92.58,4.48,0.834,0.092,0.094,0.89,0
2026-05-19,A037,Team Davao D,Davao,Healthcare,Day,Voice,Benefits,new,2026-05,2865000,8.6,1759.0,0.847,476.2,74.86,90.06,4.54,0.827,0.071,0.108,0.44,0
2026-05-19,A038,Team Davao D,Davao,Healthcare,Swing,Voice,Benefits,steady,2026-05,2865000,8.6,1883.0,0.857,443.15,69.9,91.5,4.54,0.833,0.075,0.104,0.59,1
2026-05-19,A039,Team Davao D,Davao,Healthcare,Night,Voice,Benefits,senior,2026-05,2865000,8.6,2007.0,0.867,418.36,66.18,92.58,4.54,0.838,0.079,0.103,0.74,0
2026-05-19,A040,Team Davao D,Davao,Healthcare,Day,Voice,Benefits,new,2026-05,2865000,8.6,2131.0,0.877,476.2,74.86,90.06,4.54,0.827,0.083,0.117,0.89,0
2026-05-19,A041,Team Davao D,Davao,Healthcare,Swing,Voice,Benefits,steady,2026-05,2865000,8.6,2255.0,0.847,443.15,69.9,91.5,4.54,0.833,0.071,0.098,0.44,0
2026-05-19,A042,Team Davao D,Davao,Healthcare,Night,Voice,Benefits,senior,2026-05,2865000,8.6,2380.0,0.857,418.36,66.18,92.58,4.54,0.838,0.075,0.097,0.59,0
2026-05-19,A043,Team Davao D,Davao,Healthcare,Day,Voice,Benefits,new,2026-05,2865000,8.6,1759.0,0.867,476.2,74.86,90.06,4.54,0.827,0.079,0.111,0.74,0
2026-05-19,A044,Team Davao D,Davao,Healthcare,Swing,Voice,Benefits,steady,2026-05,2865000,8.6,1883.0,0.877,443.15,69.9,91.5,4.54,0.833,0.083,0.107,0.89,0
2026-05-19,A045,Team Davao D,Davao,Healthcare,Night,Voice,Benefits,senior,2026-05,2865000,8.6,2007.0,0.847,418.36,66.18,92.58,4.54,0.838,0.071,0.106,0.44,0
2026-05-19,A046,Team Davao D,Davao,Healthcare,Day,Voice,Benefits,new,2026-05,2865000,8.6,2131.0,0.857,476.2,74.86,90.06,4.54,0.827,0.075,0.105,0.59,0
2026-05-19,A047,Team Davao D,Davao,Healthcare,Swing,Voice,Benefits,steady,2026-05,2865000,8.6,2255.0,0.867,443.15,69.9,91.5,4.54,0.833,0.079,0.101,0.74,0
2026-05-19,A048,Team Davao D,Davao,Healthcare,Night,Voice,Benefits,senior,2026-05,2865000,8.6,2380.0,0.877,418.36,66.18,92.58,4.54,0.838,0.083,0.1,0.89,0
2026-05-20,A001,Team Manila A,Manila,Telco,Day,Voice,Retention,new,2026-05,2865000,8.6,1691.0,0.848,463.69,67.66,90.06,4.51,0.825,0.075,0.105,0.2,0
2026-05-20,A002,Team Manila A,Manila,Telco,Swing,Voice,Retention,steady,2026-05,2865000,8.6,1811.0,0.858,429.35,62.7,91.5,4.51,0.831,0.079,0.101,0.35,0
2026-05-20,A003,Team Manila A,Manila,Telco,Night,Voice,Retention,senior,2026-05,2865000,8.6,1930.0,0.868,403.59,58.98,92.58,4.51,0.836,0.083,0.1,0.5,0
2026-05-20,A004,Team Manila A,Manila,Telco,Day,Voice,Retention,new,2026-05,2865000,8.6,2049.0,0.878,463.69,67.66,90.06,4.51,0.825,0.087,0.114,0.65,0
2026-05-20,A005,Team Manila A,Manila,Telco,Swing,Voice,Retention,steady,2026-05,2865000,8.6,2169.0,0.848,429.35,62.7,91.5,4.51,0.831,0.075,0.11,0.2,0
2026-05-20,A006,Team Manila A,Manila,Telco,Night,Voice,Retention,senior,2026-05,2865000,8.6,2288.0,0.858,403.59,58.98,92.58,4.51,0.836,0.079,0.094,0.35,0
2026-05-20,A007,Team Manila A,Manila,Telco,Day,Voice,Retention,new,2026-05,2865000,8.6,1691.0,0.868,463.69,67.66,90.06,4.51,0.825,0.083,0.108,0.5,0
2026-05-20,A008,Team Manila A,Manila,Telco,Swing,Voice,Retention,steady,2026-05,2865000,8.6,1811.0,0.878,429.35,62.7,91.5,4.51,0.831,0.087,0.104,0.65,0
2026-05-20,A009,Team Manila A,Manila,Telco,Night,Voice,Retention,senior,2026-05,2865000,8.6,1930.0,0.848,403.59,58.98,92.58,4.51,0.836,0.075,0.103,0.2,0
2026-05-20,A010,Team Manila A,Manila,Telco,Day,Voice,Retention,new,2026-05,2865000,8.6,2049.0,0.858,463.69,67.66,90.06,4.51,0.825,0.079,0.117,0.35,0
2026-05-20,A011,Team Manila A,Manila,Telco,Swing,Voice,Retention,steady,2026-05,2865000,8.6,2169.0,0.868,429.35,62.7,91.5,4.51,0.831,0.083,0.098,0.5,0
2026-05-20,A012,Team Manila A,Manila,Telco,Night,Voice,Retention,senior,2026-05,2865000,8.6,2288.0,0.878,403.59,58.98,92.58,4.51,0.836,0.087,0.097,0.65,0
2026-05-20,A013,Team Manila B,Manila,Retail,Day,Voice,Order Support,new,2026-05,2865000,8.6,1691.0,0.845,428.7,67.66,90.06,4.56,0.829,0.066,0.111,0.2,0
2026-05-20,A014,Team Manila B,Manila,Retail,Swing,Voice,Order Support,steady,2026-05,2865000,8.6,1811.0,0.855,396.95,62.7,91.5,4.56,0.835,0.07,0.107,0.35,0
2026-05-20,A015,Team Manila B,Manila,Retail,Night,Voice,Order Support,senior,2026-05,2865000,8.6,1930.0,0.865,373.14,58.98,92.58,4.56,0.84,0.074,0.106,0.5,0
2026-05-20,A016,Team Manila B,Manila,Retail,Day,Voice,Order Support,new,2026-05,2865000,8.6,2049.0,0.875,428.7,67.66,90.06,4.56,0.829,0.078,0.105,0.65,0
2026-05-20,A017,Team Manila B,Manila,Retail,Swing,Voice,Order Support,steady,2026-05,2865000,8.6,2169.0,0.845,396.95,62.7,91.5,4.56,0.835,0.066,0.101,0.2,0
2026-05-20,A018,Team Manila B,Manila,Retail,Night,Voice,Order Support,senior,2026-05,2865000,8.6,2288.0,0.855,373.14,58.98,92.58,4.56,0.84,0.07,0.1,0.35,0
2026-05-20,A019,Team Manila B,Manila,Retail,Day,Voice,Order Support,new,2026-05,2865000,8.6,1691.0,0.865,428.7,67.66,90.06,4.56,0.829,0.074,0.114,0.5,0
2026-05-20,A020,Team Manila B,Manila,Retail,Swing,Voice,Order Support,steady,2026-05,2865000,8.6,1811.0,0.875,396.95,62.7,91.5,4.56,0.835,0.078,0.11,0.65,1
2026-05-20,A021,Team Manila B,Manila,Retail,Night,Voice,Order Support,senior,2026-05,2865000,8.6,1930.0,0.845,373.14,58.98,92.58,4.56,0.84,0.066,0.094,0.2,0
2026-05-20,A022,Team Manila B,Manila,Retail,Day,Voice,Order Support,new,2026-05,2865000,8.6,2049.0,0.855,428.7,67.66,90.06,4.56,0.829,0.07,0.108,0.35,0
2026-05-20,A023,Team Manila B,Manila,Retail,Swing,Voice,Order Support,steady,2026-05,2865000,8.6,2169.0,0.865,396.95,62.7,91.5,4.56,0.835,0.074,0.104,0.5,0
2026-05-20,A024,Team Manila B,Manila,Retail,Night,Voice,Order Support,senior,2026-05,2865000,8.6,2288.0,0.875,373.14,58.98,92.58,4.56,0.84,0.078,0.103,0.65,0
2026-05-20,A025,Team Cebu C,Cebu,Travel,Day,Voice,Reservations,new,2026-05,2865000,8.6,1691.0,0.85,481.19,67.66,90.06,4.48,0.823,0.08,0.117,0.2,0
2026-05-20,A026,Team Cebu C,Cebu,Travel,Swing,Voice,Reservations,steady,2026-05,2865000,8.6,1811.0,0.86,445.55,62.7,91.5,4.48,0.829,0.084,0.098,0.35,0
2026-05-20,A027,Team Cebu C,Cebu,Travel,Night,Voice,Reservations,senior,2026-05,2865000,8.6,1930.0,0.87,418.82,58.98,92.58,4.48,0.834,0.088,0.097,0.5,0
2026-05-20,A028,Team Cebu C,Cebu,Travel,Day,Voice,Reservations,new,2026-05,2865000,8.6,2049.0,0.88,481.19,67.66,90.06,4.48,0.823,0.092,0.111,0.65,0
2026-05-20,A029,Team Cebu C,Cebu,Travel,Swing,Voice,Reservations,steady,2026-05,2865000,8.6,2169.0,0.85,445.55,62.7,91.5,4.48,0.829,0.08,0.107,0.2,0
2026-05-20,A030,Team Cebu C,Cebu,Travel,Night,Voice,Reservations,senior,2026-05,2865000,8.6,2288.0,0.86,418.82,58.98,92.58,4.48,0.834,0.084,0.106,0.35,0
2026-05-20,A031,Team Cebu C,Cebu,Travel,Day,Voice,Reservations,new,2026-05,2865000,8.6,1691.0,0.87,481.19,67.66,90.06,4.48,0.823,0.088,0.105,0.5,0
2026-05-20,A032,Team Cebu C,Cebu,Travel,Swing,Voice,Reservations,steady,2026-05,2865000,8.6,1811.0,0.88,445.55,62.7,91.5,4.48,0.829,0.092,0.101,0.65,0
2026-05-20,A033,Team Cebu C,Cebu,Travel,Night,Voice,Reservations,senior,2026-05,2865000,8.6,1930.0,0.85,418.82,58.98,92.58,4.48,0.834,0.08,0.1,0.2,0
2026-05-20,A034,Team Cebu C,Cebu,Travel,Day,Voice,Reservations,new,2026-05,2865000,8.6,2049.0,0.86,481.19,67.66,90.06,4.48,0.823,0.084,0.114,0.35,0
2026-05-20,A035,Team Cebu C,Cebu,Travel,Swing,Voice,Reservations,steady,2026-05,2865000,8.6,2169.0,0.87,445.55,62.7,91.5,4.48,0.829,0.088,0.11,0.5,0
2026-05-20,A036,Team Cebu C,Cebu,Travel,Night,Voice,Reservations,senior,2026-05,2865000,8.6,2288.0,0.88,418.82,58.98,92.58,4.48,0.834,0.092,0.094,0.65,0
2026-05-20,A037,Team Davao D,Davao,Healthcare,Day,Voice,Benefits,new,2026-05,2865000,8.6,1691.0,0.847,446.2,67.66,90.06,4.54,0.827,0.071,0.108,0.2,0
2026-05-20,A038,Team Davao D,Davao,Healthcare,Swing,Voice,Benefits,steady,2026-05,2865000,8.6,1811.0,0.857,413.15,62.7,91.5,4.54,0.833,0.075,0.104,0.35,0
2026-05-20,A039,Team Davao D,Davao,Healthcare,Night,Voice,Benefits,senior,2026-05,2865000,8.6,1930.0,0.867,388.36,58.98,92.58,4.54,0.838,0.079,0.103,0.5,0
2026-05-20,A040,Team Davao D,Davao,Healthcare,Day,Voice,Benefits,new,2026-05,2865000,8.6,2049.0,0.877,446.2,67.66,90.06,4.54,0.827,0.083,0.117,0.65,0
2026-05-20,A041,Team Davao D,Davao,Healthcare,Swing,Voice,Benefits,steady,2026-05,2865000,8.6,2169.0,0.847,413.15,62.7,91.5,4.54,0.833,0.071,0.098,0.2,0
2026-05-20,A042,Team Davao D,Davao,Healthcare,Night,Voice,Benefits,senior,2026-05,2865000,8.6,2288.0,0.857,388.36,58.98,92.58,4.54,0.838,0.075,0.097,0.35,0
2026-05-20,A043,Team Davao D,Davao,Healthcare,Day,Voice,Benefits,new,2026-05,2865000,8.6,1691.0,0.867,446.2,67.66,90.06,4.54,0.827,0.079,0.111,0.5,0
2026-05-20,A044,Team Davao D,Davao,Healthcare,Swing,Voice,Benefits,steady,2026-05,2865000,8.6,1811.0,0.877,413.15,62.7,91.5,4.54,0.833,0.083,0.107,0.65,0
2026-05-20,A045,Team Davao D,Davao,Healthcare,Night,Voice,Benefits,senior,2026-05,2865000,8.6,1930.0,0.847,388.36,58.98,92.58,4.54,0.838,0.071,0.106,0.2,0
2026-05-20,A046,Team Davao D,Davao,Healthcare,Day,Voice,Benefits,new,2026-05,2865000,8.6,2049.0,0.857,446.2,67.66,90.06,4.54,0.827,0.075,0.105,0.35,0
2026-05-20,A047,Team Davao D,Davao,Healthcare,Swing,Voice,Benefits,steady,2026-05,2865000,8.6,2169.0,0.867,413.15,62.7,91.5,4.54,0.833,0.079,0.101,0.5,0
2026-05-20,A048,Team Davao D,Davao,Healthcare,Night,Voice,Benefits,senior,2026-05,2865000,8.6,2288.0,0.877,388.36,58.98,92.58,4.54,0.838,0.083,0.1,0.65,0
2026-05-21,A001,Team Manila A,Manila,Telco,Day,Voice,Retention,new,2026-05,2865000,8.6,1674.0,0.848,468.69,68.86,90.24,4.52,0.825,0.075,0.105,0.2,0
2026-05-21,A002,Team Manila A,Manila,Telco,Swing,Voice,Retention,steady,2026-05,2865000,8.6,1792.0,0.858,434.35,63.9,91.68,4.52,0.831,0.079,0.101,0.35,1
2026-05-21,A003,Team Manila A,Manila,Telco,Night,Voice,Retention,senior,2026-05,2865000,8.6,1911.0,0.868,408.59,60.18,92.76,4.52,0.836,0.083,0.1,0.5,0
2026-05-21,A004,Team Manila A,Manila,Telco,Day,Voice,Retention,new,2026-05,2865000,8.6,2029.0,0.878,468.69,68.86,90.24,4.52,0.825,0.087,0.114,0.65,0
2026-05-21,A005,Team Manila A,Manila,Telco,Swing,Voice,Retention,steady,2026-05,2865000,8.6,2147.0,0.848,434.35,63.9,91.68,4.52,0.831,0.075,0.11,0.2,0
2026-05-21,A006,Team Manila A,Manila,Telco,Night,Voice,Retention,senior,2026-05,2865000,8.6,2265.0,0.858,408.59,60.18,92.76,4.52,0.836,0.079,0.094,0.35,0
2026-05-21,A007,Team Manila A,Manila,Telco,Day,Voice,Retention,new,2026-05,2865000,8.6,1674.0,0.868,468.69,68.86,90.24,4.52,0.825,0.083,0.108,0.5,0
2026-05-21,A008,Team Manila A,Manila,Telco,Swing,Voice,Retention,steady,2026-05,2865000,8.6,1792.0,0.878,434.35,63.9,91.68,4.52,0.831,0.087,0.104,0.65,0
2026-05-21,A009,Team Manila A,Manila,Telco,Night,Voice,Retention,senior,2026-05,2865000,8.6,1911.0,0.848,408.59,60.18,92.76,4.52,0.836,0.075,0.103,0.2,0
2026-05-21,A010,Team Manila A,Manila,Telco,Day,Voice,Retention,new,2026-05,2865000,8.6,2029.0,0.858,468.69,68.86,90.24,4.52,0.825,0.079,0.117,0.35,0
2026-05-21,A011,Team Manila A,Manila,Telco,Swing,Voice,Retention,steady,2026-05,2865000,8.6,2147.0,0.868,434.35,63.9,91.68,4.52,0.831,0.083,0.098,0.5,0
2026-05-21,A012,Team Manila A,Manila,Telco,Night,Voice,Retention,senior,2026-05,2865000,8.6,2265.0,0.878,408.59,60.18,92.76,4.52,0.836,0.087,0.097,0.65,0
2026-05-21,A013,Team Manila B,Manila,Retail,Day,Voice,Order Support,new,2026-05,2865000,8.6,1674.0,0.845,433.7,68.86,90.24,4.57,0.829,0.066,0.111,0.2,0
2026-05-21,A014,Team Manila B,Manila,Retail,Swing,Voice,Order Support,steady,2026-05,2865000,8.6,1792.0,0.855,401.95,63.9,91.68,4.57,0.835,0.07,0.107,0.35,0
2026-05-21,A015,Team Manila B,Manila,Retail,Night,Voice,Order Support,senior,2026-05,2865000,8.6,1911.0,0.865,378.14,60.18,92.76,4.57,0.84,0.074,0.106,0.5,0
2026-05-21,A016,Team Manila B,Manila,Retail,Day,Voice,Order Support,new,2026-05,2865000,8.6,2029.0,0.875,433.7,68.86,90.24,4.57,0.829,0.078,0.105,0.65,0
2026-05-21,A017,Team Manila B,Manila,Retail,Swing,Voice,Order Support,steady,2026-05,2865000,8.6,2147.0,0.845,401.95,63.9,91.68,4.57,0.835,0.066,0.101,0.2,0
2026-05-21,A018,Team Manila B,Manila,Retail,Night,Voice,Order Support,senior,2026-05,2865000,8.6,2265.0,0.855,378.14,60.18,92.76,4.57,0.84,0.07,0.1,0.35,0
2026-05-21,A019,Team Manila B,Manila,Retail,Day,Voice,Order Support,new,2026-05,2865000,8.6,1674.0,0.865,433.7,68.86,90.24,4.57,0.829,0.074,0.114,0.5,0
2026-05-21,A020,Team Manila B,Manila,Retail,Swing,Voice,Order Support,steady,2026-05,2865000,8.6,1792.0,0.875,401.95,63.9,91.68,4.57,0.835,0.078,0.11,0.65,0
2026-05-21,A021,Team Manila B,Manila,Retail,Night,Voice,Order Support,senior,2026-05,2865000,8.6,1911.0,0.845,378.14,60.18,92.76,4.57,0.84,0.066,0.094,0.2,0
2026-05-21,A022,Team Manila B,Manila,Retail,Day,Voice,Order Support,new,2026-05,2865000,8.6,2029.0,0.855,433.7,68.86,90.24,4.57,0.829,0.07,0.108,0.35,0
2026-05-21,A023,Team Manila B,Manila,Retail,Swing,Voice,Order Support,steady,2026-05,2865000,8.6,2147.0,0.865,401.95,63.9,91.68,4.57,0.835,0.074,0.104,0.5,0
2026-05-21,A024,Team Manila B,Manila,Retail,Night,Voice,Order Support,senior,2026-05,2865000,8.6,2265.0,0.875,378.14,60.18,92.76,4.57,0.84,0.078,0.103,0.65,0
2026-05-21,A025,Team Cebu C,Cebu,Travel,Day,Voice,Reservations,new,2026-05,2865000,8.6,1674.0,0.85,486.19,68.86,90.24,4.49,0.823,0.08,0.117,0.2,0
2026-05-21,A026,Team Cebu C,Cebu,Travel,Swing,Voice,Reservations,steady,2026-05,2865000,8.6,1792.0,0.86,450.55,63.9,91.68,4.49,0.829,0.084,0.098,0.35,0
2026-05-21,A027,Team Cebu C,Cebu,Travel,Night,Voice,Reservations,senior,2026-05,2865000,8.6,1911.0,0.87,423.82,60.18,92.76,4.49,0.834,0.088,0.097,0.5,0
2026-05-21,A028,Team Cebu C,Cebu,Travel,Day,Voice,Reservations,new,2026-05,2865000,8.6,2029.0,0.88,486.19,68.86,90.24,4.49,0.823,0.092,0.111,0.65,0
2026-05-21,A029,Team Cebu C,Cebu,Travel,Swing,Voice,Reservations,steady,2026-05,2865000,8.6,2147.0,0.85,450.55,63.9,91.68,4.49,0.829,0.08,0.107,0.2,0
2026-05-21,A030,Team Cebu C,Cebu,Travel,Night,Voice,Reservations,senior,2026-05,2865000,8.6,2265.0,0.86,423.82,60.18,92.76,4.49,0.834,0.084,0.106,0.35,0
2026-05-21,A031,Team Cebu C,Cebu,Travel,Day,Voice,Reservations,new,2026-05,2865000,8.6,1674.0,0.87,486.19,68.86,90.24,4.49,0.823,0.088,0.105,0.5,0
2026-05-21,A032,Team Cebu C,Cebu,Travel,Swing,Voice,Reservations,steady,2026-05,2865000,8.6,1792.0,0.88,450.55,63.9,91.68,4.49,0.829,0.092,0.101,0.65,0
2026-05-21,A033,Team Cebu C,Cebu,Travel,Night,Voice,Reservations,senior,2026-05,2865000,8.6,1911.0,0.85,423.82,60.18,92.76,4.49,0.834,0.08,0.1,0.2,0
2026-05-21,A034,Team Cebu C,Cebu,Travel,Day,Voice,Reservations,new,2026-05,2865000,8.6,2029.0,0.86,486.19,68.86,90.24,4.49,0.823,0.084,0.114,0.35,0
2026-05-21,A035,Team Cebu C,Cebu,Travel,Swing,Voice,Reservations,steady,2026-05,2865000,8.6,2147.0,0.87,450.55,63.9,91.68,4.49,0.829,0.088,0.11,0.5,0
2026-05-21,A036,Team Cebu C,Cebu,Travel,Night,Voice,Reservations,senior,2026-05,2865000,8.6,2265.0,0.88,423.82,60.18,92.76,4.49,0.834,0.092,0.094,0.65,0
2026-05-21,A037,Team Davao D,Davao,Healthcare,Day,Voice,Benefits,new,2026-05,2865000,8.6,1674.0,0.847,451.2,68.86,90.24,4.55,0.827,0.071,0.108,0.2,0
2026-05-21,A038,Team Davao D,Davao,Healthcare,Swing,Voice,Benefits,steady,2026-05,2865000,8.6,1792.0,0.857,418.15,63.9,91.68,4.55,0.833,0.075,0.104,0.35,0
2026-05-21,A039,Team Davao D,Davao,Healthcare,Night,Voice,Benefits,senior,2026-05,2865000,8.6,1911.0,0.867,393.36,60.18,92.76,4.55,0.838,0.079,0.103,0.5,0
2026-05-21,A040,Team Davao D,Davao,Healthcare,Day,Voice,Benefits,new,2026-05,2865000,8.6,2029.0,0.877,451.2,68.86,90.24,4.55,0.827,0.083,0.117,0.65,0
2026-05-21,A041,Team Davao D,Davao,Healthcare,Swing,Voice,Benefits,steady,2026-05,2865000,8.6,2147.0,0.847,418.15,63.9,91.68,4.55,0.833,0.071,0.098,0.2,0
2026-05-21,A042,Team Davao D,Davao,Healthcare,Night,Voice,Benefits,senior,2026-05,2865000,8.6,2265.0,0.857,393.36,60.18,92.76,4.55,0.838,0.075,0.097,0.35,0
2026-05-21,A043,Team Davao D,Davao,Healthcare,Day,Voice,Benefits,new,2026-05,2865000,8.6,1674.0,0.867,451.2,68.86,90.24,4.55,0.827,0.079,0.111,0.5,0
2026-05-21,A044,Team Davao D,Davao,Healthcare,Swing,Voice,Benefits,steady,2026-05,2865000,8.6,1792.0,0.877,418.15,63.9,91.68,4.55,0.833,0.083,0.107,0.65,0
2026-05-21,A045,Team Davao D,Davao,Healthcare,Night,Voice,Benefits,senior,2026-05,2865000,8.6,1911.0,0.847,393.36,60.18,92.76,4.55,0.838,0.071,0.106,0.2,0
2026-05-21,A046,Team Davao D,Davao,Healthcare,Day,Voice,Benefits,new,2026-05,2865000,8.6,2029.0,0.857,451.2,68.86,90.24,4.55,0.827,0.075,0.105,0.35,0
2026-05-21,A047,Team Davao D,Davao,Healthcare,Swing,Voice,Benefits,steady,2026-05,2865000,8.6,2147.0,0.867,418.15,63.9,91.68,4.55,0.833,0.079,0.101,0.5,0
2026-05-21,A048,Team Davao D,Davao,Healthcare,Night,Voice,Benefits,senior,2026-05,2865000,8.6,2265.0,0.877,393.36,60.18,92.76,4.55,0.838,0.083,0.1,0.65,0
2026-05-22,A001,Team Manila A,Manila,Telco,Day,Voice,Retention,new,2026-05,2865000,8.6,1590.0,0.848,473.69,70.06,90.42,4.53,0.825,0.075,0.105,0.2,0
2026-05-22,A002,Team Manila A,Manila,Telco,Swing,Voice,Retention,steady,2026-05,2865000,8.6,1702.0,0.858,439.35,65.1,91.86,4.53,0.831,0.079,0.101,0.35,0
2026-05-22,A003,Team Manila A,Manila,Telco,Night,Voice,Retention,senior,2026-05,2865000,8.6,1814.0,0.868,413.59,61.38,92.94,4.53,0.836,0.083,0.1,0.5,0
2026-05-22,A004,Team Manila A,Manila,Telco,Day,Voice,Retention,new,2026-05,2865000,8.6,1926.0,0.878,473.69,70.06,90.42,4.53,0.825,0.087,0.114,0.65,0
2026-05-22,A005,Team Manila A,Manila,Telco,Swing,Voice,Retention,steady,2026-05,2865000,8.6,2039.0,0.848,439.35,65.1,91.86,4.53,0.831,0.075,0.11,0.2,0
2026-05-22,A006,Team Manila A,Manila,Telco,Night,Voice,Retention,senior,2026-05,2865000,8.6,2151.0,0.858,413.59,61.38,92.94,4.53,0.836,0.079,0.094,0.35,0
2026-05-22,A007,Team Manila A,Manila,Telco,Day,Voice,Retention,new,2026-05,2865000,8.6,1590.0,0.868,473.69,70.06,90.42,4.53,0.825,0.083,0.108,0.5,0
2026-05-22,A008,Team Manila A,Manila,Telco,Swing,Voice,Retention,steady,2026-05,2865000,8.6,1702.0,0.878,439.35,65.1,91.86,4.53,0.831,0.087,0.104,0.65,0
2026-05-22,A009,Team Manila A,Manila,Telco,Night,Voice,Retention,senior,2026-05,2865000,8.6,1814.0,0.848,413.59,61.38,92.94,4.53,0.836,0.075,0.103,0.2,0
2026-05-22,A010,Team Manila A,Manila,Telco,Day,Voice,Retention,new,2026-05,2865000,8.6,1926.0,0.858,473.69,70.06,90.42,4.53,0.825,0.079,0.117,0.35,0
2026-05-22,A011,Team Manila A,Manila,Telco,Swing,Voice,Retention,steady,2026-05,2865000,8.6,2039.0,0.868,439.35,65.1,91.86,4.53,0.831,0.083,0.098,0.5,0
2026-05-22,A012,Team Manila A,Manila,Telco,Night,Voice,Retention,senior,2026-05,2865000,8.6,2151.0,0.878,413.59,61.38,92.94,4.53,0.836,0.087,0.097,0.65,0
2026-05-22,A013,Team Manila B,Manila,Retail,Day,Voice,Order Support,new,2026-05,2865000,8.6,1590.0,0.845,438.7,70.06,90.42,4.58,0.829,0.066,0.111,0.2,0
2026-05-22,A014,Team Manila B,Manila,Retail,Swing,Voice,Order Support,steady,2026-05,2865000,8.6,1702.0,0.855,406.95,65.1,91.86,4.58,0.835,0.07,0.107,0.35,0
2026-05-22,A015,Team Manila B,Manila,Retail,Night,Voice,Order Support,senior,2026-05,2865000,8.6,1814.0,0.865,383.14,61.38,92.94,4.58,0.84,0.074,0.106,0.5,0
2026-05-22,A016,Team Manila B,Manila,Retail,Day,Voice,Order Support,new,2026-05,2865000,8.6,1926.0,0.875,438.7,70.06,90.42,4.58,0.829,0.078,0.105,0.65,0
2026-05-22,A017,Team Manila B,Manila,Retail,Swing,Voice,Order Support,steady,2026-05,2865000,8.6,2039.0,0.845,406.95,65.1,91.86,4.58,0.835,0.066,0.101,0.2,0
2026-05-22,A018,Team Manila B,Manila,Retail,Night,Voice,Order Support,senior,2026-05,2865000,8.6,2151.0,0.855,383.14,61.38,92.94,4.58,0.84,0.07,0.1,0.35,0
2026-05-22,A019,Team Manila B,Manila,Retail,Day,Voice,Order Support,new,2026-05,2865000,8.6,1590.0,0.865,438.7,70.06,90.42,4.58,0.829,0.074,0.114,0.5,0
2026-05-22,A020,Team Manila B,Manila,Retail,Swing,Voice,Order Support,steady,2026-05,2865000,8.6,1702.0,0.875,406.95,65.1,91.86,4.58,0.835,0.078,0.11,0.65,0
2026-05-22,A021,Team Manila B,Manila,Retail,Night,Voice,Order Support,senior,2026-05,2865000,8.6,1814.0,0.845,383.14,61.38,92.94,4.58,0.84,0.066,0.094,0.2,0
2026-05-22,A022,Team Manila B,Manila,Retail,Day,Voice,Order Support,new,2026-05,2865000,8.6,1926.0,0.855,438.7,70.06,90.42,4.58,0.829,0.07,0.108,0.35,0
2026-05-22,A023,Team Manila B,Manila,Retail,Swing,Voice,Order Support,steady,2026-05,2865000,8.6,2039.0,0.865,406.95,65.1,91.86,4.58,0.835,0.074,0.104,0.5,0
2026-05-22,A024,Team Manila B,Manila,Retail,Night,Voice,Order Support,senior,2026-05,2865000,8.6,2151.0,0.875,383.14,61.38,92.94,4.58,0.84,0.078,0.103,0.65,0
2026-05-22,A025,Team Cebu C,Cebu,Travel,Day,Voice,Reservations,new,2026-05,2865000,8.6,1590.0,0.85,491.19,70.06,90.42,4.5,0.823,0.08,0.117,0.2,0
2026-05-22,A026,Team Cebu C,Cebu,Travel,Swing,Voice,Reservations,steady,2026-05,2865000,8.6,1702.0,0.86,455.55,65.1,91.86,4.5,0.829,0.084,0.098,0.35,0
2026-05-22,A027,Team Cebu C,Cebu,Travel,Night,Voice,Reservations,senior,2026-05,2865000,8.6,1814.0,0.87,428.82,61.38,92.94,4.5,0.834,0.088,0.097,0.5,0
2026-05-22,A028,Team Cebu C,Cebu,Travel,Day,Voice,Reservations,new,2026-05,2865000,8.6,1926.0,0.88,491.19,70.06,90.42,4.5,0.823,0.092,0.111,0.65,0
2026-05-22,A029,Team Cebu C,Cebu,Travel,Swing,Voice,Reservations,steady,2026-05,2865000,8.6,2039.0,0.85,455.55,65.1,91.86,4.5,0.829,0.08,0.107,0.2,0
2026-05-22,A030,Team Cebu C,Cebu,Travel,Night,Voice,Reservations,senior,2026-05,2865000,8.6,2151.0,0.86,428.82,61.38,92.94,4.5,0.834,0.084,0.106,0.35,0
2026-05-22,A031,Team Cebu C,Cebu,Travel,Day,Voice,Reservations,new,2026-05,2865000,8.6,1590.0,0.87,491.19,70.06,90.42,4.5,0.823,0.088,0.105,0.5,0
2026-05-22,A032,Team Cebu C,Cebu,Travel,Swing,Voice,Reservations,steady,2026-05,2865000,8.6,1702.0,0.88,455.55,65.1,91.86,4.5,0.829,0.092,0.101,0.65,0
2026-05-22,A033,Team Cebu C,Cebu,Travel,Night,Voice,Reservations,senior,2026-05,2865000,8.6,1814.0,0.85,428.82,61.38,92.94,4.5,0.834,0.08,0.1,0.2,0
2026-05-22,A034,Team Cebu C,Cebu,Travel,Day,Voice,Reservations,new,2026-05,2865000,8.6,1926.0,0.86,491.19,70.06,90.42,4.5,0.823,0.084,0.114,0.35,0
2026-05-22,A035,Team Cebu C,Cebu,Travel,Swing,Voice,Reservations,steady,2026-05,2865000,8.6,2039.0,0.87,455.55,65.1,91.86,4.5,0.829,0.088,0.11,0.5,0
2026-05-22,A036,Team Cebu C,Cebu,Travel,Night,Voice,Reservations,senior,2026-05,2865000,8.6,2151.0,0.88,428.82,61.38,92.94,4.5,0.834,0.092,0.094,0.65,0
2026-05-22,A037,Team Davao D,Davao,Healthcare,Day,Voice,Benefits,new,2026-05,2865000,8.6,1590.0,0.847,456.2,70.06,90.42,4.56,0.827,0.071,0.108,0.2,1
2026-05-22,A038,Team Davao D,Davao,Healthcare,Swing,Voice,Benefits,steady,2026-05,2865000,8.6,1702.0,0.857,423.15,65.1,91.86,4.56,0.833,0.075,0.104,0.35,0
2026-05-22,A039,Team Davao D,Davao,Healthcare,Night,Voice,Benefits,senior,2026-05,2865000,8.6,1814.0,0.867,398.36,61.38,92.94,4.56,0.838,0.079,0.103,0.5,0
2026-05-22,A040,Team Davao D,Davao,Healthcare,Day,Voice,Benefits,new,2026-05,2865000,8.6,1926.0,0.877,456.2,70.06,90.42,4.56,0.827,0.083,0.117,0.65,0
2026-05-22,A041,Team Davao D,Davao,Healthcare,Swing,Voice,Benefits,steady,2026-05,2865000,8.6,2039.0,0.847,423.15,65.1,91.86,4.56,0.833,0.071,0.098,0.2,0
2026-05-22,A042,Team Davao D,Davao,Healthcare,Night,Voice,Benefits,senior,2026-05,2865000,8.6,2151.0,0.857,398.36,61.38,92.94,4.56,0.838,0.075,0.097,0.35,0
2026-05-22,A043,Team Davao D,Davao,Healthcare,Day,Voice,Benefits,new,2026-05,2865000,8.6,1590.0,0.867,456.2,70.06,90.42,4.56,0.827,0.079,0.111,0.5,0
2026-05-22,A044,Team Davao D,Davao,Healthcare,Swing,Voice,Benefits,steady,2026-05,2865000,8.6,1702.0,0.877,423.15,65.1,91.86,4.56,0.833,0.083,0.107,0.65,0
2026-05-22,A045,Team Davao D,Davao,Healthcare,Night,Voice,Benefits,senior,2026-05,2865000,8.6,1814.0,0.847,398.36,61.38,92.94,4.56,0.838,0.071,0.106,0.2,0
2026-05-22,A046,Team Davao D,Davao,Healthcare,Day,Voice,Benefits,new,2026-05,2865000,8.6,1926.0,0.857,456.2,70.06,90.42,4.56,0.827,0.075,0.105,0.35,0
2026-05-22,A047,Team Davao D,Davao,Healthcare,Swing,Voice,Benefits,steady,2026-05,2865000,8.6,2039.0,0.867,423.15,65.1,91.86,4.56,0.833,0.079,0.101,0.5,0
2026-05-22,A048,Team Davao D,Davao,Healthcare,Night,Voice,Benefits,senior,2026-05,2865000,8.6,2151.0,0.877,398.36,61.38,92.94,4.56,0.838,0.083,0.1,0.65,0
2026-05-23,A001,Team Manila A,Manila,Telco,Day,Voice,Retention,new,2026-05,2865000,8.6,1218.0,0.848,478.69,71.26,90.6,4.54,0.825,0.075,0.105,0.2,0
2026-05-23,A002,Team Manila A,Manila,Telco,Swing,Voice,Retention,steady,2026-05,2865000,8.6,1304.0,0.858,444.35,66.3,92.04,4.54,0.831,0.079,0.101,0.35,0
2026-05-23,A003,Team Manila A,Manila,Telco,Night,Voice,Retention,senior,2026-05,2865000,8.6,1390.0,0.868,418.59,62.58,93.12,4.54,0.836,0.083,0.1,0.5,0
2026-05-23,A004,Team Manila A,Manila,Telco,Day,Voice,Retention,new,2026-05,2865000,8.6,1475.0,0.878,478.69,71.26,90.6,4.54,0.825,0.087,0.114,0.65,0
2026-05-23,A005,Team Manila A,Manila,Telco,Swing,Voice,Retention,steady,2026-05,2865000,8.6,1561.0,0.848,444.35,66.3,92.04,4.54,0.831,0.075,0.11,0.2,0
2026-05-23,A006,Team Manila A,Manila,Telco,Night,Voice,Retention,senior,2026-05,2865000,8.6,1647.0,0.858,418.59,62.58,93.12,4.54,0.836,0.079,0.094,0.35,0
2026-05-23,A007,Team Manila A,Manila,Telco,Day,Voice,Retention,new,2026-05,2865000,8.6,1218.0,0.868,478.69,71.26,90.6,4.54,0.825,0.083,0.108,0.5,0
2026-05-23,A008,Team Manila A,Manila,Telco,Swing,Voice,Retention,steady,2026-05,2865000,8.6,1304.0,0.878,444.35,66.3,92.04,4.54,0.831,0.087,0.104,0.65,0
2026-05-23,A009,Team Manila A,Manila,Telco,Night,Voice,Retention,senior,2026-05,2865000,8.6,1390.0,0.848,418.59,62.58,93.12,4.54,0.836,0.075,0.103,0.2,0
2026-05-23,A010,Team Manila A,Manila,Telco,Day,Voice,Retention,new,2026-05,2865000,8.6,1475.0,0.858,478.69,71.26,90.6,4.54,0.825,0.079,0.117,0.35,0
2026-05-23,A011,Team Manila A,Manila,Telco,Swing,Voice,Retention,steady,2026-05,2865000,8.6,1561.0,0.868,444.35,66.3,92.04,4.54,0.831,0.083,0.098,0.5,0
2026-05-23,A012,Team Manila A,Manila,Telco,Night,Voice,Retention,senior,2026-05,2865000,8.6,1647.0,0.878,418.59,62.58,93.12,4.54,0.836,0.087,0.097,0.65,0
2026-05-23,A013,Team Manila B,Manila,Retail,Day,Voice,Order Support,new,2026-05,2865000,8.6,1218.0,0.845,443.7,71.26,90.6,4.59,0.829,0.066,0.111,0.2,0
2026-05-23,A014,Team Manila B,Manila,Retail,Swing,Voice,Order Support,steady,2026-05,2865000,8.6,1304.0,0.855,411.95,66.3,92.04,4.59,0.835,0.07,0.107,0.35,0
2026-05-23,A015,Team Manila B,Manila,Retail,Night,Voice,Order Support,senior,2026-05,2865000,8.6,1390.0,0.865,388.14,62.58,93.12,4.59,0.84,0.074,0.106,0.5,0
2026-05-23,A016,Team Manila B,Manila,Retail,Day,Voice,Order Support,new,2026-05,2865000,8.6,1475.0,0.875,443.7,71.26,90.6,4.59,0.829,0.078,0.105,0.65,0
2026-05-23,A017,Team Manila B,Manila,Retail,Swing,Voice,Order Support,steady,2026-05,2865000,8.6,1561.0,0.845,411.95,66.3,92.04,4.59,0.835,0.066,0.101,0.2,0
2026-05-23,A018,Team Manila B,Manila,Retail,Night,Voice,Order Support,senior,2026-05,2865000,8.6,1647.0,0.855,388.14,62.58,93.12,4.59,0.84,0.07,0.1,0.35,0
2026-05-23,A019,Team Manila B,Manila,Retail,Day,Voice,Order Support,new,2026-05,2865000,8.6,1218.0,0.865,443.7,71.26,90.6,4.59,0.829,0.074,0.114,0.5,1
2026-05-23,A020,Team Manila B,Manila,Retail,Swing,Voice,Order Support,steady,2026-05,2865000,8.6,1304.0,0.875,411.95,66.3,92.04,4.59,0.835,0.078,0.11,0.65,0
2026-05-23,A021,Team Manila B,Manila,Retail,Night,Voice,Order Support,senior,2026-05,2865000,8.6,1390.0,0.845,388.14,62.58,93.12,4.59,0.84,0.066,0.094,0.2,0
2026-05-23,A022,Team Manila B,Manila,Retail,Day,Voice,Order Support,new,2026-05,2865000,8.6,1475.0,0.855,443.7,71.26,90.6,4.59,0.829,0.07,0.108,0.35,0
2026-05-23,A023,Team Manila B,Manila,Retail,Swing,Voice,Order Support,steady,2026-05,2865000,8.6,1561.0,0.865,411.95,66.3,92.04,4.59,0.835,0.074,0.104,0.5,0
2026-05-23,A024,Team Manila B,Manila,Retail,Night,Voice,Order Support,senior,2026-05,2865000,8.6,1647.0,0.875,388.14,62.58,93.12,4.59,0.84,0.078,0.103,0.65,0
2026-05-23,A025,Team Cebu C,Cebu,Travel,Day,Voice,Reservations,new,2026-05,2865000,8.6,1218.0,0.85,496.19,71.26,90.6,4.51,0.823,0.08,0.117,0.2,0
2026-05-23,A026,Team Cebu C,Cebu,Travel,Swing,Voice,Reservations,steady,2026-05,2865000,8.6,1304.0,0.86,460.55,66.3,92.04,4.51,0.829,0.084,0.098,0.35,0
2026-05-23,A027,Team Cebu C,Cebu,Travel,Night,Voice,Reservations,senior,2026-05,2865000,8.6,1390.0,0.87,433.82,62.58,93.12,4.51,0.834,0.088,0.097,0.5,0
2026-05-23,A028,Team Cebu C,Cebu,Travel,Day,Voice,Reservations,new,2026-05,2865000,8.6,1475.0,0.88,496.19,71.26,90.6,4.51,0.823,0.092,0.111,0.65,0
2026-05-23,A029,Team Cebu C,Cebu,Travel,Swing,Voice,Reservations,steady,2026-05,2865000,8.6,1561.0,0.85,460.55,66.3,92.04,4.51,0.829,0.08,0.107,0.2,0
2026-05-23,A030,Team Cebu C,Cebu,Travel,Night,Voice,Reservations,senior,2026-05,2865000,8.6,1647.0,0.86,433.82,62.58,93.12,4.51,0.834,0.084,0.106,0.35,0
2026-05-23,A031,Team Cebu C,Cebu,Travel,Day,Voice,Reservations,new,2026-05,2865000,8.6,1218.0,0.87,496.19,71.26,90.6,4.51,0.823,0.088,0.105,0.5,0
2026-05-23,A032,Team Cebu C,Cebu,Travel,Swing,Voice,Reservations,steady,2026-05,2865000,8.6,1304.0,0.88,460.55,66.3,92.04,4.51,0.829,0.092,0.101,0.65,0
2026-05-23,A033,Team Cebu C,Cebu,Travel,Night,Voice,Reservations,senior,2026-05,2865000,8.6,1390.0,0.85,433.82,62.58,93.12,4.51,0.834,0.08,0.1,0.2,0
2026-05-23,A034,Team Cebu C,Cebu,Travel,Day,Voice,Reservations,new,2026-05,2865000,8.6,1475.0,0.86,496.19,71.26,90.6,4.51,0.823,0.084,0.114,0.35,0
2026-05-23,A035,Team Cebu C,Cebu,Travel,Swing,Voice,Reservations,steady,2026-05,2865000,8.6,1561.0,0.87,460.55,66.3,92.04,4.51,0.829,0.088,0.11,0.5,0
2026-05-23,A036,Team Cebu C,Cebu,Travel,Night,Voice,Reservations,senior,2026-05,2865000,8.6,1647.0,0.88,433.82,62.58,93.12,4.51,0.834,0.092,0.094,0.65,0
2026-05-23,A037,Team Davao D,Davao,Healthcare,Day,Voice,Benefits,new,2026-05,2865000,8.6,1218.0,0.847,461.2,71.26,90.6,4.57,0.827,0.071,0.108,0.2,0
2026-05-23,A038,Team Davao D,Davao,Healthcare,Swing,Voice,Benefits,steady,2026-05,2865000,8.6,1304.0,0.857,428.15,66.3,92.04,4.57,0.833,0.075,0.104,0.35,0
2026-05-23,A039,Team Davao D,Davao,Healthcare,Night,Voice,Benefits,senior,2026-05,2865000,8.6,1390.0,0.867,403.36,62.58,93.12,4.57,0.838,0.079,0.103,0.5,0
2026-05-23,A040,Team Davao D,Davao,Healthcare,Day,Voice,Benefits,new,2026-05,2865000,8.6,1475.0,0.877,461.2,71.26,90.6,4.57,0.827,0.083,0.117,0.65,0
2026-05-23,A041,Team Davao D,Davao,Healthcare,Swing,Voice,Benefits,steady,2026-05,2865000,8.6,1561.0,0.847,428.15,66.3,92.04,4.57,0.833,0.071,0.098,0.2,0
2026-05-23,A042,Team Davao D,Davao,Healthcare,Night,Voice,Benefits,senior,2026-05,2865000,8.6,1647.0,0.857,403.36,62.58,93.12,4.57,0.838,0.075,0.097,0.35,0
2026-05-23,A043,Team Davao D,Davao,Healthcare,Day,Voice,Benefits,new,2026-05,2865000,8.6,1218.0,0.867,461.2,71.26,90.6,4.57,0.827,0.079,0.111,0.5,0
2026-05-23,A044,Team Davao D,Davao,Healthcare,Swing,Voice,Benefits,steady,2026-05,2865000,8.6,1304.0,0.877,428.15,66.3,92.04,4.57,0.833,0.083,0.107,0.65,0
2026-05-23,A045,Team Davao D,Davao,Healthcare,Night,Voice,Benefits,senior,2026-05,2865000,8.6,1390.0,0.847,403.36,62.58,93.12,4.57,0.838,0.071,0.106,0.2,0
2026-05-23,A046,Team Davao D,Davao,Healthcare,Day,Voice,Benefits,new,2026-05,2865000,8.6,1475.0,0.857,461.2,71.26,90.6,4.57,0.827,0.075,0.105,0.35,0
2026-05-23,A047,Team Davao D,Davao,Healthcare,Swing,Voice,Benefits,steady,2026-05,2865000,8.6,1561.0,0.867,428.15,66.3,92.04,4.57,0.833,0.079,0.101,0.5,0
2026-05-23,A048,Team Davao D,Davao,Healthcare,Night,Voice,Benefits,senior,2026-05,2865000,8.6,1647.0,0.877,403.36,62.58,93.12,4.57,0.838,0.083,0.1,0.65,0
2026-05-24,A001,Team Manila A,Manila,Telco,Day,Voice,Retention,new,2026-05,2865000,8.6,1116.0,0.848,483.69,72.46,90.42,4.53,0.825,0.075,0.105,0.28,1
2026-05-24,A002,Team Manila A,Manila,Telco,Swing,Voice,Retention,steady,2026-05,2865000,8.6,1195.0,0.858,449.35,67.5,91.86,4.53,0.831,0.079,0.101,0.43,0
2026-05-24,A003,Team Manila A,Manila,Telco,Night,Voice,Retention,senior,2026-05,2865000,8.6,1274.0,0.868,423.59,63.78,92.94,4.53,0.836,0.083,0.1,0.58,0
2026-05-24,A004,Team Manila A,Manila,Telco,Day,Voice,Retention,new,2026-05,2865000,8.6,1353.0,0.878,483.69,72.46,90.42,4.53,0.825,0.087,0.114,0.73,0
2026-05-24,A005,Team Manila A,Manila,Telco,Swing,Voice,Retention,steady,2026-05,2865000,8.6,1431.0,0.848,449.35,67.5,91.86,4.53,0.831,0.075,0.11,0.28,0
2026-05-24,A006,Team Manila A,Manila,Telco,Night,Voice,Retention,senior,2026-05,2865000,8.6,1510.0,0.858,423.59,63.78,92.94,4.53,0.836,0.079,0.094,0.43,0
2026-05-24,A007,Team Manila A,Manila,Telco,Day,Voice,Retention,new,2026-05,2865000,8.6,1116.0,0.868,483.69,72.46,90.42,4.53,0.825,0.083,0.108,0.58,0
2026-05-24,A008,Team Manila A,Manila,Telco,Swing,Voice,Retention,steady,2026-05,2865000,8.6,1195.0,0.878,449.35,67.5,91.86,4.53,0.831,0.087,0.104,0.73,0
2026-05-24,A009,Team Manila A,Manila,Telco,Night,Voice,Retention,senior,2026-05,2865000,8.6,1274.0,0.848,423.59,63.78,92.94,4.53,0.836,0.075,0.103,0.28,0
2026-05-24,A010,Team Manila A,Manila,Telco,Day,Voice,Retention,new,2026-05,2865000,8.6,1353.0,0.858,483.69,72.46,90.42,4.53,0.825,0.079,0.117,0.43,0
2026-05-24,A011,Team Manila A,Manila,Telco,Swing,Voice,Retention,steady,2026-05,2865000,8.6,1431.0,0.868,449.35,67.5,91.86,4.53,0.831,0.083,0.098,0.58,0
2026-05-24,A012,Team Manila A,Manila,Telco,Night,Voice,Retention,senior,2026-05,2865000,8.6,1510.0,0.878,423.59,63.78,92.94,4.53,0.836,0.087,0.097,0.73,0
2026-05-24,A013,Team Manila B,Manila,Retail,Day,Voice,Order Support,new,2026-05,2865000,8.6,1116.0,0.845,448.7,72.46,90.42,4.58,0.829,0.066,0.111,0.28,0
2026-05-24,A014,Team Manila B,Manila,Retail,Swing,Voice,Order Support,steady,2026-05,2865000,8.6,1195.0,0.855,416.95,67.5,91.86,4.58,0.835,0.07,0.107,0.43,0
2026-05-24,A015,Team Manila B,Manila,Retail,Night,Voice,Order Support,senior,2026-05,2865000,8.6,1274.0,0.865,393.14,63.78,92.94,4.58,0.84,0.074,0.106,0.58,0
2026-05-24,A016,Team Manila B,Manila,Retail,Day,Voice,Order Support,new,2026-05,2865000,8.6,1353.0,0.875,448.7,72.46,90.42,4.58,0.829,0.078,0.105,0.73,0
2026-05-24,A017,Team Manila B,Manila,Retail,Swing,Voice,Order Support,steady,2026-05,2865000,8.6,1431.0,0.845,416.95,67.5,91.86,4.58,0.835,0.066,0.101,0.28,0
2026-05-24,A018,Team Manila B,Manila,Retail,Night,Voice,Order Support,senior,2026-05,2865000,8.6,1510.0,0.855,393.14,63.78,92.94,4.58,0.84,0.07,0.1,0.43,0
2026-05-24,A019,Team Manila B,Manila,Retail,Day,Voice,Order Support,new,2026-05,2865000,8.6,1116.0,0.865,448.7,72.46,90.42,4.58,0.829,0.074,0.114,0.58,0
2026-05-24,A020,Team Manila B,Manila,Retail,Swing,Voice,Order Support,steady,2026-05,2865000,8.6,1195.0,0.875,416.95,67.5,91.86,4.58,0.835,0.078,0.11,0.73,0
2026-05-24,A021,Team Manila B,Manila,Retail,Night,Voice,Order Support,senior,2026-05,2865000,8.6,1274.0,0.845,393.14,63.78,92.94,4.58,0.84,0.066,0.094,0.28,0
2026-05-24,A022,Team Manila B,Manila,Retail,Day,Voice,Order Support,new,2026-05,2865000,8.6,1353.0,0.855,448.7,72.46,90.42,4.58,0.829,0.07,0.108,0.43,0
2026-05-24,A023,Team Manila B,Manila,Retail,Swing,Voice,Order Support,steady,2026-05,2865000,8.6,1431.0,0.865,416.95,67.5,91.86,4.58,0.835,0.074,0.104,0.58,0
2026-05-24,A024,Team Manila B,Manila,Retail,Night,Voice,Order Support,senior,2026-05,2865000,8.6,1510.0,0.875,393.14,63.78,92.94,4.58,0.84,0.078,0.103,0.73,0
2026-05-24,A025,Team Cebu C,Cebu,Travel,Day,Voice,Reservations,new,2026-05,2865000,8.6,1116.0,0.85,501.19,72.46,90.42,4.5,0.823,0.08,0.117,0.28,0
2026-05-24,A026,Team Cebu C,Cebu,Travel,Swing,Voice,Reservations,steady,2026-05,2865000,8.6,1195.0,0.86,465.55,67.5,91.86,4.5,0.829,0.084,0.098,0.43,0
2026-05-24,A027,Team Cebu C,Cebu,Travel,Night,Voice,Reservations,senior,2026-05,2865000,8.6,1274.0,0.87,438.82,63.78,92.94,4.5,0.834,0.088,0.097,0.58,0
2026-05-24,A028,Team Cebu C,Cebu,Travel,Day,Voice,Reservations,new,2026-05,2865000,8.6,1353.0,0.88,501.19,72.46,90.42,4.5,0.823,0.092,0.111,0.73,0
2026-05-24,A029,Team Cebu C,Cebu,Travel,Swing,Voice,Reservations,steady,2026-05,2865000,8.6,1431.0,0.85,465.55,67.5,91.86,4.5,0.829,0.08,0.107,0.28,0
2026-05-24,A030,Team Cebu C,Cebu,Travel,Night,Voice,Reservations,senior,2026-05,2865000,8.6,1510.0,0.86,438.82,63.78,92.94,4.5,0.834,0.084,0.106,0.43,0
2026-05-24,A031,Team Cebu C,Cebu,Travel,Day,Voice,Reservations,new,2026-05,2865000,8.6,1116.0,0.87,501.19,72.46,90.42,4.5,0.823,0.088,0.105,0.58,0
2026-05-24,A032,Team Cebu C,Cebu,Travel,Swing,Voice,Reservations,steady,2026-05,2865000,8.6,1195.0,0.88,465.55,67.5,91.86,4.5,0.829,0.092,0.101,0.73,0
2026-05-24,A033,Team Cebu C,Cebu,Travel,Night,Voice,Reservations,senior,2026-05,2865000,8.6,1274.0,0.85,438.82,63.78,92.94,4.5,0.834,0.08,0.1,0.28,0
2026-05-24,A034,Team Cebu C,Cebu,Travel,Day,Voice,Reservations,new,2026-05,2865000,8.6,1353.0,0.86,501.19,72.46,90.42,4.5,0.823,0.084,0.114,0.43,0
2026-05-24,A035,Team Cebu C,Cebu,Travel,Swing,Voice,Reservations,steady,2026-05,2865000,8.6,1431.0,0.87,465.55,67.5,91.86,4.5,0.829,0.088,0.11,0.58,0
2026-05-24,A036,Team Cebu C,Cebu,Travel,Night,Voice,Reservations,senior,2026-05,2865000,8.6,1510.0,0.88,438.82,63.78,92.94,4.5,0.834,0.092,0.094,0.73,0
2026-05-24,A037,Team Davao D,Davao,Healthcare,Day,Voice,Benefits,new,2026-05,2865000,8.6,1116.0,0.847,466.2,72.46,90.42,4.56,0.827,0.071,0.108,0.28,0
2026-05-24,A038,Team Davao D,Davao,Healthcare,Swing,Voice,Benefits,steady,2026-05,2865000,8.6,1195.0,0.857,433.15,67.5,91.86,4.56,0.833,0.075,0.104,0.43,0
2026-05-24,A039,Team Davao D,Davao,Healthcare,Night,Voice,Benefits,senior,2026-05,2865000,8.6,1274.0,0.867,408.36,63.78,92.94,4.56,0.838,0.079,0.103,0.58,0
2026-05-24,A040,Team Davao D,Davao,Healthcare,Day,Voice,Benefits,new,2026-05,2865000,8.6,1353.0,0.877,466.2,72.46,90.42,4.56,0.827,0.083,0.117,0.73,0
2026-05-24,A041,Team Davao D,Davao,Healthcare,Swing,Voice,Benefits,steady,2026-05,2865000,8.6,1431.0,0.847,433.15,67.5,91.86,4.56,0.833,0.071,0.098,0.28,0
2026-05-24,A042,Team Davao D,Davao,Healthcare,Night,Voice,Benefits,senior,2026-05,2865000,8.6,1510.0,0.857,408.36,63.78,92.94,4.56,0.838,0.075,0.097,0.43,0
2026-05-24,A043,Team Davao D,Davao,Healthcare,Day,Voice,Benefits,new,2026-05,2865000,8.6,1116.0,0.867,466.2,72.46,90.42,4.56,0.827,0.079,0.111,0.58,0
2026-05-24,A044,Team Davao D,Davao,Healthcare,Swing,Voice,Benefits,steady,2026-05,2865000,8.6,1195.0,0.877,433.15,67.5,91.86,4.56,0.833,0.083,0.107,0.73,0
2026-05-24,A045,Team Davao D,Davao,Healthcare,Night,Voice,Benefits,senior,2026-05,2865000,8.6,1274.0,0.847,408.36,63.78,92.94,4.56,0.838,0.071,0.106,0.28,0
2026-05-24,A046,Team Davao D,Davao,Healthcare,Day,Voice,Benefits,new,2026-05,2865000,8.6,1353.0,0.857,466.2,72.46,90.42,4.56,0.827,0.075,0.105,0.43,0
2026-05-24,A047,Team Davao D,Davao,Healthcare,Swing,Voice,Benefits,steady,2026-05,2865000,8.6,1431.0,0.867,433.15,67.5,91.86,4.56,0.833,0.079,0.101,0.58,0
2026-05-24,A048,Team Davao D,Davao,Healthcare,Night,Voice,Benefits,senior,2026-05,2865000,8.6,1510.0,0.877,408.36,63.78,92.94,4.56,0.838,0.083,0.1,0.73,0
2026-05-25,A001,Team Manila A,Manila,Telco,Day,Voice,Retention,new,2026-05,2865000,8.6,1826.0,0.848,488.69,73.66,90.24,4.52,0.825,0.075,0.105,0.36,0
2026-05-25,A002,Team Manila A,Manila,Telco,Swing,Voice,Retention,steady,2026-05,2865000,8.6,1955.0,0.858,454.35,68.7,91.68,4.52,0.831,0.079,0.101,0.51,0
2026-05-25,A003,Team Manila A,Manila,Telco,Night,Voice,Retention,senior,2026-05,2865000,8.6,2084.0,0.868,428.59,64.98,92.76,4.52,0.836,0.083,0.1,0.66,0
2026-05-25,A004,Team Manila A,Manila,Telco,Day,Voice,Retention,new,2026-05,2865000,8.6,2213.0,0.878,488.69,73.66,90.24,4.52,0.825,0.087,0.114,0.81,0
2026-05-25,A005,Team Manila A,Manila,Telco,Swing,Voice,Retention,steady,2026-05,2865000,8.6,2342.0,0.848,454.35,68.7,91.68,4.52,0.831,0.075,0.11,0.36,0
2026-05-25,A006,Team Manila A,Manila,Telco,Night,Voice,Retention,senior,2026-05,2865000,8.6,2471.0,0.858,428.59,64.98,92.76,4.52,0.836,0.079,0.094,0.51,0
2026-05-25,A007,Team Manila A,Manila,Telco,Day,Voice,Retention,new,2026-05,2865000,8.6,1826.0,0.868,488.69,73.66,90.24,4.52,0.825,0.083,0.108,0.66,0
2026-05-25,A008,Team Manila A,Manila,Telco,Swing,Voice,Retention,steady,2026-05,2865000,8.6,1955.0,0.878,454.35,68.7,91.68,4.52,0.831,0.087,0.104,0.81,0
2026-05-25,A009,Team Manila A,Manila,Telco,Night,Voice,Retention,senior,2026-05,2865000,8.6,2084.0,0.848,428.59,64.98,92.76,4.52,0.836,0.075,0.103,0.36,0
2026-05-25,A010,Team Manila A,Manila,Telco,Day,Voice,Retention,new,2026-05,2865000,8.6,2213.0,0.858,488.69,73.66,90.24,4.52,0.825,0.079,0.117,0.51,0
2026-05-25,A011,Team Manila A,Manila,Telco,Swing,Voice,Retention,steady,2026-05,2865000,8.6,2342.0,0.868,454.35,68.7,91.68,4.52,0.831,0.083,0.098,0.66,0
2026-05-25,A012,Team Manila A,Manila,Telco,Night,Voice,Retention,senior,2026-05,2865000,8.6,2471.0,0.878,428.59,64.98,92.76,4.52,0.836,0.087,0.097,0.81,0
2026-05-25,A013,Team Manila B,Manila,Retail,Day,Voice,Order Support,new,2026-05,2865000,8.6,1826.0,0.845,453.7,73.66,90.24,4.57,0.829,0.066,0.111,0.36,0
2026-05-25,A014,Team Manila B,Manila,Retail,Swing,Voice,Order Support,steady,2026-05,2865000,8.6,1955.0,0.855,421.95,68.7,91.68,4.57,0.835,0.07,0.107,0.51,0
2026-05-25,A015,Team Manila B,Manila,Retail,Night,Voice,Order Support,senior,2026-05,2865000,8.6,2084.0,0.865,398.14,64.98,92.76,4.57,0.84,0.074,0.106,0.66,0
2026-05-25,A016,Team Manila B,Manila,Retail,Day,Voice,Order Support,new,2026-05,2865000,8.6,2213.0,0.875,453.7,73.66,90.24,4.57,0.829,0.078,0.105,0.81,0
2026-05-25,A017,Team Manila B,Manila,Retail,Swing,Voice,Order Support,steady,2026-05,2865000,8.6,2342.0,0.845,421.95,68.7,91.68,4.57,0.835,0.066,0.101,0.36,0
2026-05-25,A018,Team Manila B,Manila,Retail,Night,Voice,Order Support,senior,2026-05,2865000,8.6,2471.0,0.855,398.14,64.98,92.76,4.57,0.84,0.07,0.1,0.51,0
2026-05-25,A019,Team Manila B,Manila,Retail,Day,Voice,Order Support,new,2026-05,2865000,8.6,1826.0,0.865,453.7,73.66,90.24,4.57,0.829,0.074,0.114,0.66,0
2026-05-25,A020,Team Manila B,Manila,Retail,Swing,Voice,Order Support,steady,2026-05,2865000,8.6,1955.0,0.875,421.95,68.7,91.68,4.57,0.835,0.078,0.11,0.81,0
2026-05-25,A021,Team Manila B,Manila,Retail,Night,Voice,Order Support,senior,2026-05,2865000,8.6,2084.0,0.845,398.14,64.98,92.76,4.57,0.84,0.066,0.094,0.36,0
2026-05-25,A022,Team Manila B,Manila,Retail,Day,Voice,Order Support,new,2026-05,2865000,8.6,2213.0,0.855,453.7,73.66,90.24,4.57,0.829,0.07,0.108,0.51,0
2026-05-25,A023,Team Manila B,Manila,Retail,Swing,Voice,Order Support,steady,2026-05,2865000,8.6,2342.0,0.865,421.95,68.7,91.68,4.57,0.835,0.074,0.104,0.66,0
2026-05-25,A024,Team Manila B,Manila,Retail,Night,Voice,Order Support,senior,2026-05,2865000,8.6,2471.0,0.875,398.14,64.98,92.76,4.57,0.84,0.078,0.103,0.81,0
2026-05-25,A025,Team Cebu C,Cebu,Travel,Day,Voice,Reservations,new,2026-05,2865000,8.6,1826.0,0.85,506.19,73.66,90.24,4.49,0.823,0.08,0.117,0.36,0
2026-05-25,A026,Team Cebu C,Cebu,Travel,Swing,Voice,Reservations,steady,2026-05,2865000,8.6,1955.0,0.86,470.55,68.7,91.68,4.49,0.829,0.084,0.098,0.51,0
2026-05-25,A027,Team Cebu C,Cebu,Travel,Night,Voice,Reservations,senior,2026-05,2865000,8.6,2084.0,0.87,443.82,64.98,92.76,4.49,0.834,0.088,0.097,0.66,0
2026-05-25,A028,Team Cebu C,Cebu,Travel,Day,Voice,Reservations,new,2026-05,2865000,8.6,2213.0,0.88,506.19,73.66,90.24,4.49,0.823,0.092,0.111,0.81,0
2026-05-25,A029,Team Cebu C,Cebu,Travel,Swing,Voice,Reservations,steady,2026-05,2865000,8.6,2342.0,0.85,470.55,68.7,91.68,4.49,0.829,0.08,0.107,0.36,0
2026-05-25,A030,Team Cebu C,Cebu,Travel,Night,Voice,Reservations,senior,2026-05,2865000,8.6,2471.0,0.86,443.82,64.98,92.76,4.49,0.834,0.084,0.106,0.51,0
2026-05-25,A031,Team Cebu C,Cebu,Travel,Day,Voice,Reservations,new,2026-05,2865000,8.6,1826.0,0.87,506.19,73.66,90.24,4.49,0.823,0.088,0.105,0.66,0
2026-05-25,A032,Team Cebu C,Cebu,Travel,Swing,Voice,Reservations,steady,2026-05,2865000,8.6,1955.0,0.88,470.55,68.7,91.68,4.49,0.829,0.092,0.101,0.81,0
2026-05-25,A033,Team Cebu C,Cebu,Travel,Night,Voice,Reservations,senior,2026-05,2865000,8.6,2084.0,0.85,443.82,64.98,92.76,4.49,0.834,0.08,0.1,0.36,0
2026-05-25,A034,Team Cebu C,Cebu,Travel,Day,Voice,Reservations,new,2026-05,2865000,8.6,2213.0,0.86,506.19,73.66,90.24,4.49,0.823,0.084,0.114,0.51,0
2026-05-25,A035,Team Cebu C,Cebu,Travel,Swing,Voice,Reservations,steady,2026-05,2865000,8.6,2342.0,0.87,470.55,68.7,91.68,4.49,0.829,0.088,0.11,0.66,0
2026-05-25,A036,Team Cebu C,Cebu,Travel,Night,Voice,Reservations,senior,2026-05,2865000,8.6,2471.0,0.88,443.82,64.98,92.76,4.49,0.834,0.092,0.094,0.81,1
2026-05-25,A037,Team Davao D,Davao,Healthcare,Day,Voice,Benefits,new,2026-05,2865000,8.6,1826.0,0.847,471.2,73.66,90.24,4.55,0.827,0.071,0.108,0.36,0
2026-05-25,A038,Team Davao D,Davao,Healthcare,Swing,Voice,Benefits,steady,2026-05,2865000,8.6,1955.0,0.857,438.15,68.7,91.68,4.55,0.833,0.075,0.104,0.51,0
2026-05-25,A039,Team Davao D,Davao,Healthcare,Night,Voice,Benefits,senior,2026-05,2865000,8.6,2084.0,0.867,413.36,64.98,92.76,4.55,0.838,0.079,0.103,0.66,0
2026-05-25,A040,Team Davao D,Davao,Healthcare,Day,Voice,Benefits,new,2026-05,2865000,8.6,2213.0,0.877,471.2,73.66,90.24,4.55,0.827,0.083,0.117,0.81,0
2026-05-25,A041,Team Davao D,Davao,Healthcare,Swing,Voice,Benefits,steady,2026-05,2865000,8.6,2342.0,0.847,438.15,68.7,91.68,4.55,0.833,0.071,0.098,0.36,0
2026-05-25,A042,Team Davao D,Davao,Healthcare,Night,Voice,Benefits,senior,2026-05,2865000,8.6,2471.0,0.857,413.36,64.98,92.76,4.55,0.838,0.075,0.097,0.51,0
2026-05-25,A043,Team Davao D,Davao,Healthcare,Day,Voice,Benefits,new,2026-05,2865000,8.6,1826.0,0.867,471.2,73.66,90.24,4.55,0.827,0.079,0.111,0.66,0
2026-05-25,A044,Team Davao D,Davao,Healthcare,Swing,Voice,Benefits,steady,2026-05,2865000,8.6,1955.0,0.877,438.15,68.7,91.68,4.55,0.833,0.083,0.107,0.81,0
2026-05-25,A045,Team Davao D,Davao,Healthcare,Night,Voice,Benefits,senior,2026-05,2865000,8.6,2084.0,0.847,413.36,64.98,92.76,4.55,0.838,0.071,0.106,0.36,0
2026-05-25,A046,Team Davao D,Davao,Healthcare,Day,Voice,Benefits,new,2026-05,2865000,8.6,2213.0,0.857,471.2,73.66,90.24,4.55,0.827,0.075,0.105,0.51,0
2026-05-25,A047,Team Davao D,Davao,Healthcare,Swing,Voice,Benefits,steady,2026-05,2865000,8.6,2342.0,0.867,438.15,68.7,91.68,4.55,0.833,0.079,0.101,0.66,0
2026-05-25,A048,Team Davao D,Davao,Healthcare,Night,Voice,Benefits,senior,2026-05,2865000,8.6,2471.0,0.877,413.36,64.98,92.76,4.55,0.838,0.083,0.1,0.81,0
2026-05-26,A001,Team Manila A,Manila,Telco,Day,Voice,Retention,new,2026-05,2865000,8.6,1759.0,0.848,493.69,74.86,90.06,4.51,0.825,0.075,0.105,0.44,0
2026-05-26,A002,Team Manila A,Manila,Telco,Swing,Voice,Retention,steady,2026-05,2865000,8.6,1883.0,0.858,459.35,69.9,91.5,4.51,0.831,0.079,0.101,0.59,0
2026-05-26,A003,Team Manila A,Manila,Telco,Night,Voice,Retention,senior,2026-05,2865000,8.6,2007.0,0.868,433.59,66.18,92.58,4.51,0.836,0.083,0.1,0.74,0
2026-05-26,A004,Team Manila A,Manila,Telco,Day,Voice,Retention,new,2026-05,2865000,8.6,2131.0,0.878,493.69,74.86,90.06,4.51,0.825,0.087,0.114,0.89,0
2026-05-26,A005,Team Manila A,Manila,Telco,Swing,Voice,Retention,steady,2026-05,2865000,8.6,2255.0,0.848,459.35,69.9,91.5,4.51,0.831,0.075,0.11,0.44,0
2026-05-26,A006,Team Manila A,Manila,Telco,Night,Voice,Retention,senior,2026-05,2865000,8.6,2380.0,0.858,433.59,66.18,92.58,4.51,0.836,0.079,0.094,0.59,0
2026-05-26,A007,Team Manila A,Manila,Telco,Day,Voice,Retention,new,2026-05,2865000,8.6,1759.0,0.868,493.69,74.86,90.06,4.51,0.825,0.083,0.108,0.74,0
2026-05-26,A008,Team Manila A,Manila,Telco,Swing,Voice,Retention,steady,2026-05,2865000,8.6,1883.0,0.878,459.35,69.9,91.5,4.51,0.831,0.087,0.104,0.89,0
2026-05-26,A009,Team Manila A,Manila,Telco,Night,Voice,Retention,senior,2026-05,2865000,8.6,2007.0,0.848,433.59,66.18,92.58,4.51,0.836,0.075,0.103,0.44,0
2026-05-26,A010,Team Manila A,Manila,Telco,Day,Voice,Retention,new,2026-05,2865000,8.6,2131.0,0.858,493.69,74.86,90.06,4.51,0.825,0.079,0.117,0.59,0
2026-05-26,A011,Team Manila A,Manila,Telco,Swing,Voice,Retention,steady,2026-05,2865000,8.6,2255.0,0.868,459.35,69.9,91.5,4.51,0.831,0.083,0.098,0.74,0
2026-05-26,A012,Team Manila A,Manila,Telco,Night,Voice,Retention,senior,2026-05,2865000,8.6,2380.0,0.878,433.59,66.18,92.58,4.51,0.836,0.087,0.097,0.89,0
2026-05-26,A013,Team Manila B,Manila,Retail,Day,Voice,Order Support,new,2026-05,2865000,8.6,1759.0,0.845,458.7,74.86,90.06,4.56,0.829,0.066,0.111,0.44,0
2026-05-26,A014,Team Manila B,Manila,Retail,Swing,Voice,Order Support,steady,2026-05,2865000,8.6,1883.0,0.855,426.95,69.9,91.5,4.56,0.835,0.07,0.107,0.59,0
2026-05-26,A015,Team Manila B,Manila,Retail,Night,Voice,Order Support,senior,2026-05,2865000,8.6,2007.0,0.865,403.14,66.18,92.58,4.56,0.84,0.074,0.106,0.74,0
2026-05-26,A016,Team Manila B,Manila,Retail,Day,Voice,Order Support,new,2026-05,2865000,8.6,2131.0,0.875,458.7,74.86,90.06,4.56,0.829,0.078,0.105,0.89,0
2026-05-26,A017,Team Manila B,Manila,Retail,Swing,Voice,Order Support,steady,2026-05,2865000,8.6,2255.0,0.845,426.95,69.9,91.5,4.56,0.835,0.066,0.101,0.44,0
2026-05-26,A018,Team Manila B,Manila,Retail,Night,Voice,Order Support,senior,2026-05,2865000,8.6,2380.0,0.855,403.14,66.18,92.58,4.56,0.84,0.07,0.1,0.59,1
2026-05-26,A019,Team Manila B,Manila,Retail,Day,Voice,Order Support,new,2026-05,2865000,8.6,1759.0,0.865,458.7,74.86,90.06,4.56,0.829,0.074,0.114,0.74,0
2026-05-26,A020,Team Manila B,Manila,Retail,Swing,Voice,Order Support,steady,2026-05,2865000,8.6,1883.0,0.875,426.95,69.9,91.5,4.56,0.835,0.078,0.11,0.89,0
2026-05-26,A021,Team Manila B,Manila,Retail,Night,Voice,Order Support,senior,2026-05,2865000,8.6,2007.0,0.845,403.14,66.18,92.58,4.56,0.84,0.066,0.094,0.44,0
2026-05-26,A022,Team Manila B,Manila,Retail,Day,Voice,Order Support,new,2026-05,2865000,8.6,2131.0,0.855,458.7,74.86,90.06,4.56,0.829,0.07,0.108,0.59,0
2026-05-26,A023,Team Manila B,Manila,Retail,Swing,Voice,Order Support,steady,2026-05,2865000,8.6,2255.0,0.865,426.95,69.9,91.5,4.56,0.835,0.074,0.104,0.74,0
2026-05-26,A024,Team Manila B,Manila,Retail,Night,Voice,Order Support,senior,2026-05,2865000,8.6,2380.0,0.875,403.14,66.18,92.58,4.56,0.84,0.078,0.103,0.89,0
2026-05-26,A025,Team Cebu C,Cebu,Travel,Day,Voice,Reservations,new,2026-05,2865000,8.6,1759.0,0.85,511.19,74.86,90.06,4.48,0.823,0.08,0.117,0.44,0
2026-05-26,A026,Team Cebu C,Cebu,Travel,Swing,Voice,Reservations,steady,2026-05,2865000,8.6,1883.0,0.86,475.55,69.9,91.5,4.48,0.829,0.084,0.098,0.59,0
2026-05-26,A027,Team Cebu C,Cebu,Travel,Night,Voice,Reservations,senior,2026-05,2865000,8.6,2007.0,0.87,448.82,66.18,92.58,4.48,0.834,0.088,0.097,0.74,0
2026-05-26,A028,Team Cebu C,Cebu,Travel,Day,Voice,Reservations,new,2026-05,2865000,8.6,2131.0,0.88,511.19,74.86,90.06,4.48,0.823,0.092,0.111,0.89,0
2026-05-26,A029,Team Cebu C,Cebu,Travel,Swing,Voice,Reservations,steady,2026-05,2865000,8.6,2255.0,0.85,475.55,69.9,91.5,4.48,0.829,0.08,0.107,0.44,0
2026-05-26,A030,Team Cebu C,Cebu,Travel,Night,Voice,Reservations,senior,2026-05,2865000,8.6,2380.0,0.86,448.82,66.18,92.58,4.48,0.834,0.084,0.106,0.59,0
2026-05-26,A031,Team Cebu C,Cebu,Travel,Day,Voice,Reservations,new,2026-05,2865000,8.6,1759.0,0.87,511.19,74.86,90.06,4.48,0.823,0.088,0.105,0.74,0
2026-05-26,A032,Team Cebu C,Cebu,Travel,Swing,Voice,Reservations,steady,2026-05,2865000,8.6,1883.0,0.88,475.55,69.9,91.5,4.48,0.829,0.092,0.101,0.89,0
2026-05-26,A033,Team Cebu C,Cebu,Travel,Night,Voice,Reservations,senior,2026-05,2865000,8.6,2007.0,0.85,448.82,66.18,92.58,4.48,0.834,0.08,0.1,0.44,0
2026-05-26,A034,Team Cebu C,Cebu,Travel,Day,Voice,Reservations,new,2026-05,2865000,8.6,2131.0,0.86,511.19,74.86,90.06,4.48,0.823,0.084,0.114,0.59,0
2026-05-26,A035,Team Cebu C,Cebu,Travel,Swing,Voice,Reservations,steady,2026-05,2865000,8.6,2255.0,0.87,475.55,69.9,91.5,4.48,0.829,0.088,0.11,0.74,0
2026-05-26,A036,Team Cebu C,Cebu,Travel,Night,Voice,Reservations,senior,2026-05,2865000,8.6,2380.0,0.88,448.82,66.18,92.58,4.48,0.834,0.092,0.094,0.89,0
2026-05-26,A037,Team Davao D,Davao,Healthcare,Day,Voice,Benefits,new,2026-05,2865000,8.6,1759.0,0.847,476.2,74.86,90.06,4.54,0.827,0.071,0.108,0.44,0
2026-05-26,A038,Team Davao D,Davao,Healthcare,Swing,Voice,Benefits,steady,2026-05,2865000,8.6,1883.0,0.857,443.15,69.9,91.5,4.54,0.833,0.075,0.104,0.59,0
2026-05-26,A039,Team Davao D,Davao,Healthcare,Night,Voice,Benefits,senior,2026-05,2865000,8.6,2007.0,0.867,418.36,66.18,92.58,4.54,0.838,0.079,0.103,0.74,0
2026-05-26,A040,Team Davao D,Davao,Healthcare,Day,Voice,Benefits,new,2026-05,2865000,8.6,2131.0,0.877,476.2,74.86,90.06,4.54,0.827,0.083,0.117,0.89,0
2026-05-26,A041,Team Davao D,Davao,Healthcare,Swing,Voice,Benefits,steady,2026-05,2865000,8.6,2255.0,0.847,443.15,69.9,91.5,4.54,0.833,0.071,0.098,0.44,0
2026-05-26,A042,Team Davao D,Davao,Healthcare,Night,Voice,Benefits,senior,2026-05,2865000,8.6,2380.0,0.857,418.36,66.18,92.58,4.54,0.838,0.075,0.097,0.59,0
2026-05-26,A043,Team Davao D,Davao,Healthcare,Day,Voice,Benefits,new,2026-05,2865000,8.6,1759.0,0.867,476.2,74.86,90.06,4.54,0.827,0.079,0.111,0.74,0
2026-05-26,A044,Team Davao D,Davao,Healthcare,Swing,Voice,Benefits,steady,2026-05,2865000,8.6,1883.0,0.877,443.15,69.9,91.5,4.54,0.833,0.083,0.107,0.89,0
2026-05-26,A045,Team Davao D,Davao,Healthcare,Night,Voice,Benefits,senior,2026-05,2865000,8.6,2007.0,0.847,418.36,66.18,92.58,4.54,0.838,0.071,0.106,0.44,0
2026-05-26,A046,Team Davao D,Davao,Healthcare,Day,Voice,Benefits,new,2026-05,2865000,8.6,2131.0,0.857,476.2,74.86,90.06,4.54,0.827,0.075,0.105,0.59,0
2026-05-26,A047,Team Davao D,Davao,Healthcare,Swing,Voice,Benefits,steady,2026-05,2865000,8.6,2255.0,0.867,443.15,69.9,91.5,4.54,0.833,0.079,0.101,0.74,0
2026-05-26,A048,Team Davao D,Davao,Healthcare,Night,Voice,Benefits,senior,2026-05,2865000,8.6,2380.0,0.877,418.36,66.18,92.58,4.54,0.838,0.083,0.1,0.89,0
2026-05-27,A001,Team Manila A,Manila,Telco,Day,Voice,Retention,new,2026-05,2865000,8.6,1691.0,0.848,463.69,67.66,90.06,4.51,0.825,0.075,0.105,0.2,0
2026-05-27,A002,Team Manila A,Manila,Telco,Swing,Voice,Retention,steady,2026-05,2865000,8.6,1811.0,0.858,429.35,62.7,91.5,4.51,0.831,0.079,0.101,0.35,0
2026-05-27,A003,Team Manila A,Manila,Telco,Night,Voice,Retention,senior,2026-05,2865000,8.6,1930.0,0.868,403.59,58.98,92.58,4.51,0.836,0.083,0.1,0.5,0
2026-05-27,A004,Team Manila A,Manila,Telco,Day,Voice,Retention,new,2026-05,2865000,8.6,2049.0,0.878,463.69,67.66,90.06,4.51,0.825,0.087,0.114,0.65,0
2026-05-27,A005,Team Manila A,Manila,Telco,Swing,Voice,Retention,steady,2026-05,2865000,8.6,2169.0,0.848,429.35,62.7,91.5,4.51,0.831,0.075,0.11,0.2,0
2026-05-27,A006,Team Manila A,Manila,Telco,Night,Voice,Retention,senior,2026-05,2865000,8.6,2288.0,0.858,403.59,58.98,92.58,4.51,0.836,0.079,0.094,0.35,0
2026-05-27,A007,Team Manila A,Manila,Telco,Day,Voice,Retention,new,2026-05,2865000,8.6,1691.0,0.868,463.69,67.66,90.06,4.51,0.825,0.083,0.108,0.5,0
2026-05-27,A008,Team Manila A,Manila,Telco,Swing,Voice,Retention,steady,2026-05,2865000,8.6,1811.0,0.878,429.35,62.7,91.5,4.51,0.831,0.087,0.104,0.65,0
2026-05-27,A009,Team Manila A,Manila,Telco,Night,Voice,Retention,senior,2026-05,2865000,8.6,1930.0,0.848,403.59,58.98,92.58,4.51,0.836,0.075,0.103,0.2,0
2026-05-27,A010,Team Manila A,Manila,Telco,Day,Voice,Retention,new,2026-05,2865000,8.6,2049.0,0.858,463.69,67.66,90.06,4.51,0.825,0.079,0.117,0.35,0
2026-05-27,A011,Team Manila A,Manila,Telco,Swing,Voice,Retention,steady,2026-05,2865000,8.6,2169.0,0.868,429.35,62.7,91.5,4.51,0.831,0.083,0.098,0.5,0
2026-05-27,A012,Team Manila A,Manila,Telco,Night,Voice,Retention,senior,2026-05,2865000,8.6,2288.0,0.878,403.59,58.98,92.58,4.51,0.836,0.087,0.097,0.65,0
2026-05-27,A013,Team Manila B,Manila,Retail,Day,Voice,Order Support,new,2026-05,2865000,8.6,1691.0,0.845,428.7,67.66,90.06,4.56,0.829,0.066,0.111,0.2,0
2026-05-27,A014,Team Manila B,Manila,Retail,Swing,Voice,Order Support,steady,2026-05,2865000,8.6,1811.0,0.855,396.95,62.7,91.5,4.56,0.835,0.07,0.107,0.35,0
2026-05-27,A015,Team Manila B,Manila,Retail,Night,Voice,Order Support,senior,2026-05,2865000,8.6,1930.0,0.865,373.14,58.98,92.58,4.56,0.84,0.074,0.106,0.5,0
2026-05-27,A016,Team Manila B,Manila,Retail,Day,Voice,Order Support,new,2026-05,2865000,8.6,2049.0,0.875,428.7,67.66,90.06,4.56,0.829,0.078,0.105,0.65,0
2026-05-27,A017,Team Manila B,Manila,Retail,Swing,Voice,Order Support,steady,2026-05,2865000,8.6,2169.0,0.845,396.95,62.7,91.5,4.56,0.835,0.066,0.101,0.2,0
2026-05-27,A018,Team Manila B,Manila,Retail,Night,Voice,Order Support,senior,2026-05,2865000,8.6,2288.0,0.855,373.14,58.98,92.58,4.56,0.84,0.07,0.1,0.35,0
2026-05-27,A019,Team Manila B,Manila,Retail,Day,Voice,Order Support,new,2026-05,2865000,8.6,1691.0,0.865,428.7,67.66,90.06,4.56,0.829,0.074,0.114,0.5,0
2026-05-27,A020,Team Manila B,Manila,Retail,Swing,Voice,Order Support,steady,2026-05,2865000,8.6,1811.0,0.875,396.95,62.7,91.5,4.56,0.835,0.078,0.11,0.65,0
2026-05-27,A021,Team Manila B,Manila,Retail,Night,Voice,Order Support,senior,2026-05,2865000,8.6,1930.0,0.845,373.14,58.98,92.58,4.56,0.84,0.066,0.094,0.2,0
2026-05-27,A022,Team Manila B,Manila,Retail,Day,Voice,Order Support,new,2026-05,2865000,8.6,2049.0,0.855,428.7,67.66,90.06,4.56,0.829,0.07,0.108,0.35,0
2026-05-27,A023,Team Manila B,Manila,Retail,Swing,Voice,Order Support,steady,2026-05,2865000,8.6,2169.0,0.865,396.95,62.7,91.5,4.56,0.835,0.074,0.104,0.5,0
2026-05-27,A024,Team Manila B,Manila,Retail,Night,Voice,Order Support,senior,2026-05,2865000,8.6,2288.0,0.875,373.14,58.98,92.58,4.56,0.84,0.078,0.103,0.65,0
2026-05-27,A025,Team Cebu C,Cebu,Travel,Day,Voice,Reservations,new,2026-05,2865000,8.6,1691.0,0.85,481.19,67.66,90.06,4.48,0.823,0.08,0.117,0.2,0
2026-05-27,A026,Team Cebu C,Cebu,Travel,Swing,Voice,Reservations,steady,2026-05,2865000,8.6,1811.0,0.86,445.55,62.7,91.5,4.48,0.829,0.084,0.098,0.35,0
2026-05-27,A027,Team Cebu C,Cebu,Travel,Night,Voice,Reservations,senior,2026-05,2865000,8.6,1930.0,0.87,418.82,58.98,92.58,4.48,0.834,0.088,0.097,0.5,0
2026-05-27,A028,Team Cebu C,Cebu,Travel,Day,Voice,Reservations,new,2026-05,2865000,8.6,2049.0,0.88,481.19,67.66,90.06,4.48,0.823,0.092,0.111,0.65,0
2026-05-27,A029,Team Cebu C,Cebu,Travel,Swing,Voice,Reservations,steady,2026-05,2865000,8.6,2169.0,0.85,445.55,62.7,91.5,4.48,0.829,0.08,0.107,0.2,0
2026-05-27,A030,Team Cebu C,Cebu,Travel,Night,Voice,Reservations,senior,2026-05,2865000,8.6,2288.0,0.86,418.82,58.98,92.58,4.48,0.834,0.084,0.106,0.35,0
2026-05-27,A031,Team Cebu C,Cebu,Travel,Day,Voice,Reservations,new,2026-05,2865000,8.6,1691.0,0.87,481.19,67.66,90.06,4.48,0.823,0.088,0.105,0.5,0
2026-05-27,A032,Team Cebu C,Cebu,Travel,Swing,Voice,Reservations,steady,2026-05,2865000,8.6,1811.0,0.88,445.55,62.7,91.5,4.48,0.829,0.092,0.101,0.65,0
2026-05-27,A033,Team Cebu C,Cebu,Travel,Night,Voice,Reservations,senior,2026-05,2865000,8.6,1930.0,0.85,418.82,58.98,92.58,4.48,0.834,0.08,0.1,0.2,0
2026-05-27,A034,Team Cebu C,Cebu,Travel,Day,Voice,Reservations,new,2026-05,2865000,8.6,2049.0,0.86,481.19,67.66,90.06,4.48,0.823,0.084,0.114,0.35,0
2026-05-27,A035,Team Cebu C,Cebu,Travel,Swing,Voice,Reservations,steady,2026-05,2865000,8.6,2169.0,0.87,445.55,62.7,91.5,4.48,0.829,0.088,0.11,0.5,0
2026-05-27,A036,Team Cebu C,Cebu,Travel,Night,Voice,Reservations,senior,2026-05,2865000,8.6,2288.0,0.88,418.82,58.98,92.58,4.48,0.834,0.092,0.094,0.65,0
2026-05-27,A037,Team Davao D,Davao,Healthcare,Day,Voice,Benefits,new,2026-05,2865000,8.6,1691.0,0.847,446.2,67.66,90.06,4.54,0.827,0.071,0.108,0.2,0
2026-05-27,A038,Team Davao D,Davao,Healthcare,Swing,Voice,Benefits,steady,2026-05,2865000,8.6,1811.0,0.857,413.15,62.7,91.5,4.54,0.833,0.075,0.104,0.35,0
2026-05-27,A039,Team Davao D,Davao,Healthcare,Night,Voice,Benefits,senior,2026-05,2865000,8.6,1930.0,0.867,388.36,58.98,92.58,4.54,0.838,0.079,0.103,0.5,0
2026-05-27,A040,Team Davao D,Davao,Healthcare,Day,Voice,Benefits,new,2026-05,2865000,8.6,2049.0,0.877,446.2,67.66,90.06,4.54,0.827,0.083,0.117,0.65,0
2026-05-27,A041,Team Davao D,Davao,Healthcare,Swing,Voice,Benefits,steady,2026-05,2865000,8.6,2169.0,0.847,413.15,62.7,91.5,4.54,0.833,0.071,0.098,0.2,0
2026-05-27,A042,Team Davao D,Davao,Healthcare,Night,Voice,Benefits,senior,2026-05,2865000,8.6,2288.0,0.857,388.36,58.98,92.58,4.54,0.838,0.075,0.097,0.35,0
2026-05-27,A043,Team Davao D,Davao,Healthcare,Day,Voice,Benefits,new,2026-05,2865000,8.6,1691.0,0.867,446.2,67.66,90.06,4.54,0.827,0.079,0.111,0.5,0
2026-05-27,A044,Team Davao D,Davao,Healthcare,Swing,Voice,Benefits,steady,2026-05,2865000,8.6,1811.0,0.877,413.15,62.7,91.5,4.54,0.833,0.083,0.107,0.65,0
2026-05-27,A045,Team Davao D,Davao,Healthcare,Night,Voice,Benefits,senior,2026-05,2865000,8.6,1930.0,0.847,388.36,58.98,92.58,4.54,0.838,0.071,0.106,0.2,0
2026-05-27,A046,Team Davao D,Davao,Healthcare,Day,Voice,Benefits,new,2026-05,2865000,8.6,2049.0,0.857,446.2,67.66,90.06,4.54,0.827,0.075,0.105,0.35,0
2026-05-27,A047,Team Davao D,Davao,Healthcare,Swing,Voice,Benefits,steady,2026-05,2865000,8.6,2169.0,0.867,413.15,62.7,91.5,4.54,0.833,0.079,0.101,0.5,0
2026-05-27,A048,Team Davao D,Davao,Healthcare,Night,Voice,Benefits,senior,2026-05,2865000,8.6,2288.0,0.877,388.36,58.98,92.58,4.54,0.838,0.083,0.1,0.65,0
2026-05-28,A001,Team Manila A,Manila,Telco,Day,Voice,Retention,new,2026-05,2865000,8.6,1674.0,0.848,468.69,68.86,90.24,4.52,0.825,0.075,0.105,0.2,0
2026-05-28,A002,Team Manila A,Manila,Telco,Swing,Voice,Retention,steady,2026-05,2865000,8.6,1792.0,0.858,434.35,63.9,91.68,4.52,0.831,0.079,0.101,0.35,0
2026-05-28,A003,Team Manila A,Manila,Telco,Night,Voice,Retention,senior,2026-05,2865000,8.6,1911.0,0.868,408.59,60.18,92.76,4.52,0.836,0.083,0.1,0.5,0
2026-05-28,A004,Team Manila A,Manila,Telco,Day,Voice,Retention,new,2026-05,2865000,8.6,2029.0,0.878,468.69,68.86,90.24,4.52,0.825,0.087,0.114,0.65,0
2026-05-28,A005,Team Manila A,Manila,Telco,Swing,Voice,Retention,steady,2026-05,2865000,8.6,2147.0,0.848,434.35,63.9,91.68,4.52,0.831,0.075,0.11,0.2,0
2026-05-28,A006,Team Manila A,Manila,Telco,Night,Voice,Retention,senior,2026-05,2865000,8.6,2265.0,0.858,408.59,60.18,92.76,4.52,0.836,0.079,0.094,0.35,0
2026-05-28,A007,Team Manila A,Manila,Telco,Day,Voice,Retention,new,2026-05,2865000,8.6,1674.0,0.868,468.69,68.86,90.24,4.52,0.825,0.083,0.108,0.5,0
2026-05-28,A008,Team Manila A,Manila,Telco,Swing,Voice,Retention,steady,2026-05,2865000,8.6,1792.0,0.878,434.35,63.9,91.68,4.52,0.831,0.087,0.104,0.65,0
2026-05-28,A009,Team Manila A,Manila,Telco,Night,Voice,Retention,senior,2026-05,2865000,8.6,1911.0,0.848,408.59,60.18,92.76,4.52,0.836,0.075,0.103,0.2,0
2026-05-28,A010,Team Manila A,Manila,Telco,Day,Voice,Retention,new,2026-05,2865000,8.6,2029.0,0.858,468.69,68.86,90.24,4.52,0.825,0.079,0.117,0.35,0
2026-05-28,A011,Team Manila A,Manila,Telco,Swing,Voice,Retention,steady,2026-05,2865000,8.6,2147.0,0.868,434.35,63.9,91.68,4.52,0.831,0.083,0.098,0.5,0
2026-05-28,A012,Team Manila A,Manila,Telco,Night,Voice,Retention,senior,2026-05,2865000,8.6,2265.0,0.878,408.59,60.18,92.76,4.52,0.836,0.087,0.097,0.65,0
2026-05-28,A013,Team Manila B,Manila,Retail,Day,Voice,Order Support,new,2026-05,2865000,8.6,1674.0,0.845,433.7,68.86,90.24,4.57,0.829,0.066,0.111,0.2,0
2026-05-28,A014,Team Manila B,Manila,Retail,Swing,Voice,Order Support,steady,2026-05,2865000,8.6,1792.0,0.855,401.95,63.9,91.68,4.57,0.835,0.07,0.107,0.35,0
2026-05-28,A015,Team Manila B,Manila,Retail,Night,Voice,Order Support,senior,2026-05,2865000,8.6,1911.0,0.865,378.14,60.18,92.76,4.57,0.84,0.074,0.106,0.5,0
2026-05-28,A016,Team Manila B,Manila,Retail,Day,Voice,Order Support,new,2026-05,2865000,8.6,2029.0,0.875,433.7,68.86,90.24,4.57,0.829,0.078,0.105,0.65,0
2026-05-28,A017,Team Manila B,Manila,Retail,Swing,Voice,Order Support,steady,2026-05,2865000,8.6,2147.0,0.845,401.95,63.9,91.68,4.57,0.835,0.066,0.101,0.2,0
2026-05-28,A018,Team Manila B,Manila,Retail,Night,Voice,Order Support,senior,2026-05,2865000,8.6,2265.0,0.855,378.14,60.18,92.76,4.57,0.84,0.07,0.1,0.35,0
2026-05-28,A019,Team Manila B,Manila,Retail,Day,Voice,Order Support,new,2026-05,2865000,8.6,1674.0,0.865,433.7,68.86,90.24,4.57,0.829,0.074,0.114,0.5,0
2026-05-28,A020,Team Manila B,Manila,Retail,Swing,Voice,Order Support,steady,2026-05,2865000,8.6,1792.0,0.875,401.95,63.9,91.68,4.57,0.835,0.078,0.11,0.65,0
2026-05-28,A021,Team Manila B,Manila,Retail,Night,Voice,Order Support,senior,2026-05,2865000,8.6,1911.0,0.845,378.14,60.18,92.76,4.57,0.84,0.066,0.094,0.2,0
2026-05-28,A022,Team Manila B,Manila,Retail,Day,Voice,Order Support,new,2026-05,2865000,8.6,2029.0,0.855,433.7,68.86,90.24,4.57,0.829,0.07,0.108,0.35,0
2026-05-28,A023,Team Manila B,Manila,Retail,Swing,Voice,Order Support,steady,2026-05,2865000,8.6,2147.0,0.865,401.95,63.9,91.68,4.57,0.835,0.074,0.104,0.5,0
2026-05-28,A024,Team Manila B,Manila,Retail,Night,Voice,Order Support,senior,2026-05,2865000,8.6,2265.0,0.875,378.14,60.18,92.76,4.57,0.84,0.078,0.103,0.65,0
2026-05-28,A025,Team Cebu C,Cebu,Travel,Day,Voice,Reservations,new,2026-05,2865000,8.6,1674.0,0.85,486.19,68.86,90.24,4.49,0.823,0.08,0.117,0.2,0
2026-05-28,A026,Team Cebu C,Cebu,Travel,Swing,Voice,Reservations,steady,2026-05,2865000,8.6,1792.0,0.86,450.55,63.9,91.68,4.49,0.829,0.084,0.098,0.35,0
2026-05-28,A027,Team Cebu C,Cebu,Travel,Night,Voice,Reservations,senior,2026-05,2865000,8.6,1911.0,0.87,423.82,60.18,92.76,4.49,0.834,0.088,0.097,0.5,0
2026-05-28,A028,Team Cebu C,Cebu,Travel,Day,Voice,Reservations,new,2026-05,2865000,8.6,2029.0,0.88,486.19,68.86,90.24,4.49,0.823,0.092,0.111,0.65,0
2026-05-28,A029,Team Cebu C,Cebu,Travel,Swing,Voice,Reservations,steady,2026-05,2865000,8.6,2147.0,0.85,450.55,63.9,91.68,4.49,0.829,0.08,0.107,0.2,0
2026-05-28,A030,Team Cebu C,Cebu,Travel,Night,Voice,Reservations,senior,2026-05,2865000,8.6,2265.0,0.86,423.82,60.18,92.76,4.49,0.834,0.084,0.106,0.35,0
2026-05-28,A031,Team Cebu C,Cebu,Travel,Day,Voice,Reservations,new,2026-05,2865000,8.6,1674.0,0.87,486.19,68.86,90.24,4.49,0.823,0.088,0.105,0.5,0
2026-05-28,A032,Team Cebu C,Cebu,Travel,Swing,Voice,Reservations,steady,2026-05,2865000,8.6,1792.0,0.88,450.55,63.9,91.68,4.49,0.829,0.092,0.101,0.65,0
2026-05-28,A033,Team Cebu C,Cebu,Travel,Night,Voice,Reservations,senior,2026-05,2865000,8.6,1911.0,0.85,423.82,60.18,92.76,4.49,0.834,0.08,0.1,0.2,0
2026-05-28,A034,Team Cebu C,Cebu,Travel,Day,Voice,Reservations,new,2026-05,2865000,8.6,2029.0,0.86,486.19,68.86,90.24,4.49,0.823,0.084,0.114,0.35,0
2026-05-28,A035,Team Cebu C,Cebu,Travel,Swing,Voice,Reservations,steady,2026-05,2865000,8.6,2147.0,0.87,450.55,63.9,91.68,4.49,0.829,0.088,0.11,0.5,1
2026-05-28,A036,Team Cebu C,Cebu,Travel,Night,Voice,Reservations,senior,2026-05,2865000,8.6,2265.0,0.88,423.82,60.18,92.76,4.49,0.834,0.092,0.094,0.65,0
2026-05-28,A037,Team Davao D,Davao,Healthcare,Day,Voice,Benefits,new,2026-05,2865000,8.6,1674.0,0.847,451.2,68.86,90.24,4.55,0.827,0.071,0.108,0.2,0
2026-05-28,A038,Team Davao D,Davao,Healthcare,Swing,Voice,Benefits,steady,2026-05,2865000,8.6,1792.0,0.857,418.15,63.9,91.68,4.55,0.833,0.075,0.104,0.35,0
2026-05-28,A039,Team Davao D,Davao,Healthcare,Night,Voice,Benefits,senior,2026-05,2865000,8.6,1911.0,0.867,393.36,60.18,92.76,4.55,0.838,0.079,0.103,0.5,0
2026-05-28,A040,Team Davao D,Davao,Healthcare,Day,Voice,Benefits,new,2026-05,2865000,8.6,2029.0,0.877,451.2,68.86,90.24,4.55,0.827,0.083,0.117,0.65,0
2026-05-28,A041,Team Davao D,Davao,Healthcare,Swing,Voice,Benefits,steady,2026-05,2865000,8.6,2147.0,0.847,418.15,63.9,91.68,4.55,0.833,0.071,0.098,0.2,0
2026-05-28,A042,Team Davao D,Davao,Healthcare,Night,Voice,Benefits,senior,2026-05,2865000,8.6,2265.0,0.857,393.36,60.18,92.76,4.55,0.838,0.075,0.097,0.35,0
2026-05-28,A043,Team Davao D,Davao,Healthcare,Day,Voice,Benefits,new,2026-05,2865000,8.6,1674.0,0.867,451.2,68.86,90.24,4.55,0.827,0.079,0.111,0.5,0
2026-05-28,A044,Team Davao D,Davao,Healthcare,Swing,Voice,Benefits,steady,2026-05,2865000,8.6,1792.0,0.877,418.15,63.9,91.68,4.55,0.833,0.083,0.107,0.65,0
2026-05-28,A045,Team Davao D,Davao,Healthcare,Night,Voice,Benefits,senior,2026-05,2865000,8.6,1911.0,0.847,393.36,60.18,92.76,4.55,0.838,0.071,0.106,0.2,0
2026-05-28,A046,Team Davao D,Davao,Healthcare,Day,Voice,Benefits,new,2026-05,2865000,8.6,2029.0,0.857,451.2,68.86,90.24,4.55,0.827,0.075,0.105,0.35,0
2026-05-28,A047,Team Davao D,Davao,Healthcare,Swing,Voice,Benefits,steady,2026-05,2865000,8.6,2147.0,0.867,418.15,63.9,91.68,4.55,0.833,0.079,0.101,0.5,0
2026-05-28,A048,Team Davao D,Davao,Healthcare,Night,Voice,Benefits,senior,2026-05,2865000,8.6,2265.0,0.877,393.36,60.18,92.76,4.55,0.838,0.083,0.1,0.65,0
2026-05-29,A001,Team Manila A,Manila,Telco,Day,Voice,Retention,new,2026-05,2865000,8.6,1590.0,0.848,473.69,70.06,90.42,4.53,0.825,0.075,0.105,0.2,0
2026-05-29,A002,Team Manila A,Manila,Telco,Swing,Voice,Retention,steady,2026-05,2865000,8.6,1702.0,0.858,439.35,65.1,91.86,4.53,0.831,0.079,0.101,0.35,0
2026-05-29,A003,Team Manila A,Manila,Telco,Night,Voice,Retention,senior,2026-05,2865000,8.6,1814.0,0.868,413.59,61.38,92.94,4.53,0.836,0.083,0.1,0.5,0
2026-05-29,A004,Team Manila A,Manila,Telco,Day,Voice,Retention,new,2026-05,2865000,8.6,1926.0,0.878,473.69,70.06,90.42,4.53,0.825,0.087,0.114,0.65,0
2026-05-29,A005,Team Manila A,Manila,Telco,Swing,Voice,Retention,steady,2026-05,2865000,8.6,2039.0,0.848,439.35,65.1,91.86,4.53,0.831,0.075,0.11,0.2,0
2026-05-29,A006,Team Manila A,Manila,Telco,Night,Voice,Retention,senior,2026-05,2865000,8.6,2151.0,0.858,413.59,61.38,92.94,4.53,0.836,0.079,0.094,0.35,0
2026-05-29,A007,Team Manila A,Manila,Telco,Day,Voice,Retention,new,2026-05,2865000,8.6,1590.0,0.868,473.69,70.06,90.42,4.53,0.825,0.083,0.108,0.5,0
2026-05-29,A008,Team Manila A,Manila,Telco,Swing,Voice,Retention,steady,2026-05,2865000,8.6,1702.0,0.878,439.35,65.1,91.86,4.53,0.831,0.087,0.104,0.65,0
2026-05-29,A009,Team Manila A,Manila,Telco,Night,Voice,Retention,senior,2026-05,2865000,8.6,1814.0,0.848,413.59,61.38,92.94,4.53,0.836,0.075,0.103,0.2,0
2026-05-29,A010,Team Manila A,Manila,Telco,Day,Voice,Retention,new,2026-05,2865000,8.6,1926.0,0.858,473.69,70.06,90.42,4.53,0.825,0.079,0.117,0.35,0
2026-05-29,A011,Team Manila A,Manila,Telco,Swing,Voice,Retention,steady,2026-05,2865000,8.6,2039.0,0.868,439.35,65.1,91.86,4.53,0.831,0.083,0.098,0.5,0
2026-05-29,A012,Team Manila A,Manila,Telco,Night,Voice,Retention,senior,2026-05,2865000,8.6,2151.0,0.878,413.59,61.38,92.94,4.53,0.836,0.087,0.097,0.65,0
2026-05-29,A013,Team Manila B,Manila,Retail,Day,Voice,Order Support,new,2026-05,2865000,8.6,1590.0,0.845,438.7,70.06,90.42,4.58,0.829,0.066,0.111,0.2,0
2026-05-29,A014,Team Manila B,Manila,Retail,Swing,Voice,Order Support,steady,2026-05,2865000,8.6,1702.0,0.855,406.95,65.1,91.86,4.58,0.835,0.07,0.107,0.35,0
2026-05-29,A015,Team Manila B,Manila,Retail,Night,Voice,Order Support,senior,2026-05,2865000,8.6,1814.0,0.865,383.14,61.38,92.94,4.58,0.84,0.074,0.106,0.5,0
2026-05-29,A016,Team Manila B,Manila,Retail,Day,Voice,Order Support,new,2026-05,2865000,8.6,1926.0,0.875,438.7,70.06,90.42,4.58,0.829,0.078,0.105,0.65,0
2026-05-29,A017,Team Manila B,Manila,Retail,Swing,Voice,Order Support,steady,2026-05,2865000,8.6,2039.0,0.845,406.95,65.1,91.86,4.58,0.835,0.066,0.101,0.2,1
2026-05-29,A018,Team Manila B,Manila,Retail,Night,Voice,Order Support,senior,2026-05,2865000,8.6,2151.0,0.855,383.14,61.38,92.94,4.58,0.84,0.07,0.1,0.35,0
2026-05-29,A019,Team Manila B,Manila,Retail,Day,Voice,Order Support,new,2026-05,2865000,8.6,1590.0,0.865,438.7,70.06,90.42,4.58,0.829,0.074,0.114,0.5,0
2026-05-29,A020,Team Manila B,Manila,Retail,Swing,Voice,Order Support,steady,2026-05,2865000,8.6,1702.0,0.875,406.95,65.1,91.86,4.58,0.835,0.078,0.11,0.65,0
2026-05-29,A021,Team Manila B,Manila,Retail,Night,Voice,Order Support,senior,2026-05,2865000,8.6,1814.0,0.845,383.14,61.38,92.94,4.58,0.84,0.066,0.094,0.2,0
2026-05-29,A022,Team Manila B,Manila,Retail,Day,Voice,Order Support,new,2026-05,2865000,8.6,1926.0,0.855,438.7,70.06,90.42,4.58,0.829,0.07,0.108,0.35,0
2026-05-29,A023,Team Manila B,Manila,Retail,Swing,Voice,Order Support,steady,2026-05,2865000,8.6,2039.0,0.865,406.95,65.1,91.86,4.58,0.835,0.074,0.104,0.5,0
2026-05-29,A024,Team Manila B,Manila,Retail,Night,Voice,Order Support,senior,2026-05,2865000,8.6,2151.0,0.875,383.14,61.38,92.94,4.58,0.84,0.078,0.103,0.65,0
2026-05-29,A025,Team Cebu C,Cebu,Travel,Day,Voice,Reservations,new,2026-05,2865000,8.6,1590.0,0.85,491.19,70.06,90.42,4.5,0.823,0.08,0.117,0.2,0
2026-05-29,A026,Team Cebu C,Cebu,Travel,Swing,Voice,Reservations,steady,2026-05,2865000,8.6,1702.0,0.86,455.55,65.1,91.86,4.5,0.829,0.084,0.098,0.35,0
2026-05-29,A027,Team Cebu C,Cebu,Travel,Night,Voice,Reservations,senior,2026-05,2865000,8.6,1814.0,0.87,428.82,61.38,92.94,4.5,0.834,0.088,0.097,0.5,0
2026-05-29,A028,Team Cebu C,Cebu,Travel,Day,Voice,Reservations,new,2026-05,2865000,8.6,1926.0,0.88,491.19,70.06,90.42,4.5,0.823,0.092,0.111,0.65,0
2026-05-29,A029,Team Cebu C,Cebu,Travel,Swing,Voice,Reservations,steady,2026-05,2865000,8.6,2039.0,0.85,455.55,65.1,91.86,4.5,0.829,0.08,0.107,0.2,0
2026-05-29,A030,Team Cebu C,Cebu,Travel,Night,Voice,Reservations,senior,2026-05,2865000,8.6,2151.0,0.86,428.82,61.38,92.94,4.5,0.834,0.084,0.106,0.35,0
2026-05-29,A031,Team Cebu C,Cebu,Travel,Day,Voice,Reservations,new,2026-05,2865000,8.6,1590.0,0.87,491.19,70.06,90.42,4.5,0.823,0.088,0.105,0.5,0
2026-05-29,A032,Team Cebu C,Cebu,Travel,Swing,Voice,Reservations,steady,2026-05,2865000,8.6,1702.0,0.88,455.55,65.1,91.86,4.5,0.829,0.092,0.101,0.65,0
2026-05-29,A033,Team Cebu C,Cebu,Travel,Night,Voice,Reservations,senior,2026-05,2865000,8.6,1814.0,0.85,428.82,61.38,92.94,4.5,0.834,0.08,0.1,0.2,0
2026-05-29,A034,Team Cebu C,Cebu,Travel,Day,Voice,Reservations,new,2026-05,2865000,8.6,1926.0,0.86,491.19,70.06,90.42,4.5,0.823,0.084,0.114,0.35,0
2026-05-29,A035,Team Cebu C,Cebu,Travel,Swing,Voice,Reservations,steady,2026-05,2865000,8.6,2039.0,0.87,455.55,65.1,91.86,4.5,0.829,0.088,0.11,0.5,0
2026-05-29,A036,Team Cebu C,Cebu,Travel,Night,Voice,Reservations,senior,2026-05,2865000,8.6,2151.0,0.88,428.82,61.38,92.94,4.5,0.834,0.092,0.094,0.65,0
2026-05-29,A037,Team Davao D,Davao,Healthcare,Day,Voice,Benefits,new,2026-05,2865000,8.6,1590.0,0.847,456.2,70.06,90.42,4.56,0.827,0.071,0.108,0.2,0
2026-05-29,A038,Team Davao D,Davao,Healthcare,Swing,Voice,Benefits,steady,2026-05,2865000,8.6,1702.0,0.857,423.15,65.1,91.86,4.56,0.833,0.075,0.104,0.35,0
2026-05-29,A039,Team Davao D,Davao,Healthcare,Night,Voice,Benefits,senior,2026-05,2865000,8.6,1814.0,0.867,398.36,61.38,92.94,4.56,0.838,0.079,0.103,0.5,0
2026-05-29,A040,Team Davao D,Davao,Healthcare,Day,Voice,Benefits,new,2026-05,2865000,8.6,1926.0,0.877,456.2,70.06,90.42,4.56,0.827,0.083,0.117,0.65,0
2026-05-29,A041,Team Davao D,Davao,Healthcare,Swing,Voice,Benefits,steady,2026-05,2865000,8.6,2039.0,0.847,423.15,65.1,91.86,4.56,0.833,0.071,0.098,0.2,0
2026-05-29,A042,Team Davao D,Davao,Healthcare,Night,Voice,Benefits,senior,2026-05,2865000,8.6,2151.0,0.857,398.36,61.38,92.94,4.56,0.838,0.075,0.097,0.35,0
2026-05-29,A043,Team Davao D,Davao,Healthcare,Day,Voice,Benefits,new,2026-05,2865000,8.6,1590.0,0.867,456.2,70.06,90.42,4.56,0.827,0.079,0.111,0.5,0
2026-05-29,A044,Team Davao D,Davao,Healthcare,Swing,Voice,Benefits,steady,2026-05,2865000,8.6,1702.0,0.877,423.15,65.1,91.86,4.56,0.833,0.083,0.107,0.65,0
2026-05-29,A045,Team Davao D,Davao,Healthcare,Night,Voice,Benefits,senior,2026-05,2865000,8.6,1814.0,0.847,398.36,61.38,92.94,4.56,0.838,0.071,0.106,0.2,0
2026-05-29,A046,Team Davao D,Davao,Healthcare,Day,Voice,Benefits,new,2026-05,2865000,8.6,1926.0,0.857,456.2,70.06,90.42,4.56,0.827,0.075,0.105,0.35,0
2026-05-29,A047,Team Davao D,Davao,Healthcare,Swing,Voice,Benefits,steady,2026-05,2865000,8.6,2039.0,0.867,423.15,65.1,91.86,4.56,0.833,0.079,0.101,0.5,0
2026-05-29,A048,Team Davao D,Davao,Healthcare,Night,Voice,Benefits,senior,2026-05,2865000,8.6,2151.0,0.877,398.36,61.38,92.94,4.56,0.838,0.083,0.1,0.65,0
2026-05-30,A001,Team Manila A,Manila,Telco,Day,Voice,Retention,new,2026-05,2865000,8.6,1218.0,0.848,478.69,71.26,90.6,4.54,0.825,0.075,0.105,0.2,0
2026-05-30,A002,Team Manila A,Manila,Telco,Swing,Voice,Retention,steady,2026-05,2865000,8.6,1304.0,0.858,444.35,66.3,92.04,4.54,0.831,0.079,0.101,0.35,0
2026-05-30,A003,Team Manila A,Manila,Telco,Night,Voice,Retention,senior,2026-05,2865000,8.6,1390.0,0.868,418.59,62.58,93.12,4.54,0.836,0.083,0.1,0.5,0
2026-05-30,A004,Team Manila A,Manila,Telco,Day,Voice,Retention,new,2026-05,2865000,8.6,1475.0,0.878,478.69,71.26,90.6,4.54,0.825,0.087,0.114,0.65,0
2026-05-30,A005,Team Manila A,Manila,Telco,Swing,Voice,Retention,steady,2026-05,2865000,8.6,1561.0,0.848,444.35,66.3,92.04,4.54,0.831,0.075,0.11,0.2,0
2026-05-30,A006,Team Manila A,Manila,Telco,Night,Voice,Retention,senior,2026-05,2865000,8.6,1647.0,0.858,418.59,62.58,93.12,4.54,0.836,0.079,0.094,0.35,0
2026-05-30,A007,Team Manila A,Manila,Telco,Day,Voice,Retention,new,2026-05,2865000,8.6,1218.0,0.868,478.69,71.26,90.6,4.54,0.825,0.083,0.108,0.5,0
2026-05-30,A008,Team Manila A,Manila,Telco,Swing,Voice,Retention,steady,2026-05,2865000,8.6,1304.0,0.878,444.35,66.3,92.04,4.54,0.831,0.087,0.104,0.65,0
2026-05-30,A009,Team Manila A,Manila,Telco,Night,Voice,Retention,senior,2026-05,2865000,8.6,1390.0,0.848,418.59,62.58,93.12,4.54,0.836,0.075,0.103,0.2,0
2026-05-30,A010,Team Manila A,Manila,Telco,Day,Voice,Retention,new,2026-05,2865000,8.6,1475.0,0.858,478.69,71.26,90.6,4.54,0.825,0.079,0.117,0.35,0
2026-05-30,A011,Team Manila A,Manila,Telco,Swing,Voice,Retention,steady,2026-05,2865000,8.6,1561.0,0.868,444.35,66.3,92.04,4.54,0.831,0.083,0.098,0.5,0
2026-05-30,A012,Team Manila A,Manila,Telco,Night,Voice,Retention,senior,2026-05,2865000,8.6,1647.0,0.878,418.59,62.58,93.12,4.54,0.836,0.087,0.097,0.65,0
2026-05-30,A013,Team Manila B,Manila,Retail,Day,Voice,Order Support,new,2026-05,2865000,8.6,1218.0,0.845,443.7,71.26,90.6,4.59,0.829,0.066,0.111,0.2,0
2026-05-30,A014,Team Manila B,Manila,Retail,Swing,Voice,Order Support,steady,2026-05,2865000,8.6,1304.0,0.855,411.95,66.3,92.04,4.59,0.835,0.07,0.107,0.35,0
2026-05-30,A015,Team Manila B,Manila,Retail,Night,Voice,Order Support,senior,2026-05,2865000,8.6,1390.0,0.865,388.14,62.58,93.12,4.59,0.84,0.074,0.106,0.5,0
2026-05-30,A016,Team Manila B,Manila,Retail,Day,Voice,Order Support,new,2026-05,2865000,8.6,1475.0,0.875,443.7,71.26,90.6,4.59,0.829,0.078,0.105,0.65,0
2026-05-30,A017,Team Manila B,Manila,Retail,Swing,Voice,Order Support,steady,2026-05,2865000,8.6,1561.0,0.845,411.95,66.3,92.04,4.59,0.835,0.066,0.101,0.2,0
2026-05-30,A018,Team Manila B,Manila,Retail,Night,Voice,Order Support,senior,2026-05,2865000,8.6,1647.0,0.855,388.14,62.58,93.12,4.59,0.84,0.07,0.1,0.35,0
2026-05-30,A019,Team Manila B,Manila,Retail,Day,Voice,Order Support,new,2026-05,2865000,8.6,1218.0,0.865,443.7,71.26,90.6,4.59,0.829,0.074,0.114,0.5,0
2026-05-30,A020,Team Manila B,Manila,Retail,Swing,Voice,Order Support,steady,2026-05,2865000,8.6,1304.0,0.875,411.95,66.3,92.04,4.59,0.835,0.078,0.11,0.65,0
2026-05-30,A021,Team Manila B,Manila,Retail,Night,Voice,Order Support,senior,2026-05,2865000,8.6,1390.0,0.845,388.14,62.58,93.12,4.59,0.84,0.066,0.094,0.2,0
2026-05-30,A022,Team Manila B,Manila,Retail,Day,Voice,Order Support,new,2026-05,2865000,8.6,1475.0,0.855,443.7,71.26,90.6,4.59,0.829,0.07,0.108,0.35,0
2026-05-30,A023,Team Manila B,Manila,Retail,Swing,Voice,Order Support,steady,2026-05,2865000,8.6,1561.0,0.865,411.95,66.3,92.04,4.59,0.835,0.074,0.104,0.5,0
2026-05-30,A024,Team Manila B,Manila,Retail,Night,Voice,Order Support,senior,2026-05,2865000,8.6,1647.0,0.875,388.14,62.58,93.12,4.59,0.84,0.078,0.103,0.65,0
2026-05-30,A025,Team Cebu C,Cebu,Travel,Day,Voice,Reservations,new,2026-05,2865000,8.6,1218.0,0.85,496.19,71.26,90.6,4.51,0.823,0.08,0.117,0.2,0
2026-05-30,A026,Team Cebu C,Cebu,Travel,Swing,Voice,Reservations,steady,2026-05,2865000,8.6,1304.0,0.86,460.55,66.3,92.04,4.51,0.829,0.084,0.098,0.35,0
2026-05-30,A027,Team Cebu C,Cebu,Travel,Night,Voice,Reservations,senior,2026-05,2865000,8.6,1390.0,0.87,433.82,62.58,93.12,4.51,0.834,0.088,0.097,0.5,0
2026-05-30,A028,Team Cebu C,Cebu,Travel,Day,Voice,Reservations,new,2026-05,2865000,8.6,1475.0,0.88,496.19,71.26,90.6,4.51,0.823,0.092,0.111,0.65,0
2026-05-30,A029,Team Cebu C,Cebu,Travel,Swing,Voice,Reservations,steady,2026-05,2865000,8.6,1561.0,0.85,460.55,66.3,92.04,4.51,0.829,0.08,0.107,0.2,0
2026-05-30,A030,Team Cebu C,Cebu,Travel,Night,Voice,Reservations,senior,2026-05,2865000,8.6,1647.0,0.86,433.82,62.58,93.12,4.51,0.834,0.084,0.106,0.35,0
2026-05-30,A031,Team Cebu C,Cebu,Travel,Day,Voice,Reservations,new,2026-05,2865000,8.6,1218.0,0.87,496.19,71.26,90.6,4.51,0.823,0.088,0.105,0.5,0
2026-05-30,A032,Team Cebu C,Cebu,Travel,Swing,Voice,Reservations,steady,2026-05,2865000,8.6,1304.0,0.88,460.55,66.3,92.04,4.51,0.829,0.092,0.101,0.65,0
2026-05-30,A033,Team Cebu C,Cebu,Travel,Night,Voice,Reservations,senior,2026-05,2865000,8.6,1390.0,0.85,433.82,62.58,93.12,4.51,0.834,0.08,0.1,0.2,0
2026-05-30,A034,Team Cebu C,Cebu,Travel,Day,Voice,Reservations,new,2026-05,2865000,8.6,1475.0,0.86,496.19,71.26,90.6,4.51,0.823,0.084,0.114,0.35,0
2026-05-30,A035,Team Cebu C,Cebu,Travel,Swing,Voice,Reservations,steady,2026-05,2865000,8.6,1561.0,0.87,460.55,66.3,92.04,4.51,0.829,0.088,0.11,0.5,0
2026-05-30,A036,Team Cebu C,Cebu,Travel,Night,Voice,Reservations,senior,2026-05,2865000,8.6,1647.0,0.88,433.82,62.58,93.12,4.51,0.834,0.092,0.094,0.65,0
2026-05-30,A037,Team Davao D,Davao,Healthcare,Day,Voice,Benefits,new,2026-05,2865000,8.6,1218.0,0.847,461.2,71.26,90.6,4.57,0.827,0.071,0.108,0.2,0
2026-05-30,A038,Team Davao D,Davao,Healthcare,Swing,Voice,Benefits,steady,2026-05,2865000,8.6,1304.0,0.857,428.15,66.3,92.04,4.57,0.833,0.075,0.104,0.35,0
2026-05-30,A039,Team Davao D,Davao,Healthcare,Night,Voice,Benefits,senior,2026-05,2865000,8.6,1390.0,0.867,403.36,62.58,93.12,4.57,0.838,0.079,0.103,0.5,0
2026-05-30,A040,Team Davao D,Davao,Healthcare,Day,Voice,Benefits,new,2026-05,2865000,8.6,1475.0,0.877,461.2,71.26,90.6,4.57,0.827,0.083,0.117,0.65,0
2026-05-30,A041,Team Davao D,Davao,Healthcare,Swing,Voice,Benefits,steady,2026-05,2865000,8.6,1561.0,0.847,428.15,66.3,92.04,4.57,0.833,0.071,0.098,0.2,0
2026-05-30,A042,Team Davao D,Davao,Healthcare,Night,Voice,Benefits,senior,2026-05,2865000,8.6,1647.0,0.857,403.36,62.58,93.12,4.57,0.838,0.075,0.097,0.35,0
2026-05-30,A043,Team Davao D,Davao,Healthcare,Day,Voice,Benefits,new,2026-05,2865000,8.6,1218.0,0.867,461.2,71.26,90.6,4.57,0.827,0.079,0.111,0.5,0
2026-05-30,A044,Team Davao D,Davao,Healthcare,Swing,Voice,Benefits,steady,2026-05,2865000,8.6,1304.0,0.877,428.15,66.3,92.04,4.57,0.833,0.083,0.107,0.65,0
2026-05-30,A045,Team Davao D,Davao,Healthcare,Night,Voice,Benefits,senior,2026-05,2865000,8.6,1390.0,0.847,403.36,62.58,93.12,4.57,0.838,0.071,0.106,0.2,0
2026-05-30,A046,Team Davao D,Davao,Healthcare,Day,Voice,Benefits,new,2026-05,2865000,8.6,1475.0,0.857,461.2,71.26,90.6,4.57,0.827,0.075,0.105,0.35,0
2026-05-30,A047,Team Davao D,Davao,Healthcare,Swing,Voice,Benefits,steady,2026-05,2865000,8.6,1561.0,0.867,428.15,66.3,92.04,4.57,0.833,0.079,0.101,0.5,0
2026-05-30,A048,Team Davao D,Davao,Healthcare,Night,Voice,Benefits,senior,2026-05,2865000,8.6,1647.0,0.877,403.36,62.58,93.12,4.57,0.838,0.083,0.1,0.65,0
2026-05-31,A001,Team Manila A,Manila,Telco,Day,Voice,Retention,new,2026-05,2865000,8.6,1116.0,0.848,483.69,72.46,90.42,4.53,0.825,0.075,0.105,0.28,0
2026-05-31,A002,Team Manila A,Manila,Telco,Swing,Voice,Retention,steady,2026-05,2865000,8.6,1195.0,0.858,449.35,67.5,91.86,4.53,0.831,0.079,0.101,0.43,0
2026-05-31,A003,Team Manila A,Manila,Telco,Night,Voice,Retention,senior,2026-05,2865000,8.6,1274.0,0.868,423.59,63.78,92.94,4.53,0.836,0.083,0.1,0.58,0
2026-05-31,A004,Team Manila A,Manila,Telco,Day,Voice,Retention,new,2026-05,2865000,8.6,1353.0,0.878,483.69,72.46,90.42,4.53,0.825,0.087,0.114,0.73,0
2026-05-31,A005,Team Manila A,Manila,Telco,Swing,Voice,Retention,steady,2026-05,2865000,8.6,1431.0,0.848,449.35,67.5,91.86,4.53,0.831,0.075,0.11,0.28,0
2026-05-31,A006,Team Manila A,Manila,Telco,Night,Voice,Retention,senior,2026-05,2865000,8.6,1510.0,0.858,423.59,63.78,92.94,4.53,0.836,0.079,0.094,0.43,0
2026-05-31,A007,Team Manila A,Manila,Telco,Day,Voice,Retention,new,2026-05,2865000,8.6,1116.0,0.868,483.69,72.46,90.42,4.53,0.825,0.083,0.108,0.58,0
2026-05-31,A008,Team Manila A,Manila,Telco,Swing,Voice,Retention,steady,2026-05,2865000,8.6,1195.0,0.878,449.35,67.5,91.86,4.53,0.831,0.087,0.104,0.73,0
2026-05-31,A009,Team Manila A,Manila,Telco,Night,Voice,Retention,senior,2026-05,2865000,8.6,1274.0,0.848,423.59,63.78,92.94,4.53,0.836,0.075,0.103,0.28,0
2026-05-31,A010,Team Manila A,Manila,Telco,Day,Voice,Retention,new,2026-05,2865000,8.6,1353.0,0.858,483.69,72.46,90.42,4.53,0.825,0.079,0.117,0.43,0
2026-05-31,A011,Team Manila A,Manila,Telco,Swing,Voice,Retention,steady,2026-05,2865000,8.6,1431.0,0.868,449.35,67.5,91.86,4.53,0.831,0.083,0.098,0.58,0
2026-05-31,A012,Team Manila A,Manila,Telco,Night,Voice,Retention,senior,2026-05,2865000,8.6,1510.0,0.878,423.59,63.78,92.94,4.53,0.836,0.087,0.097,0.73,0
2026-05-31,A013,Team Manila B,Manila,Retail,Day,Voice,Order Support,new,2026-05,2865000,8.6,1116.0,0.845,448.7,72.46,90.42,4.58,0.829,0.066,0.111,0.28,0
2026-05-31,A014,Team Manila B,Manila,Retail,Swing,Voice,Order Support,steady,2026-05,2865000,8.6,1195.0,0.855,416.95,67.5,91.86,4.58,0.835,0.07,0.107,0.43,0
2026-05-31,A015,Team Manila B,Manila,Retail,Night,Voice,Order Support,senior,2026-05,2865000,8.6,1274.0,0.865,393.14,63.78,92.94,4.58,0.84,0.074,0.106,0.58,0
2026-05-31,A016,Team Manila B,Manila,Retail,Day,Voice,Order Support,new,2026-05,2865000,8.6,1353.0,0.875,448.7,72.46,90.42,4.58,0.829,0.078,0.105,0.73,0
2026-05-31,A017,Team Manila B,Manila,Retail,Swing,Voice,Order Support,steady,2026-05,2865000,8.6,1431.0,0.845,416.95,67.5,91.86,4.58,0.835,0.066,0.101,0.28,0
2026-05-31,A018,Team Manila B,Manila,Retail,Night,Voice,Order Support,senior,2026-05,2865000,8.6,1510.0,0.855,393.14,63.78,92.94,4.58,0.84,0.07,0.1,0.43,0
2026-05-31,A019,Team Manila B,Manila,Retail,Day,Voice,Order Support,new,2026-05,2865000,8.6,1116.0,0.865,448.7,72.46,90.42,4.58,0.829,0.074,0.114,0.58,0
2026-05-31,A020,Team Manila B,Manila,Retail,Swing,Voice,Order Support,steady,2026-05,2865000,8.6,1195.0,0.875,416.95,67.5,91.86,4.58,0.835,0.078,0.11,0.73,0
2026-05-31,A021,Team Manila B,Manila,Retail,Night,Voice,Order Support,senior,2026-05,2865000,8.6,1274.0,0.845,393.14,63.78,92.94,4.58,0.84,0.066,0.094,0.28,0
2026-05-31,A022,Team Manila B,Manila,Retail,Day,Voice,Order Support,new,2026-05,2865000,8.6,1353.0,0.855,448.7,72.46,90.42,4.58,0.829,0.07,0.108,0.43,0
2026-05-31,A023,Team Manila B,Manila,Retail,Swing,Voice,Order Support,steady,2026-05,2865000,8.6,1431.0,0.865,416.95,67.5,91.86,4.58,0.835,0.074,0.104,0.58,0
2026-05-31,A024,Team Manila B,Manila,Retail,Night,Voice,Order Support,senior,2026-05,2865000,8.6,1510.0,0.875,393.14,63.78,92.94,4.58,0.84,0.078,0.103,0.73,0
2026-05-31,A025,Team Cebu C,Cebu,Travel,Day,Voice,Reservations,new,2026-05,2865000,8.6,1116.0,0.85,501.19,72.46,90.42,4.5,0.823,0.08,0.117,0.28,0
2026-05-31,A026,Team Cebu C,Cebu,Travel,Swing,Voice,Reservations,steady,2026-05,2865000,8.6,1195.0,0.86,465.55,67.5,91.86,4.5,0.829,0.084,0.098,0.43,0
2026-05-31,A027,Team Cebu C,Cebu,Travel,Night,Voice,Reservations,senior,2026-05,2865000,8.6,1274.0,0.87,438.82,63.78,92.94,4.5,0.834,0.088,0.097,0.58,0
2026-05-31,A028,Team Cebu C,Cebu,Travel,Day,Voice,Reservations,new,2026-05,2865000,8.6,1353.0,0.88,501.19,72.46,90.42,4.5,0.823,0.092,0.111,0.73,0
2026-05-31,A029,Team Cebu C,Cebu,Travel,Swing,Voice,Reservations,steady,2026-05,2865000,8.6,1431.0,0.85,465.55,67.5,91.86,4.5,0.829,0.08,0.107,0.28,0
2026-05-31,A030,Team Cebu C,Cebu,Travel,Night,Voice,Reservations,senior,2026-05,2865000,8.6,1510.0,0.86,438.82,63.78,92.94,4.5,0.834,0.084,0.106,0.43,0
2026-05-31,A031,Team Cebu C,Cebu,Travel,Day,Voice,Reservations,new,2026-05,2865000,8.6,1116.0,0.87,501.19,72.46,90.42,4.5,0.823,0.088,0.105,0.58,0
2026-05-31,A032,Team Cebu C,Cebu,Travel,Swing,Voice,Reservations,steady,2026-05,2865000,8.6,1195.0,0.88,465.55,67.5,91.86,4.5,0.829,0.092,0.101,0.73,0
2026-05-31,A033,Team Cebu C,Cebu,Travel,Night,Voice,Reservations,senior,2026-05,2865000,8.6,1274.0,0.85,438.82,63.78,92.94,4.5,0.834,0.08,0.1,0.28,0
2026-05-31,A034,Team Cebu C,Cebu,Travel,Day,Voice,Reservations,new,2026-05,2865000,8.6,1353.0,0.86,501.19,72.46,90.42,4.5,0.823,0.084,0.114,0.43,1
2026-05-31,A035,Team Cebu C,Cebu,Travel,Swing,Voice,Reservations,steady,2026-05,2865000,8.6,1431.0,0.87,465.55,67.5,91.86,4.5,0.829,0.088,0.11,0.58,0
2026-05-31,A036,Team Cebu C,Cebu,Travel,Night,Voice,Reservations,senior,2026-05,2865000,8.6,1510.0,0.88,438.82,63.78,92.94,4.5,0.834,0.092,0.094,0.73,0
2026-05-31,A037,Team Davao D,Davao,Healthcare,Day,Voice,Benefits,new,2026-05,2865000,8.6,1116.0,0.847,466.2,72.46,90.42,4.56,0.827,0.071,0.108,0.28,0
2026-05-31,A038,Team Davao D,Davao,Healthcare,Swing,Voice,Benefits,steady,2026-05,2865000,8.6,1195.0,0.857,433.15,67.5,91.86,4.56,0.833,0.075,0.104,0.43,0
2026-05-31,A039,Team Davao D,Davao,Healthcare,Night,Voice,Benefits,senior,2026-05,2865000,8.6,1274.0,0.867,408.36,63.78,92.94,4.56,0.838,0.079,0.103,0.58,0
2026-05-31,A040,Team Davao D,Davao,Healthcare,Day,Voice,Benefits,new,2026-05,2865000,8.6,1353.0,0.877,466.2,72.46,90.42,4.56,0.827,0.083,0.117,0.73,0
2026-05-31,A041,Team Davao D,Davao,Healthcare,Swing,Voice,Benefits,steady,2026-05,2865000,8.6,1431.0,0.847,433.15,67.5,91.86,4.56,0.833,0.071,0.098,0.28,0
2026-05-31,A042,Team Davao D,Davao,Healthcare,Night,Voice,Benefits,senior,2026-05,2865000,8.6,1510.0,0.857,408.36,63.78,92.94,4.56,0.838,0.075,0.097,0.43,0
2026-05-31,A043,Team Davao D,Davao,Healthcare,Day,Voice,Benefits,new,2026-05,2865000,8.6,1116.0,0.867,466.2,72.46,90.42,4.56,0.827,0.079,0.111,0.58,0
2026-05-31,A044,Team Davao D,Davao,Healthcare,Swing,Voice,Benefits,steady,2026-05,2865000,8.6,1195.0,0.877,433.15,67.5,91.86,4.56,0.833,0.083,0.107,0.73,0
2026-05-31,A045,Team Davao D,Davao,Healthcare,Night,Voice,Benefits,senior,2026-05,2865000,8.6,1274.0,0.847,408.36,63.78,92.94,4.56,0.838,0.071,0.106,0.28,0
2026-05-31,A046,Team Davao D,Davao,Healthcare,Day,Voice,Benefits,new,2026-05,2865000,8.6,1353.0,0.857,466.2,72.46,90.42,4.56,0.827,0.075,0.105,0.43,0
2026-05-31,A047,Team Davao D,Davao,Healthcare,Swing,Voice,Benefits,steady,2026-05,2865000,8.6,1431.0,0.867,433.15,67.5,91.86,4.56,0.833,0.079,0.101,0.58,0
2026-05-31,A048,Team Davao D,Davao,Healthcare,Night,Voice,Benefits,senior,2026-05,2865000,8.6,1510.0,0.877,408.36,63.78,92.94,4.56,0.838,0.083,0.1,0.73,0
2026-06-01,A001,Team Manila A,Manila,Telco,Day,Voice,Retention,new,2026-06,2540000,6.8,1619.0,0.83,485.54,72.76,90.32,4.52,0.825,0.073,0.103,0.36,0
2026-06-01,A002,Team Manila A,Manila,Telco,Swing,Voice,Retention,steady,2026-06,2540000,6.8,1734.0,0.84,451.2,67.8,91.76,4.52,0.831,0.077,0.1,0.51,0
2026-06-01,A003,Team Manila A,Manila,Telco,Night,Voice,Retention,senior,2026-06,2540000,6.8,1848.0,0.85,425.44,64.08,92.84,4.52,0.836,0.081,0.098,0.66,0
2026-06-01,A004,Team Manila A,Manila,Telco,Day,Voice,Retention,new,2026-06,2540000,6.8,1962.0,0.86,485.54,72.76,90.32,4.52,0.825,0.085,0.112,0.81,0
2026-06-01,A005,Team Manila A,Manila,Telco,Swing,Voice,Retention,steady,2026-06,2540000,6.8,2076.0,0.83,451.2,67.8,91.76,4.52,0.831,0.073,0.109,0.36,0
2026-06-01,A006,Team Manila A,Manila,Telco,Night,Voice,Retention,senior,2026-06,2540000,6.8,2191.0,0.84,425.44,64.08,92.84,4.52,0.836,0.077,0.092,0.51,0
2026-06-01,A007,Team Manila A,Manila,Telco,Day,Voice,Retention,new,2026-06,2540000,6.8,1619.0,0.85,485.54,72.76,90.32,4.52,0.825,0.081,0.106,0.66,0
2026-06-01,A008,Team Manila A,Manila,Telco,Swing,Voice,Retention,steady,2026-06,2540000,6.8,1734.0,0.86,451.2,67.8,91.76,4.52,0.831,0.085,0.103,0.81,0
2026-06-01,A009,Team Manila A,Manila,Telco,Night,Voice,Retention,senior,2026-06,2540000,6.8,1848.0,0.83,425.44,64.08,92.84,4.52,0.836,0.073,0.101,0.36,0
2026-06-01,A010,Team Manila A,Manila,Telco,Day,Voice,Retention,new,2026-06,2540000,6.8,1962.0,0.84,485.54,72.76,90.32,4.52,0.825,0.077,0.115,0.51,0
2026-06-01,A011,Team Manila A,Manila,Telco,Swing,Voice,Retention,steady,2026-06,2540000,6.8,2076.0,0.85,451.2,67.8,91.76,4.52,0.831,0.081,0.097,0.66,0
2026-06-01,A012,Team Manila A,Manila,Telco,Night,Voice,Retention,senior,2026-06,2540000,6.8,2191.0,0.86,425.44,64.08,92.84,4.52,0.836,0.085,0.095,0.81,0
2026-06-01,A013,Team Manila B,Manila,Retail,Day,Voice,Order Support,new,2026-06,2540000,6.8,1619.0,0.827,450.55,72.76,90.32,4.58,0.829,0.064,0.109,0.36,0
2026-06-01,A014,Team Manila B,Manila,Retail,Swing,Voice,Order Support,steady,2026-06,2540000,6.8,1734.0,0.837,418.8,67.8,91.76,4.58,0.835,0.068,0.106,0.51,0
2026-06-01,A015,Team Manila B,Manila,Retail,Night,Voice,Order Support,senior,2026-06,2540000,6.8,1848.0,0.847,394.99,64.08,92.84,4.58,0.84,0.072,0.104,0.66,0
2026-06-01,A016,Team Manila B,Manila,Retail,Day,Voice,Order Support,new,2026-06,2540000,6.8,1962.0,0.857,450.55,72.76,90.32,4.58,0.829,0.075,0.103,0.81,1
2026-06-01,A017,Team Manila B,Manila,Retail,Swing,Voice,Order Support,steady,2026-06,2540000,6.8,2076.0,0.827,418.8,67.8,91.76,4.58,0.835,0.064,0.1,0.36,0
2026-06-01,A018,Team Manila B,Manila,Retail,Night,Voice,Order Support,senior,2026-06,2540000,6.8,2191.0,0.837,394.99,64.08,92.84,4.58,0.84,0.068,0.098,0.51,0
2026-06-01,A019,Team Manila B,Manila,Retail,Day,Voice,Order Support,new,2026-06,2540000,6.8,1619.0,0.847,450.55,72.76,90.32,4.58,0.829,0.072,0.112,0.66,0
2026-06-01,A020,Team Manila B,Manila,Retail,Swing,Voice,Order Support,steady,2026-06,2540000,6.8,1734.0,0.857,418.8,67.8,91.76,4.58,0.835,0.075,0.109,0.81,0
2026-06-01,A021,Team Manila B,Manila,Retail,Night,Voice,Order Support,senior,2026-06,2540000,6.8,1848.0,0.827,394.99,64.08,92.84,4.58,0.84,0.064,0.092,0.36,0
2026-06-01,A022,Team Manila B,Manila,Retail,Day,Voice,Order Support,new,2026-06,2540000,6.8,1962.0,0.837,450.55,72.76,90.32,4.58,0.829,0.068,0.106,0.51,0
2026-06-01,A023,Team Manila B,Manila,Retail,Swing,Voice,Order Support,steady,2026-06,2540000,6.8,2076.0,0.847,418.8,67.8,91.76,4.58,0.835,0.072,0.103,0.66,0
2026-06-01,A024,Team Manila B,Manila,Retail,Night,Voice,Order Support,senior,2026-06,2540000,6.8,2191.0,0.857,394.99,64.08,92.84,4.58,0.84,0.075,0.101,0.81,0
2026-06-01,A025,Team Cebu C,Cebu,Travel,Day,Voice,Reservations,new,2026-06,2540000,6.8,1619.0,0.832,503.04,72.76,90.32,4.49,0.823,0.078,0.115,0.36,0
2026-06-01,A026,Team Cebu C,Cebu,Travel,Swing,Voice,Reservations,steady,2026-06,2540000,6.8,1734.0,0.842,467.4,67.8,91.76,4.49,0.829,0.082,0.097,0.51,0
2026-06-01,A027,Team Cebu C,Cebu,Travel,Night,Voice,Reservations,senior,2026-06,2540000,6.8,1848.0,0.852,440.67,64.08,92.84,4.49,0.834,0.086,0.095,0.66,0
2026-06-01,A028,Team Cebu C,Cebu,Travel,Day,Voice,Reservations,new,2026-06,2540000,6.8,1962.0,0.862,503.04,72.76,90.32,4.49,0.823,0.09,0.109,0.81,0
2026-06-01,A029,Team Cebu C,Cebu,Travel,Swing,Voice,Reservations,steady,2026-06,2540000,6.8,2076.0,0.832,467.4,67.8,91.76,4.49,0.829,0.078,0.106,0.36,0
2026-06-01,A030,Team Cebu C,Cebu,Travel,Night,Voice,Reservations,senior,2026-06,2540000,6.8,2191.0,0.842,440.67,64.08,92.84,4.49,0.834,0.082,0.104,0.51,0
2026-06-01,A031,Team Cebu C,Cebu,Travel,Day,Voice,Reservations,new,2026-06,2540000,6.8,1619.0,0.852,503.04,72.76,90.32,4.49,0.823,0.086,0.103,0.66,0
2026-06-01,A032,Team Cebu C,Cebu,Travel,Swing,Voice,Reservations,steady,2026-06,2540000,6.8,1734.0,0.862,467.4,67.8,91.76,4.49,0.829,0.09,0.1,0.81,0
2026-06-01,A033,Team Cebu C,Cebu,Travel,Night,Voice,Reservations,senior,2026-06,2540000,6.8,1848.0,0.832,440.67,64.08,92.84,4.49,0.834,0.078,0.098,0.36,0
2026-06-01,A034,Team Cebu C,Cebu,Travel,Day,Voice,Reservations,new,2026-06,2540000,6.8,1962.0,0.842,503.04,72.76,90.32,4.49,0.823,0.082,0.112,0.51,0
2026-06-01,A035,Team Cebu C,Cebu,Travel,Swing,Voice,Reservations,steady,2026-06,2540000,6.8,2076.0,0.852,467.4,67.8,91.76,4.49,0.829,0.086,0.109,0.66,0
2026-06-01,A036,Team Cebu C,Cebu,Travel,Night,Voice,Reservations,senior,2026-06,2540000,6.8,2191.0,0.862,440.67,64.08,92.84,4.49,0.834,0.09,0.092,0.81,0
2026-06-01,A037,Team Davao D,Davao,Healthcare,Day,Voice,Benefits,new,2026-06,2540000,6.8,1619.0,0.829,468.05,72.76,90.32,4.55,0.827,0.068,0.106,0.36,0
2026-06-01,A038,Team Davao D,Davao,Healthcare,Swing,Voice,Benefits,steady,2026-06,2540000,6.8,1734.0,0.839,435.0,67.8,91.76,4.55,0.833,0.072,0.103,0.51,0
2026-06-01,A039,Team Davao D,Davao,Healthcare,Night,Voice,Benefits,senior,2026-06,2540000,6.8,1848.0,0.849,410.21,64.08,92.84,4.55,0.838,0.076,0.101,0.66,0
2026-06-01,A040,Team Davao D,Davao,Healthcare,Day,Voice,Benefits,new,2026-06,2540000,6.8,1962.0,0.859,468.05,72.76,90.32,4.55,0.827,0.08,0.115,0.81,0
2026-06-01,A041,Team Davao D,Davao,Healthcare,Swing,Voice,Benefits,steady,2026-06,2540000,6.8,2076.0,0.829,435.0,67.8,91.76,4.55,0.833,0.068,0.097,0.36,0
2026-06-01,A042,Team Davao D,Davao,Healthcare,Night,Voice,Benefits,senior,2026-06,2540000,6.8,2191.0,0.839,410.21,64.08,92.84,4.55,0.838,0.072,0.095,0.51,0
2026-06-01,A043,Team Davao D,Davao,Healthcare,Day,Voice,Benefits,new,2026-06,2540000,6.8,1619.0,0.849,468.05,72.76,90.32,4.55,0.827,0.076,0.109,0.66,0
2026-06-01,A044,Team Davao D,Davao,Healthcare,Swing,Voice,Benefits,steady,2026-06,2540000,6.8,1734.0,0.859,435.0,67.8,91.76,4.55,0.833,0.08,0.106,0.81,0
2026-06-01,A045,Team Davao D,Davao,Healthcare,Night,Voice,Benefits,senior,2026-06,2540000,6.8,1848.0,0.829,410.21,64.08,92.84,4.55,0.838,0.068,0.104,0.36,0
2026-06-01,A046,Team Davao D,Davao,Healthcare,Day,Voice,Benefits,new,2026-06,2540000,6.8,1962.0,0.839,468.05,72.76,90.32,4.55,0.827,0.072,0.103,0.51,0
2026-06-01,A047,Team Davao D,Davao,Healthcare,Swing,Voice,Benefits,steady,2026-06,2540000,6.8,2076.0,0.849,435.0,67.8,91.76,4.55,0.833,0.076,0.1,0.66,0
2026-06-01,A048,Team Davao D,Davao,Healthcare,Night,Voice,Benefits,senior,2026-06,2540000,6.8,2191.0,0.859,410.21,64.08,92.84,4.55,0.838,0.08,0.098,0.81,0
2026-06-02,A001,Team Manila A,Manila,Telco,Day,Voice,Retention,new,2026-06,2540000,6.8,1559.0,0.83,490.54,73.96,90.14,4.51,0.825,0.073,0.103,0.44,0
2026-06-02,A002,Team Manila A,Manila,Telco,Swing,Voice,Retention,steady,2026-06,2540000,6.8,1669.0,0.84,456.2,69.0,91.58,4.51,0.831,0.077,0.1,0.59,0
2026-06-02,A003,Team Manila A,Manila,Telco,Night,Voice,Retention,senior,2026-06,2540000,6.8,1779.0,0.85,430.44,65.28,92.66,4.51,0.836,0.081,0.098,0.74,0
2026-06-02,A004,Team Manila A,Manila,Telco,Day,Voice,Retention,new,2026-06,2540000,6.8,1889.0,0.86,490.54,73.96,90.14,4.51,0.825,0.085,0.112,0.89,0
2026-06-02,A005,Team Manila A,Manila,Telco,Swing,Voice,Retention,steady,2026-06,2540000,6.8,2000.0,0.83,456.2,69.0,91.58,4.51,0.831,0.073,0.109,0.44,0
2026-06-02,A006,Team Manila A,Manila,Telco,Night,Voice,Retention,senior,2026-06,2540000,6.8,2110.0,0.84,430.44,65.28,92.66,4.51,0.836,0.077,0.092,0.59,0
2026-06-02,A007,Team Manila A,Manila,Telco,Day,Voice,Retention,new,2026-06,2540000,6.8,1559.0,0.85,490.54,73.96,90.14,4.51,0.825,0.081,0.106,0.74,0
2026-06-02,A008,Team Manila A,Manila,Telco,Swing,Voice,Retention,steady,2026-06,2540000,6.8,1669.0,0.86,456.2,69.0,91.58,4.51,0.831,0.085,0.103,0.89,0
2026-06-02,A009,Team Manila A,Manila,Telco,Night,Voice,Retention,senior,2026-06,2540000,6.8,1779.0,0.83,430.44,65.28,92.66,4.51,0.836,0.073,0.101,0.44,0
2026-06-02,A010,Team Manila A,Manila,Telco,Day,Voice,Retention,new,2026-06,2540000,6.8,1889.0,0.84,490.54,73.96,90.14,4.51,0.825,0.077,0.115,0.59,0
2026-06-02,A011,Team Manila A,Manila,Telco,Swing,Voice,Retention,steady,2026-06,2540000,6.8,2000.0,0.85,456.2,69.0,91.58,4.51,0.831,0.081,0.097,0.74,0
2026-06-02,A012,Team Manila A,Manila,Telco,Night,Voice,Retention,senior,2026-06,2540000,6.8,2110.0,0.86,430.44,65.28,92.66,4.51,0.836,0.085,0.095,0.89,0
2026-06-02,A013,Team Manila B,Manila,Retail,Day,Voice,Order Support,new,2026-06,2540000,6.8,1559.0,0.827,455.55,73.96,90.14,4.57,0.829,0.064,0.109,0.44,0
2026-06-02,A014,Team Manila B,Manila,Retail,Swing,Voice,Order Support,steady,2026-06,2540000,6.8,1669.0,0.837,423.8,69.0,91.58,4.57,0.835,0.068,0.106,0.59,0
2026-06-02,A015,Team Manila B,Manila,Retail,Night,Voice,Order Support,senior,2026-06,2540000,6.8,1779.0,0.847,399.99,65.28,92.66,4.57,0.84,0.072,0.104,0.74,0
2026-06-02,A016,Team Manila B,Manila,Retail,Day,Voice,Order Support,new,2026-06,2540000,6.8,1889.0,0.857,455.55,73.96,90.14,4.57,0.829,0.075,0.103,0.89,0
2026-06-02,A017,Team Manila B,Manila,Retail,Swing,Voice,Order Support,steady,2026-06,2540000,6.8,2000.0,0.827,423.8,69.0,91.58,4.57,0.835,0.064,0.1,0.44,0
2026-06-02,A018,Team Manila B,Manila,Retail,Night,Voice,Order Support,senior,2026-06,2540000,6.8,2110.0,0.837,399.99,65.28,92.66,4.57,0.84,0.068,0.098,0.59,0
2026-06-02,A019,Team Manila B,Manila,Retail,Day,Voice,Order Support,new,2026-06,2540000,6.8,1559.0,0.847,455.55,73.96,90.14,4.57,0.829,0.072,0.112,0.74,0
2026-06-02,A020,Team Manila B,Manila,Retail,Swing,Voice,Order Support,steady,2026-06,2540000,6.8,1669.0,0.857,423.8,69.0,91.58,4.57,0.835,0.075,0.109,0.89,0
2026-06-02,A021,Team Manila B,Manila,Retail,Night,Voice,Order Support,senior,2026-06,2540000,6.8,1779.0,0.827,399.99,65.28,92.66,4.57,0.84,0.064,0.092,0.44,0
2026-06-02,A022,Team Manila B,Manila,Retail,Day,Voice,Order Support,new,2026-06,2540000,6.8,1889.0,0.837,455.55,73.96,90.14,4.57,0.829,0.068,0.106,0.59,0
2026-06-02,A023,Team Manila B,Manila,Retail,Swing,Voice,Order Support,steady,2026-06,2540000,6.8,2000.0,0.847,423.8,69.0,91.58,4.57,0.835,0.072,0.103,0.74,0
2026-06-02,A024,Team Manila B,Manila,Retail,Night,Voice,Order Support,senior,2026-06,2540000,6.8,2110.0,0.857,399.99,65.28,92.66,4.57,0.84,0.075,0.101,0.89,0
2026-06-02,A025,Team Cebu C,Cebu,Travel,Day,Voice,Reservations,new,2026-06,2540000,6.8,1559.0,0.832,508.04,73.96,90.14,4.48,0.823,0.078,0.115,0.44,0
2026-06-02,A026,Team Cebu C,Cebu,Travel,Swing,Voice,Reservations,steady,2026-06,2540000,6.8,1669.0,0.842,472.4,69.0,91.58,4.48,0.829,0.082,0.097,0.59,0
2026-06-02,A027,Team Cebu C,Cebu,Travel,Night,Voice,Reservations,senior,2026-06,2540000,6.8,1779.0,0.852,445.67,65.28,92.66,4.48,0.834,0.086,0.095,0.74,0
2026-06-02,A028,Team Cebu C,Cebu,Travel,Day,Voice,Reservations,new,2026-06,2540000,6.8,1889.0,0.862,508.04,73.96,90.14,4.48,0.823,0.09,0.109,0.89,0
2026-06-02,A029,Team Cebu C,Cebu,Travel,Swing,Voice,Reservations,steady,2026-06,2540000,6.8,2000.0,0.832,472.4,69.0,91.58,4.48,0.829,0.078,0.106,0.44,0
2026-06-02,A030,Team Cebu C,Cebu,Travel,Night,Voice,Reservations,senior,2026-06,2540000,6.8,2110.0,0.842,445.67,65.28,92.66,4.48,0.834,0.082,0.104,0.59,0
2026-06-02,A031,Team Cebu C,Cebu,Travel,Day,Voice,Reservations,new,2026-06,2540000,6.8,1559.0,0.852,508.04,73.96,90.14,4.48,0.823,0.086,0.103,0.74,0
2026-06-02,A032,Team Cebu C,Cebu,Travel,Swing,Voice,Reservations,steady,2026-06,2540000,6.8,1669.0,0.862,472.4,69.0,91.58,4.48,0.829,0.09,0.1,0.89,0
2026-06-02,A033,Team Cebu C,Cebu,Travel,Night,Voice,Reservations,senior,2026-06,2540000,6.8,1779.0,0.832,445.67,65.28,92.66,4.48,0.834,0.078,0.098,0.44,0
2026-06-02,A034,Team Cebu C,Cebu,Travel,Day,Voice,Reservations,new,2026-06,2540000,6.8,1889.0,0.842,508.04,73.96,90.14,4.48,0.823,0.082,0.112,0.59,0
2026-06-02,A035,Team Cebu C,Cebu,Travel,Swing,Voice,Reservations,steady,2026-06,2540000,6.8,2000.0,0.852,472.4,69.0,91.58,4.48,0.829,0.086,0.109,0.74,0
2026-06-02,A036,Team Cebu C,Cebu,Travel,Night,Voice,Reservations,senior,2026-06,2540000,6.8,2110.0,0.862,445.67,65.28,92.66,4.48,0.834,0.09,0.092,0.89,0
2026-06-02,A037,Team Davao D,Davao,Healthcare,Day,Voice,Benefits,new,2026-06,2540000,6.8,1559.0,0.829,473.05,73.96,90.14,4.54,0.827,0.068,0.106,0.44,0
2026-06-02,A038,Team Davao D,Davao,Healthcare,Swing,Voice,Benefits,steady,2026-06,2540000,6.8,1669.0,0.839,440.0,69.0,91.58,4.54,0.833,0.072,0.103,0.59,0
2026-06-02,A039,Team Davao D,Davao,Healthcare,Night,Voice,Benefits,senior,2026-06,2540000,6.8,1779.0,0.849,415.21,65.28,92.66,4.54,0.838,0.076,0.101,0.74,0
2026-06-02,A040,Team Davao D,Davao,Healthcare,Day,Voice,Benefits,new,2026-06,2540000,6.8,1889.0,0.859,473.05,73.96,90.14,4.54,0.827,0.08,0.115,0.89,0
2026-06-02,A041,Team Davao D,Davao,Healthcare,Swing,Voice,Benefits,steady,2026-06,2540000,6.8,2000.0,0.829,440.0,69.0,91.58,4.54,0.833,0.068,0.097,0.44,0
2026-06-02,A042,Team Davao D,Davao,Healthcare,Night,Voice,Benefits,senior,2026-06,2540000,6.8,2110.0,0.839,415.21,65.28,92.66,4.54,0.838,0.072,0.095,0.59,0
2026-06-02,A043,Team Davao D,Davao,Healthcare,Day,Voice,Benefits,new,2026-06,2540000,6.8,1559.0,0.849,473.05,73.96,90.14,4.54,0.827,0.076,0.109,0.74,0
2026-06-02,A044,Team Davao D,Davao,Healthcare,Swing,Voice,Benefits,steady,2026-06,2540000,6.8,1669.0,0.859,440.0,69.0,91.58,4.54,0.833,0.08,0.106,0.89,0
2026-06-02,A045,Team Davao D,Davao,Healthcare,Night,Voice,Benefits,senior,2026-06,2540000,6.8,1779.0,0.829,415.21,65.28,92.66,4.54,0.838,0.068,0.104,0.44,0
2026-06-02,A046,Team Davao D,Davao,Healthcare,Day,Voice,Benefits,new,2026-06,2540000,6.8,1889.0,0.839,473.05,73.96,90.14,4.54,0.827,0.072,0.103,0.59,0
2026-06-02,A047,Team Davao D,Davao,Healthcare,Swing,Voice,Benefits,steady,2026-06,2540000,6.8,2000.0,0.849,440.0,69.0,91.58,4.54,0.833,0.076,0.1,0.74,0
2026-06-02,A048,Team Davao D,Davao,Healthcare,Night,Voice,Benefits,senior,2026-06,2540000,6.8,2110.0,0.859,415.21,65.28,92.66,4.54,0.838,0.08,0.098,0.89,0
2026-06-03,A001,Team Manila A,Manila,Telco,Day,Voice,Retention,new,2026-06,2540000,6.8,1499.0,0.83,460.54,66.76,90.14,4.51,0.825,0.073,0.103,0.2,0
2026-06-03,A002,Team Manila A,Manila,Telco,Swing,Voice,Retention,steady,2026-06,2540000,6.8,1605.0,0.84,426.2,61.8,91.58,4.51,0.831,0.077,0.1,0.35,0
2026-06-03,A003,Team Manila A,Manila,Telco,Night,Voice,Retention,senior,2026-06,2540000,6.8,1711.0,0.85,400.44,58.08,92.66,4.51,0.836,0.081,0.098,0.5,0
2026-06-03,A004,Team Manila A,Manila,Telco,Day,Voice,Retention,new,2026-06,2540000,6.8,1817.0,0.86,460.54,66.76,90.14,4.51,0.825,0.085,0.112,0.65,0
2026-06-03,A005,Team Manila A,Manila,Telco,Swing,Voice,Retention,steady,2026-06,2540000,6.8,1923.0,0.83,426.2,61.8,91.58,4.51,0.831,0.073,0.109,0.2,0
2026-06-03,A006,Team Manila A,Manila,Telco,Night,Voice,Retention,senior,2026-06,2540000,6.8,2028.0,0.84,400.44,58.08,92.66,4.51,0.836,0.077,0.092,0.35,0
2026-06-03,A007,Team Manila A,Manila,Telco,Day,Voice,Retention,new,2026-06,2540000,6.8,1499.0,0.85,460.54,66.76,90.14,4.51,0.825,0.081,0.106,0.5,0
2026-06-03,A008,Team Manila A,Manila,Telco,Swing,Voice,Retention,steady,2026-06,2540000,6.8,1605.0,0.86,426.2,61.8,91.58,4.51,0.831,0.085,0.103,0.65,0
2026-06-03,A009,Team Manila A,Manila,Telco,Night,Voice,Retention,senior,2026-06,2540000,6.8,1711.0,0.83,400.44,58.08,92.66,4.51,0.836,0.073,0.101,0.2,0
2026-06-03,A010,Team Manila A,Manila,Telco,Day,Voice,Retention,new,2026-06,2540000,6.8,1817.0,0.84,460.54,66.76,90.14,4.51,0.825,0.077,0.115,0.35,0
2026-06-03,A011,Team Manila A,Manila,Telco,Swing,Voice,Retention,steady,2026-06,2540000,6.8,1923.0,0.85,426.2,61.8,91.58,4.51,0.831,0.081,0.097,0.5,0
2026-06-03,A012,Team Manila A,Manila,Telco,Night,Voice,Retention,senior,2026-06,2540000,6.8,2028.0,0.86,400.44,58.08,92.66,4.51,0.836,0.085,0.095,0.65,0
2026-06-03,A013,Team Manila B,Manila,Retail,Day,Voice,Order Support,new,2026-06,2540000,6.8,1499.0,0.827,425.55,66.76,90.14,4.57,0.829,0.064,0.109,0.2,0
2026-06-03,A014,Team Manila B,Manila,Retail,Swing,Voice,Order Support,steady,2026-06,2540000,6.8,1605.0,0.837,393.8,61.8,91.58,4.57,0.835,0.068,0.106,0.35,0
2026-06-03,A015,Team Manila B,Manila,Retail,Night,Voice,Order Support,senior,2026-06,2540000,6.8,1711.0,0.847,369.99,58.08,92.66,4.57,0.84,0.072,0.104,0.5,0
2026-06-03,A016,Team Manila B,Manila,Retail,Day,Voice,Order Support,new,2026-06,2540000,6.8,1817.0,0.857,425.55,66.76,90.14,4.57,0.829,0.075,0.103,0.65,0
2026-06-03,A017,Team Manila B,Manila,Retail,Swing,Voice,Order Support,steady,2026-06,2540000,6.8,1923.0,0.827,393.8,61.8,91.58,4.57,0.835,0.064,0.1,0.2,0
2026-06-03,A018,Team Manila B,Manila,Retail,Night,Voice,Order Support,senior,2026-06,2540000,6.8,2028.0,0.837,369.99,58.08,92.66,4.57,0.84,0.068,0.098,0.35,0
2026-06-03,A019,Team Manila B,Manila,Retail,Day,Voice,Order Support,new,2026-06,2540000,6.8,1499.0,0.847,425.55,66.76,90.14,4.57,0.829,0.072,0.112,0.5,0
2026-06-03,A020,Team Manila B,Manila,Retail,Swing,Voice,Order Support,steady,2026-06,2540000,6.8,1605.0,0.857,393.8,61.8,91.58,4.57,0.835,0.075,0.109,0.65,0
2026-06-03,A021,Team Manila B,Manila,Retail,Night,Voice,Order Support,senior,2026-06,2540000,6.8,1711.0,0.827,369.99,58.08,92.66,4.57,0.84,0.064,0.092,0.2,0
2026-06-03,A022,Team Manila B,Manila,Retail,Day,Voice,Order Support,new,2026-06,2540000,6.8,1817.0,0.837,425.55,66.76,90.14,4.57,0.829,0.068,0.106,0.35,0
2026-06-03,A023,Team Manila B,Manila,Retail,Swing,Voice,Order Support,steady,2026-06,2540000,6.8,1923.0,0.847,393.8,61.8,91.58,4.57,0.835,0.072,0.103,0.5,0
2026-06-03,A024,Team Manila B,Manila,Retail,Night,Voice,Order Support,senior,2026-06,2540000,6.8,2028.0,0.857,369.99,58.08,92.66,4.57,0.84,0.075,0.101,0.65,0
2026-06-03,A025,Team Cebu C,Cebu,Travel,Day,Voice,Reservations,new,2026-06,2540000,6.8,1499.0,0.832,478.04,66.76,90.14,4.48,0.823,0.078,0.115,0.2,0
2026-06-03,A026,Team Cebu C,Cebu,Travel,Swing,Voice,Reservations,steady,2026-06,2540000,6.8,1605.0,0.842,442.4,61.8,91.58,4.48,0.829,0.082,0.097,0.35,0
2026-06-03,A027,Team Cebu C,Cebu,Travel,Night,Voice,Reservations,senior,2026-06,2540000,6.8,1711.0,0.852,415.67,58.08,92.66,4.48,0.834,0.086,0.095,0.5,0
2026-06-03,A028,Team Cebu C,Cebu,Travel,Day,Voice,Reservations,new,2026-06,2540000,6.8,1817.0,0.862,478.04,66.76,90.14,4.48,0.823,0.09,0.109,0.65,0
2026-06-03,A029,Team Cebu C,Cebu,Travel,Swing,Voice,Reservations,steady,2026-06,2540000,6.8,1923.0,0.832,442.4,61.8,91.58,4.48,0.829,0.078,0.106,0.2,0
2026-06-03,A030,Team Cebu C,Cebu,Travel,Night,Voice,Reservations,senior,2026-06,2540000,6.8,2028.0,0.842,415.67,58.08,92.66,4.48,0.834,0.082,0.104,0.35,0
2026-06-03,A031,Team Cebu C,Cebu,Travel,Day,Voice,Reservations,new,2026-06,2540000,6.8,1499.0,0.852,478.04,66.76,90.14,4.48,0.823,0.086,0.103,0.5,0
2026-06-03,A032,Team Cebu C,Cebu,Travel,Swing,Voice,Reservations,steady,2026-06,2540000,6.8,1605.0,0.862,442.4,61.8,91.58,4.48,0.829,0.09,0.1,0.65,0
2026-06-03,A033,Team Cebu C,Cebu,Travel,Night,Voice,Reservations,senior,2026-06,2540000,6.8,1711.0,0.832,415.67,58.08,92.66,4.48,0.834,0.078,0.098,0.2,1
2026-06-03,A034,Team Cebu C,Cebu,Travel,Day,Voice,Reservations,new,2026-06,2540000,6.8,1817.0,0.842,478.04,66.76,90.14,4.48,0.823,0.082,0.112,0.35,0
2026-06-03,A035,Team Cebu C,Cebu,Travel,Swing,Voice,Reservations,steady,2026-06,2540000,6.8,1923.0,0.852,442.4,61.8,91.58,4.48,0.829,0.086,0.109,0.5,0
2026-06-03,A036,Team Cebu C,Cebu,Travel,Night,Voice,Reservations,senior,2026-06,2540000,6.8,2028.0,0.862,415.67,58.08,92.66,4.48,0.834,0.09,0.092,0.65,0
2026-06-03,A037,Team Davao D,Davao,Healthcare,Day,Voice,Benefits,new,2026-06,2540000,6.8,1499.0,0.829,443.05,66.76,90.14,4.54,0.827,0.068,0.106,0.2,0
2026-06-03,A038,Team Davao D,Davao,Healthcare,Swing,Voice,Benefits,steady,2026-06,2540000,6.8,1605.0,0.839,410.0,61.8,91.58,4.54,0.833,0.072,0.103,0.35,0
2026-06-03,A039,Team Davao D,Davao,Healthcare,Night,Voice,Benefits,senior,2026-06,2540000,6.8,1711.0,0.849,385.21,58.08,92.66,4.54,0.838,0.076,0.101,0.5,0
2026-06-03,A040,Team Davao D,Davao,Healthcare,Day,Voice,Benefits,new,2026-06,2540000,6.8,1817.0,0.859,443.05,66.76,90.14,4.54,0.827,0.08,0.115,0.65,0
2026-06-03,A041,Team Davao D,Davao,Healthcare,Swing,Voice,Benefits,steady,2026-06,2540000,6.8,1923.0,0.829,410.0,61.8,91.58,4.54,0.833,0.068,0.097,0.2,0
2026-06-03,A042,Team Davao D,Davao,Healthcare,Night,Voice,Benefits,senior,2026-06,2540000,6.8,2028.0,0.839,385.21,58.08,92.66,4.54,0.838,0.072,0.095,0.35,0
2026-06-03,A043,Team Davao D,Davao,Healthcare,Day,Voice,Benefits,new,2026-06,2540000,6.8,1499.0,0.849,443.05,66.76,90.14,4.54,0.827,0.076,0.109,0.5,0
2026-06-03,A044,Team Davao D,Davao,Healthcare,Swing,Voice,Benefits,steady,2026-06,2540000,6.8,1605.0,0.859,410.0,61.8,91.58,4.54,0.833,0.08,0.106,0.65,0
2026-06-03,A045,Team Davao D,Davao,Healthcare,Night,Voice,Benefits,senior,2026-06,2540000,6.8,1711.0,0.829,385.21,58.08,92.66,4.54,0.838,0.068,0.104,0.2,0
2026-06-03,A046,Team Davao D,Davao,Healthcare,Day,Voice,Benefits,new,2026-06,2540000,6.8,1817.0,0.839,443.05,66.76,90.14,4.54,0.827,0.072,0.103,0.35,0
2026-06-03,A047,Team Davao D,Davao,Healthcare,Swing,Voice,Benefits,steady,2026-06,2540000,6.8,1923.0,0.849,410.0,61.8,91.58,4.54,0.833,0.076,0.1,0.5,0
2026-06-03,A048,Team Davao D,Davao,Healthcare,Night,Voice,Benefits,senior,2026-06,2540000,6.8,2028.0,0.859,385.21,58.08,92.66,4.54,0.838,0.08,0.098,0.65,0
2026-06-04,A001,Team Manila A,Manila,Telco,Day,Voice,Retention,new,2026-06,2540000,6.8,1484.0,0.83,465.54,67.96,90.32,4.52,0.825,0.073,0.103,0.2,0
2026-06-04,A002,Team Manila A,Manila,Telco,Swing,Voice,Retention,steady,2026-06,2540000,6.8,1589.0,0.84,431.2,63.0,91.76,4.52,0.831,0.077,0.1,0.35,0
2026-06-04,A003,Team Manila A,Manila,Telco,Night,Voice,Retention,senior,2026-06,2540000,6.8,1694.0,0.85,405.44,59.28,92.84,4.52,0.836,0.081,0.098,0.5,0
2026-06-04,A004,Team Manila A,Manila,Telco,Day,Voice,Retention,new,2026-06,2540000,6.8,1799.0,0.86,465.54,67.96,90.32,4.52,0.825,0.085,0.112,0.65,0
2026-06-04,A005,Team Manila A,Manila,Telco,Swing,Voice,Retention,steady,2026-06,2540000,6.8,1903.0,0.83,431.2,63.0,91.76,4.52,0.831,0.073,0.109,0.2,0
2026-06-04,A006,Team Manila A,Manila,Telco,Night,Voice,Retention,senior,2026-06,2540000,6.8,2008.0,0.84,405.44,59.28,92.84,4.52,0.836,0.077,0.092,0.35,0
2026-06-04,A007,Team Manila A,Manila,Telco,Day,Voice,Retention,new,2026-06,2540000,6.8,1484.0,0.85,465.54,67.96,90.32,4.52,0.825,0.081,0.106,0.5,0
2026-06-04,A008,Team Manila A,Manila,Telco,Swing,Voice,Retention,steady,2026-06,2540000,6.8,1589.0,0.86,431.2,63.0,91.76,4.52,0.831,0.085,0.103,0.65,0
2026-06-04,A009,Team Manila A,Manila,Telco,Night,Voice,Retention,senior,2026-06,2540000,6.8,1694.0,0.83,405.44,59.28,92.84,4.52,0.836,0.073,0.101,0.2,0
2026-06-04,A010,Team Manila A,Manila,Telco,Day,Voice,Retention,new,2026-06,2540000,6.8,1799.0,0.84,465.54,67.96,90.32,4.52,0.825,0.077,0.115,0.35,0
2026-06-04,A011,Team Manila A,Manila,Telco,Swing,Voice,Retention,steady,2026-06,2540000,6.8,1903.0,0.85,431.2,63.0,91.76,4.52,0.831,0.081,0.097,0.5,0
2026-06-04,A012,Team Manila A,Manila,Telco,Night,Voice,Retention,senior,2026-06,2540000,6.8,2008.0,0.86,405.44,59.28,92.84,4.52,0.836,0.085,0.095,0.65,0
2026-06-04,A013,Team Manila B,Manila,Retail,Day,Voice,Order Support,new,2026-06,2540000,6.8,1484.0,0.827,430.55,67.96,90.32,4.58,0.829,0.064,0.109,0.2,0
2026-06-04,A014,Team Manila B,Manila,Retail,Swing,Voice,Order Support,steady,2026-06,2540000,6.8,1589.0,0.837,398.8,63.0,91.76,4.58,0.835,0.068,0.106,0.35,0
2026-06-04,A015,Team Manila B,Manila,Retail,Night,Voice,Order Support,senior,2026-06,2540000,6.8,1694.0,0.847,374.99,59.28,92.84,4.58,0.84,0.072,0.104,0.5,1
2026-06-04,A016,Team Manila B,Manila,Retail,Day,Voice,Order Support,new,2026-06,2540000,6.8,1799.0,0.857,430.55,67.96,90.32,4.58,0.829,0.075,0.103,0.65,0
2026-06-04,A017,Team Manila B,Manila,Retail,Swing,Voice,Order Support,steady,2026-06,2540000,6.8,1903.0,0.827,398.8,63.0,91.76,4.58,0.835,0.064,0.1,0.2,0
2026-06-04,A018,Team Manila B,Manila,Retail,Night,Voice,Order Support,senior,2026-06,2540000,6.8,2008.0,0.837,374.99,59.28,92.84,4.58,0.84,0.068,0.098,0.35,0
2026-06-04,A019,Team Manila B,Manila,Retail,Day,Voice,Order Support,new,2026-06,2540000,6.8,1484.0,0.847,430.55,67.96,90.32,4.58,0.829,0.072,0.112,0.5,0
2026-06-04,A020,Team Manila B,Manila,Retail,Swing,Voice,Order Support,steady,2026-06,2540000,6.8,1589.0,0.857,398.8,63.0,91.76,4.58,0.835,0.075,0.109,0.65,0
2026-06-04,A021,Team Manila B,Manila,Retail,Night,Voice,Order Support,senior,2026-06,2540000,6.8,1694.0,0.827,374.99,59.28,92.84,4.58,0.84,0.064,0.092,0.2,0
2026-06-04,A022,Team Manila B,Manila,Retail,Day,Voice,Order Support,new,2026-06,2540000,6.8,1799.0,0.837,430.55,67.96,90.32,4.58,0.829,0.068,0.106,0.35,0
2026-06-04,A023,Team Manila B,Manila,Retail,Swing,Voice,Order Support,steady,2026-06,2540000,6.8,1903.0,0.847,398.8,63.0,91.76,4.58,0.835,0.072,0.103,0.5,0
2026-06-04,A024,Team Manila B,Manila,Retail,Night,Voice,Order Support,senior,2026-06,2540000,6.8,2008.0,0.857,374.99,59.28,92.84,4.58,0.84,0.075,0.101,0.65,0
2026-06-04,A025,Team Cebu C,Cebu,Travel,Day,Voice,Reservations,new,2026-06,2540000,6.8,1484.0,0.832,483.04,67.96,90.32,4.41,0.815,0.087,0.115,0.2,0
2026-06-04,A026,Team Cebu C,Cebu,Travel,Swing,Voice,Reservations,steady,2026-06,2540000,6.8,1589.0,0.842,447.4,63.0,91.76,4.41,0.821,0.091,0.097,0.35,0
2026-06-04,A027,Team Cebu C,Cebu,Travel,Night,Voice,Reservations,senior,2026-06,2540000,6.8,1694.0,0.852,420.67,59.28,92.84,4.41,0.826,0.095,0.095,0.5,0
2026-06-04,A028,Team Cebu C,Cebu,Travel,Day,Voice,Reservations,new,2026-06,2540000,6.8,1799.0,0.862,483.04,67.96,90.32,4.41,0.815,0.099,0.109,0.65,0
2026-06-04,A029,Team Cebu C,Cebu,Travel,Swing,Voice,Reservations,steady,2026-06,2540000,6.8,1903.0,0.832,447.4,63.0,91.76,4.41,0.821,0.087,0.106,0.2,0
2026-06-04,A030,Team Cebu C,Cebu,Travel,Night,Voice,Reservations,senior,2026-06,2540000,6.8,2008.0,0.842,420.67,59.28,92.84,4.41,0.826,0.091,0.104,0.35,0
2026-06-04,A031,Team Cebu C,Cebu,Travel,Day,Voice,Reservations,new,2026-06,2540000,6.8,1484.0,0.852,483.04,67.96,90.32,4.41,0.815,0.095,0.103,0.5,0
2026-06-04,A032,Team Cebu C,Cebu,Travel,Swing,Voice,Reservations,steady,2026-06,2540000,6.8,1589.0,0.862,447.4,63.0,91.76,4.41,0.821,0.099,0.1,0.65,0
2026-06-04,A033,Team Cebu C,Cebu,Travel,Night,Voice,Reservations,senior,2026-06,2540000,6.8,1694.0,0.832,420.67,59.28,92.84,4.41,0.826,0.087,0.098,0.2,0
2026-06-04,A034,Team Cebu C,Cebu,Travel,Day,Voice,Reservations,new,2026-06,2540000,6.8,1799.0,0.842,483.04,67.96,90.32,4.41,0.815,0.091,0.112,0.35,0
2026-06-04,A035,Team Cebu C,Cebu,Travel,Swing,Voice,Reservations,steady,2026-06,2540000,6.8,1903.0,0.852,447.4,63.0,91.76,4.41,0.821,0.095,0.109,0.5,0
2026-06-04,A036,Team Cebu C,Cebu,Travel,Night,Voice,Reservations,senior,2026-06,2540000,6.8,2008.0,0.862,420.67,59.28,92.84,4.41,0.826,0.099,0.092,0.65,0
2026-06-04,A037,Team Davao D,Davao,Healthcare,Day,Voice,Benefits,new,2026-06,2540000,6.8,1484.0,0.829,448.05,67.96,90.32,4.55,0.827,0.068,0.106,0.2,0
2026-06-04,A038,Team Davao D,Davao,Healthcare,Swing,Voice,Benefits,steady,2026-06,2540000,6.8,1589.0,0.839,415.0,63.0,91.76,4.55,0.833,0.072,0.103,0.35,0
2026-06-04,A039,Team Davao D,Davao,Healthcare,Night,Voice,Benefits,senior,2026-06,2540000,6.8,1694.0,0.849,390.21,59.28,92.84,4.55,0.838,0.076,0.101,0.5,0
2026-06-04,A040,Team Davao D,Davao,Healthcare,Day,Voice,Benefits,new,2026-06,2540000,6.8,1799.0,0.859,448.05,67.96,90.32,4.55,0.827,0.08,0.115,0.65,0
2026-06-04,A041,Team Davao D,Davao,Healthcare,Swing,Voice,Benefits,steady,2026-06,2540000,6.8,1903.0,0.829,415.0,63.0,91.76,4.55,0.833,0.068,0.097,0.2,0
2026-06-04,A042,Team Davao D,Davao,Healthcare,Night,Voice,Benefits,senior,2026-06,2540000,6.8,2008.0,0.839,390.21,59.28,92.84,4.55,0.838,0.072,0.095,0.35,0
2026-06-04,A043,Team Davao D,Davao,Healthcare,Day,Voice,Benefits,new,2026-06,2540000,6.8,1484.0,0.849,448.05,67.96,90.32,4.55,0.827,0.076,0.109,0.5,0
2026-06-04,A044,Team Davao D,Davao,Healthcare,Swing,Voice,Benefits,steady,2026-06,2540000,6.8,1589.0,0.859,415.0,63.0,91.76,4.55,0.833,0.08,0.106,0.65,0
2026-06-04,A045,Team Davao D,Davao,Healthcare,Night,Voice,Benefits,senior,2026-06,2540000,6.8,1694.0,0.829,390.21,59.28,92.84,4.55,0.838,0.068,0.104,0.2,0
2026-06-04,A046,Team Davao D,Davao,Healthcare,Day,Voice,Benefits,new,2026-06,2540000,6.8,1799.0,0.839,448.05,67.96,90.32,4.55,0.827,0.072,0.103,0.35,0
2026-06-04,A047,Team Davao D,Davao,Healthcare,Swing,Voice,Benefits,steady,2026-06,2540000,6.8,1903.0,0.849,415.0,63.0,91.76,4.55,0.833,0.076,0.1,0.5,0
2026-06-04,A048,Team Davao D,Davao,Healthcare,Night,Voice,Benefits,senior,2026-06,2540000,6.8,2008.0,0.859,390.21,59.28,92.84,4.55,0.838,0.08,0.098,0.65,0
2026-06-05,A001,Team Manila A,Manila,Telco,Day,Voice,Retention,new,2026-06,2540000,6.8,1409.0,0.83,470.54,69.16,90.5,4.53,0.825,0.073,0.103,0.2,0
2026-06-05,A002,Team Manila A,Manila,Telco,Swing,Voice,Retention,steady,2026-06,2540000,6.8,1509.0,0.84,436.2,64.2,91.94,4.53,0.831,0.077,0.1,0.35,0
2026-06-05,A003,Team Manila A,Manila,Telco,Night,Voice,Retention,senior,2026-06,2540000,6.8,1608.0,0.85,410.44,60.48,93.02,4.53,0.836,0.081,0.098,0.5,0
2026-06-05,A004,Team Manila A,Manila,Telco,Day,Voice,Retention,new,2026-06,2540000,6.8,1708.0,0.86,470.54,69.16,90.5,4.53,0.825,0.085,0.112,0.65,0
2026-06-05,A005,Team Manila A,Manila,Telco,Swing,Voice,Retention,steady,2026-06,2540000,6.8,1807.0,0.83,436.2,64.2,91.94,4.53,0.831,0.073,0.109,0.2,0
2026-06-05,A006,Team Manila A,Manila,Telco,Night,Voice,Retention,senior,2026-06,2540000,6.8,1907.0,0.84,410.44,60.48,93.02,4.53,0.836,0.077,0.092,0.35,0
2026-06-05,A007,Team Manila A,Manila,Telco,Day,Voice,Retention,new,2026-06,2540000,6.8,1409.0,0.85,470.54,69.16,90.5,4.53,0.825,0.081,0.106,0.5,0
2026-06-05,A008,Team Manila A,Manila,Telco,Swing,Voice,Retention,steady,2026-06,2540000,6.8,1509.0,0.86,436.2,64.2,91.94,4.53,0.831,0.085,0.103,0.65,0
2026-06-05,A009,Team Manila A,Manila,Telco,Night,Voice,Retention,senior,2026-06,2540000,6.8,1608.0,0.83,410.44,60.48,93.02,4.53,0.836,0.073,0.101,0.2,0
2026-06-05,A010,Team Manila A,Manila,Telco,Day,Voice,Retention,new,2026-06,2540000,6.8,1708.0,0.84,470.54,69.16,90.5,4.53,0.825,0.077,0.115,0.35,0
2026-06-05,A011,Team Manila A,Manila,Telco,Swing,Voice,Retention,steady,2026-06,2540000,6.8,1807.0,0.85,436.2,64.2,91.94,4.53,0.831,0.081,0.097,0.5,0
2026-06-05,A012,Team Manila A,Manila,Telco,Night,Voice,Retention,senior,2026-06,2540000,6.8,1907.0,0.86,410.44,60.48,93.02,4.53,0.836,0.085,0.095,0.65,0
2026-06-05,A013,Team Manila B,Manila,Retail,Day,Voice,Order Support,new,2026-06,2540000,6.8,1409.0,0.827,435.55,69.16,90.5,4.59,0.829,0.064,0.109,0.2,0
2026-06-05,A014,Team Manila B,Manila,Retail,Swing,Voice,Order Support,steady,2026-06,2540000,6.8,1509.0,0.837,403.8,64.2,91.94,4.59,0.835,0.068,0.106,0.35,0
2026-06-05,A015,Team Manila B,Manila,Retail,Night,Voice,Order Support,senior,2026-06,2540000,6.8,1608.0,0.847,379.99,60.48,93.02,4.59,0.84,0.072,0.104,0.5,0
2026-06-05,A016,Team Manila B,Manila,Retail,Day,Voice,Order Support,new,2026-06,2540000,6.8,1708.0,0.857,435.55,69.16,90.5,4.59,0.829,0.075,0.103,0.65,0
2026-06-05,A017,Team Manila B,Manila,Retail,Swing,Voice,Order Support,steady,2026-06,2540000,6.8,1807.0,0.827,403.8,64.2,91.94,4.59,0.835,0.064,0.1,0.2,0
2026-06-05,A018,Team Manila B,Manila,Retail,Night,Voice,Order Support,senior,2026-06,2540000,6.8,1907.0,0.837,379.99,60.48,93.02,4.59,0.84,0.068,0.098,0.35,0
2026-06-05,A019,Team Manila B,Manila,Retail,Day,Voice,Order Support,new,2026-06,2540000,6.8,1409.0,0.847,435.55,69.16,90.5,4.59,0.829,0.072,0.112,0.5,0
2026-06-05,A020,Team Manila B,Manila,Retail,Swing,Voice,Order Support,steady,2026-06,2540000,6.8,1509.0,0.857,403.8,64.2,91.94,4.59,0.835,0.075,0.109,0.65,0
2026-06-05,A021,Team Manila B,Manila,Retail,Night,Voice,Order Support,senior,2026-06,2540000,6.8,1608.0,0.827,379.99,60.48,93.02,4.59,0.84,0.064,0.092,0.2,0
2026-06-05,A022,Team Manila B,Manila,Retail,Day,Voice,Order Support,new,2026-06,2540000,6.8,1708.0,0.837,435.55,69.16,90.5,4.59,0.829,0.068,0.106,0.35,0
2026-06-05,A023,Team Manila B,Manila,Retail,Swing,Voice,Order Support,steady,2026-06,2540000,6.8,1807.0,0.847,403.8,64.2,91.94,4.59,0.835,0.072,0.103,0.5,0
2026-06-05,A024,Team Manila B,Manila,Retail,Night,Voice,Order Support,senior,2026-06,2540000,6.8,1907.0,0.857,379.99,60.48,93.02,4.59,0.84,0.075,0.101,0.65,0
2026-06-05,A025,Team Cebu C,Cebu,Travel,Day,Voice,Reservations,new,2026-06,2540000,6.8,1409.0,0.832,488.04,69.16,90.5,4.34,0.807,0.096,0.115,0.2,0
2026-06-05,A026,Team Cebu C,Cebu,Travel,Swing,Voice,Reservations,steady,2026-06,2540000,6.8,1509.0,0.842,452.4,64.2,91.94,4.34,0.813,0.1,0.097,0.35,0
2026-06-05,A027,Team Cebu C,Cebu,Travel,Night,Voice,Reservations,senior,2026-06,2540000,6.8,1608.0,0.852,425.67,60.48,93.02,4.34,0.818,0.104,0.095,0.5,0
2026-06-05,A028,Team Cebu C,Cebu,Travel,Day,Voice,Reservations,new,2026-06,2540000,6.8,1708.0,0.862,488.04,69.16,90.5,4.34,0.807,0.108,0.109,0.65,0
2026-06-05,A029,Team Cebu C,Cebu,Travel,Swing,Voice,Reservations,steady,2026-06,2540000,6.8,1807.0,0.832,452.4,64.2,91.94,4.34,0.813,0.096,0.106,0.2,0
2026-06-05,A030,Team Cebu C,Cebu,Travel,Night,Voice,Reservations,senior,2026-06,2540000,6.8,1907.0,0.842,425.67,60.48,93.02,4.34,0.818,0.1,0.104,0.35,0
2026-06-05,A031,Team Cebu C,Cebu,Travel,Day,Voice,Reservations,new,2026-06,2540000,6.8,1409.0,0.852,488.04,69.16,90.5,4.34,0.807,0.104,0.103,0.5,0
2026-06-05,A032,Team Cebu C,Cebu,Travel,Swing,Voice,Reservations,steady,2026-06,2540000,6.8,1509.0,0.862,452.4,64.2,91.94,4.34,0.813,0.108,0.1,0.65,0
2026-06-05,A033,Team Cebu C,Cebu,Travel,Night,Voice,Reservations,senior,2026-06,2540000,6.8,1608.0,0.832,425.67,60.48,93.02,4.34,0.818,0.096,0.098,0.2,0
2026-06-05,A034,Team Cebu C,Cebu,Travel,Day,Voice,Reservations,new,2026-06,2540000,6.8,1708.0,0.842,488.04,69.16,90.5,4.34,0.807,0.1,0.112,0.35,0
2026-06-05,A035,Team Cebu C,Cebu,Travel,Swing,Voice,Reservations,steady,2026-06,2540000,6.8,1807.0,0.852,452.4,64.2,91.94,4.34,0.813,0.104,0.109,0.5,0
2026-06-05,A036,Team Cebu C,Cebu,Travel,Night,Voice,Reservations,senior,2026-06,2540000,6.8,1907.0,0.862,425.67,60.48,93.02,4.34,0.818,0.108,0.092,0.65,0
2026-06-05,A037,Team Davao D,Davao,Healthcare,Day,Voice,Benefits,new,2026-06,2540000,6.8,1409.0,0.829,453.05,69.16,90.5,4.56,0.827,0.068,0.106,0.2,0
2026-06-05,A038,Team Davao D,Davao,Healthcare,Swing,Voice,Benefits,steady,2026-06,2540000,6.8,1509.0,0.839,420.0,64.2,91.94,4.56,0.833,0.072,0.103,0.35,0
2026-06-05,A039,Team Davao D,Davao,Healthcare,Night,Voice,Benefits,senior,2026-06,2540000,6.8,1608.0,0.849,395.21,60.48,93.02,4.56,0.838,0.076,0.101,0.5,0
2026-06-05,A040,Team Davao D,Davao,Healthcare,Day,Voice,Benefits,new,2026-06,2540000,6.8,1708.0,0.859,453.05,69.16,90.5,4.56,0.827,0.08,0.115,0.65,0
2026-06-05,A041,Team Davao D,Davao,Healthcare,Swing,Voice,Benefits,steady,2026-06,2540000,6.8,1807.0,0.829,420.0,64.2,91.94,4.56,0.833,0.068,0.097,0.2,0
2026-06-05,A042,Team Davao D,Davao,Healthcare,Night,Voice,Benefits,senior,2026-06,2540000,6.8,1907.0,0.839,395.21,60.48,93.02,4.56,0.838,0.072,0.095,0.35,0
2026-06-05,A043,Team Davao D,Davao,Healthcare,Day,Voice,Benefits,new,2026-06,2540000,6.8,1409.0,0.849,453.05,69.16,90.5,4.56,0.827,0.076,0.109,0.5,0
2026-06-05,A044,Team Davao D,Davao,Healthcare,Swing,Voice,Benefits,steady,2026-06,2540000,6.8,1509.0,0.859,420.0,64.2,91.94,4.56,0.833,0.08,0.106,0.65,0
2026-06-05,A045,Team Davao D,Davao,Healthcare,Night,Voice,Benefits,senior,2026-06,2540000,6.8,1608.0,0.829,395.21,60.48,93.02,4.56,0.838,0.068,0.104,0.2,0
2026-06-05,A046,Team Davao D,Davao,Healthcare,Day,Voice,Benefits,new,2026-06,2540000,6.8,1708.0,0.839,453.05,69.16,90.5,4.56,0.827,0.072,0.103,0.35,0
2026-06-05,A047,Team Davao D,Davao,Healthcare,Swing,Voice,Benefits,steady,2026-06,2540000,6.8,1807.0,0.849,420.0,64.2,91.94,4.56,0.833,0.076,0.1,0.5,0
2026-06-05,A048,Team Davao D,Davao,Healthcare,Night,Voice,Benefits,senior,2026-06,2540000,6.8,1907.0,0.859,395.21,60.48,93.02,4.56,0.838,0.08,0.098,0.65,0
2026-06-06,A001,Team Manila A,Manila,Telco,Day,Voice,Retention,new,2026-06,2540000,6.8,1080.0,0.83,491.54,74.16,90.68,4.54,0.825,0.073,0.109,0.2,0
2026-06-06,A002,Team Manila A,Manila,Telco,Swing,Voice,Retention,steady,2026-06,2540000,6.8,1156.0,0.84,457.2,69.2,92.12,4.54,0.831,0.077,0.106,0.35,0
2026-06-06,A003,Team Manila A,Manila,Telco,Night,Voice,Retention,senior,2026-06,2540000,6.8,1232.0,0.85,431.44,65.48,93.2,4.54,0.836,0.081,0.104,0.5,0
2026-06-06,A004,Team Manila A,Manila,Telco,Day,Voice,Retention,new,2026-06,2540000,6.8,1308.0,0.86,491.54,74.16,90.68,4.54,0.825,0.085,0.118,0.65,0
2026-06-06,A005,Team Manila A,Manila,Telco,Swing,Voice,Retention,steady,2026-06,2540000,6.8,1384.0,0.83,457.2,69.2,92.12,4.54,0.831,0.073,0.115,0.2,0
2026-06-06,A006,Team Manila A,Manila,Telco,Night,Voice,Retention,senior,2026-06,2540000,6.8,1460.0,0.84,431.44,65.48,93.2,4.54,0.836,0.077,0.098,0.35,0
2026-06-06,A007,Team Manila A,Manila,Telco,Day,Voice,Retention,new,2026-06,2540000,6.8,1080.0,0.85,491.54,74.16,90.68,4.54,0.825,0.081,0.112,0.5,0
2026-06-06,A008,Team Manila A,Manila,Telco,Swing,Voice,Retention,steady,2026-06,2540000,6.8,1156.0,0.86,457.2,69.2,92.12,4.54,0.831,0.085,0.109,0.65,0
2026-06-06,A009,Team Manila A,Manila,Telco,Night,Voice,Retention,senior,2026-06,2540000,6.8,1232.0,0.83,431.44,65.48,93.2,4.54,0.836,0.073,0.107,0.2,0
2026-06-06,A010,Team Manila A,Manila,Telco,Day,Voice,Retention,new,2026-06,2540000,6.8,1308.0,0.84,491.54,74.16,90.68,4.54,0.825,0.077,0.121,0.35,0
2026-06-06,A011,Team Manila A,Manila,Telco,Swing,Voice,Retention,steady,2026-06,2540000,6.8,1384.0,0.85,457.2,69.2,92.12,4.54,0.831,0.081,0.103,0.5,0
2026-06-06,A012,Team Manila A,Manila,Telco,Night,Voice,Retention,senior,2026-06,2540000,6.8,1460.0,0.86,431.44,65.48,93.2,4.54,0.836,0.085,0.101,0.65,0
2026-06-06,A013,Team Manila B,Manila,Retail,Day,Voice,Order Support,new,2026-06,2540000,6.8,1080.0,0.827,440.55,70.36,90.68,4.6,0.829,0.064,0.109,0.2,0
2026-06-06,A014,Team Manila B,Manila,Retail,Swing,Voice,Order Support,steady,2026-06,2540000,6.8,1156.0,0.837,408.8,65.4,92.12,4.6,0.835,0.068,0.106,0.35,0
2026-06-06,A015,Team Manila B,Manila,Retail,Night,Voice,Order Support,senior,2026-06,2540000,6.8,1232.0,0.847,384.99,61.68,93.2,4.6,0.84,0.072,0.104,0.5,0
2026-06-06,A016,Team Manila B,Manila,Retail,Day,Voice,Order Support,new,2026-06,2540000,6.8,1308.0,0.857,440.55,70.36,90.68,4.6,0.829,0.075,0.103,0.65,0
2026-06-06,A017,Team Manila B,Manila,Retail,Swing,Voice,Order Support,steady,2026-06,2540000,6.8,1384.0,0.827,408.8,65.4,92.12,4.6,0.835,0.064,0.1,0.2,0
2026-06-06,A018,Team Manila B,Manila,Retail,Night,Voice,Order Support,senior,2026-06,2540000,6.8,1460.0,0.837,384.99,61.68,93.2,4.6,0.84,0.068,0.098,0.35,0
2026-06-06,A019,Team Manila B,Manila,Retail,Day,Voice,Order Support,new,2026-06,2540000,6.8,1080.0,0.847,440.55,70.36,90.68,4.6,0.829,0.072,0.112,0.5,0
2026-06-06,A020,Team Manila B,Manila,Retail,Swing,Voice,Order Support,steady,2026-06,2540000,6.8,1156.0,0.857,408.8,65.4,92.12,4.6,0.835,0.075,0.109,0.65,0
2026-06-06,A021,Team Manila B,Manila,Retail,Night,Voice,Order Support,senior,2026-06,2540000,6.8,1232.0,0.827,384.99,61.68,93.2,4.6,0.84,0.064,0.092,0.2,0
2026-06-06,A022,Team Manila B,Manila,Retail,Day,Voice,Order Support,new,2026-06,2540000,6.8,1308.0,0.837,440.55,70.36,90.68,4.6,0.829,0.068,0.106,0.35,0
2026-06-06,A023,Team Manila B,Manila,Retail,Swing,Voice,Order Support,steady,2026-06,2540000,6.8,1384.0,0.847,408.8,65.4,92.12,4.6,0.835,0.072,0.103,0.5,0
2026-06-06,A024,Team Manila B,Manila,Retail,Night,Voice,Order Support,senior,2026-06,2540000,6.8,1460.0,0.857,384.99,61.68,93.2,4.6,0.84,0.075,0.101,0.65,0
2026-06-06,A025,Team Cebu C,Cebu,Travel,Day,Voice,Reservations,new,2026-06,2540000,6.8,1080.0,0.832,493.04,70.36,90.68,4.27,0.799,0.105,0.115,0.2,0
2026-06-06,A026,Team Cebu C,Cebu,Travel,Swing,Voice,Reservations,steady,2026-06,2540000,6.8,1156.0,0.842,457.4,65.4,92.12,4.27,0.805,0.109,0.097,0.35,0
2026-06-06,A027,Team Cebu C,Cebu,Travel,Night,Voice,Reservations,senior,2026-06,2540000,6.8,1232.0,0.852,430.67,61.68,93.2,4.27,0.81,0.113,0.095,0.5,0
2026-06-06,A028,Team Cebu C,Cebu,Travel,Day,Voice,Reservations,new,2026-06,2540000,6.8,1308.0,0.862,493.04,70.36,90.68,4.27,0.799,0.117,0.109,0.65,0
2026-06-06,A029,Team Cebu C,Cebu,Travel,Swing,Voice,Reservations,steady,2026-06,2540000,6.8,1384.0,0.832,457.4,65.4,92.12,4.27,0.805,0.105,0.106,0.2,0
2026-06-06,A030,Team Cebu C,Cebu,Travel,Night,Voice,Reservations,senior,2026-06,2540000,6.8,1460.0,0.842,430.67,61.68,93.2,4.27,0.81,0.109,0.104,0.35,0
2026-06-06,A031,Team Cebu C,Cebu,Travel,Day,Voice,Reservations,new,2026-06,2540000,6.8,1080.0,0.852,493.04,70.36,90.68,4.27,0.799,0.113,0.103,0.5,0
2026-06-06,A032,Team Cebu C,Cebu,Travel,Swing,Voice,Reservations,steady,2026-06,2540000,6.8,1156.0,0.862,457.4,65.4,92.12,4.27,0.805,0.117,0.1,0.65,1
2026-06-06,A033,Team Cebu C,Cebu,Travel,Night,Voice,Reservations,senior,2026-06,2540000,6.8,1232.0,0.832,430.67,61.68,93.2,4.27,0.81,0.105,0.098,0.2,0
2026-06-06,A034,Team Cebu C,Cebu,Travel,Day,Voice,Reservations,new,2026-06,2540000,6.8,1308.0,0.842,493.04,70.36,90.68,4.27,0.799,0.109,0.112,0.35,0
2026-06-06,A035,Team Cebu C,Cebu,Travel,Swing,Voice,Reservations,steady,2026-06,2540000,6.8,1384.0,0.852,457.4,65.4,92.12,4.27,0.805,0.113,0.109,0.5,0
2026-06-06,A036,Team Cebu C,Cebu,Travel,Night,Voice,Reservations,senior,2026-06,2540000,6.8,1460.0,0.862,430.67,61.68,93.2,4.27,0.81,0.117,0.092,0.65,0
2026-06-06,A037,Team Davao D,Davao,Healthcare,Day,Voice,Benefits,new,2026-06,2540000,6.8,1080.0,0.829,458.05,70.36,90.68,4.57,0.827,0.068,0.106,0.2,0
2026-06-06,A038,Team Davao D,Davao,Healthcare,Swing,Voice,Benefits,steady,2026-06,2540000,6.8,1156.0,0.839,425.0,65.4,92.12,4.57,0.833,0.072,0.103,0.35,0
2026-06-06,A039,Team Davao D,Davao,Healthcare,Night,Voice,Benefits,senior,2026-06,2540000,6.8,1232.0,0.849,400.21,61.68,93.2,4.57,0.838,0.076,0.101,0.5,0
2026-06-06,A040,Team Davao D,Davao,Healthcare,Day,Voice,Benefits,new,2026-06,2540000,6.8,1308.0,0.859,458.05,70.36,90.68,4.57,0.827,0.08,0.115,0.65,0
2026-06-06,A041,Team Davao D,Davao,Healthcare,Swing,Voice,Benefits,steady,2026-06,2540000,6.8,1384.0,0.829,425.0,65.4,92.12,4.57,0.833,0.068,0.097,0.2,0
2026-06-06,A042,Team Davao D,Davao,Healthcare,Night,Voice,Benefits,senior,2026-06,2540000,6.8,1460.0,0.839,400.21,61.68,93.2,4.57,0.838,0.072,0.095,0.35,0
2026-06-06,A043,Team Davao D,Davao,Healthcare,Day,Voice,Benefits,new,2026-06,2540000,6.8,1080.0,0.849,458.05,70.36,90.68,4.57,0.827,0.076,0.109,0.5,0
2026-06-06,A044,Team Davao D,Davao,Healthcare,Swing,Voice,Benefits,steady,2026-06,2540000,6.8,1156.0,0.859,425.0,65.4,92.12,4.57,0.833,0.08,0.106,0.65,0
2026-06-06,A045,Team Davao D,Davao,Healthcare,Night,Voice,Benefits,senior,2026-06,2540000,6.8,1232.0,0.829,400.21,61.68,93.2,4.57,0.838,0.068,0.104,0.2,0
2026-06-06,A046,Team Davao D,Davao,Healthcare,Day,Voice,Benefits,new,2026-06,2540000,6.8,1308.0,0.839,458.05,70.36,90.68,4.57,0.827,0.072,0.103,0.35,0
2026-06-06,A047,Team Davao D,Davao,Healthcare,Swing,Voice,Benefits,steady,2026-06,2540000,6.8,1384.0,0.849,425.0,65.4,92.12,4.57,0.833,0.076,0.1,0.5,0
2026-06-06,A048,Team Davao D,Davao,Healthcare,Night,Voice,Benefits,senior,2026-06,2540000,6.8,1460.0,0.859,400.21,61.68,93.2,4.57,0.838,0.08,0.098,0.65,0
2026-06-07,A001,Team Manila A,Manila,Telco,Day,Voice,Retention,new,2026-06,2540000,6.8,990.0,0.83,512.54,79.16,90.5,4.53,0.825,0.073,0.115,0.28,0
2026-06-07,A002,Team Manila A,Manila,Telco,Swing,Voice,Retention,steady,2026-06,2540000,6.8,1059.0,0.84,478.2,74.2,91.94,4.53,0.831,0.077,0.112,0.43,0
2026-06-07,A003,Team Manila A,Manila,Telco,Night,Voice,Retention,senior,2026-06,2540000,6.8,1129.0,0.85,452.44,70.48,93.02,4.53,0.836,0.081,0.11,0.58,0
2026-06-07,A004,Team Manila A,Manila,Telco,Day,Voice,Retention,new,2026-06,2540000,6.8,1199.0,0.86,512.54,79.16,90.5,4.53,0.825,0.085,0.124,0.73,0
2026-06-07,A005,Team Manila A,Manila,Telco,Swing,Voice,Retention,steady,2026-06,2540000,6.8,1269.0,0.83,478.2,74.2,91.94,4.53,0.831,0.073,0.121,0.28,0
2026-06-07,A006,Team Manila A,Manila,Telco,Night,Voice,Retention,senior,2026-06,2540000,6.8,1339.0,0.84,452.44,70.48,93.02,4.53,0.836,0.077,0.104,0.43,0
2026-06-07,A007,Team Manila A,Manila,Telco,Day,Voice,Retention,new,2026-06,2540000,6.8,990.0,0.85,512.54,79.16,90.5,4.53,0.825,0.081,0.118,0.58,0
2026-06-07,A008,Team Manila A,Manila,Telco,Swing,Voice,Retention,steady,2026-06,2540000,6.8,1059.0,0.86,478.2,74.2,91.94,4.53,0.831,0.085,0.115,0.73,0
2026-06-07,A009,Team Manila A,Manila,Telco,Night,Voice,Retention,senior,2026-06,2540000,6.8,1129.0,0.83,452.44,70.48,93.02,4.53,0.836,0.073,0.113,0.28,0
2026-06-07,A010,Team Manila A,Manila,Telco,Day,Voice,Retention,new,2026-06,2540000,6.8,1199.0,0.84,512.54,79.16,90.5,4.53,0.825,0.077,0.127,0.43,0
2026-06-07,A011,Team Manila A,Manila,Telco,Swing,Voice,Retention,steady,2026-06,2540000,6.8,1269.0,0.85,478.2,74.2,91.94,4.53,0.831,0.081,0.109,0.58,0
2026-06-07,A012,Team Manila A,Manila,Telco,Night,Voice,Retention,senior,2026-06,2540000,6.8,1339.0,0.86,452.44,70.48,93.02,4.53,0.836,0.085,0.107,0.73,0
2026-06-07,A013,Team Manila B,Manila,Retail,Day,Voice,Order Support,new,2026-06,2540000,6.8,990.0,0.827,445.55,71.56,90.5,4.59,0.829,0.064,0.109,0.28,0
2026-06-07,A014,Team Manila B,Manila,Retail,Swing,Voice,Order Support,steady,2026-06,2540000,6.8,1059.0,0.837,413.8,66.6,91.94,4.59,0.835,0.068,0.106,0.43,1
2026-06-07,A015,Team Manila B,Manila,Retail,Night,Voice,Order Support,senior,2026-06,2540000,6.8,1129.0,0.847,389.99,62.88,93.02,4.59,0.84,0.072,0.104,0.58,0
2026-06-07,A016,Team Manila B,Manila,Retail,Day,Voice,Order Support,new,2026-06,2540000,6.8,1199.0,0.857,445.55,71.56,90.5,4.59,0.829,0.075,0.103,0.73,0
2026-06-07,A017,Team Manila B,Manila,Retail,Swing,Voice,Order Support,steady,2026-06,2540000,6.8,1269.0,0.827,413.8,66.6,91.94,4.59,0.835,0.064,0.1,0.28,0
2026-06-07,A018,Team Manila B,Manila,Retail,Night,Voice,Order Support,senior,2026-06,2540000,6.8,1339.0,0.837,389.99,62.88,93.02,4.59,0.84,0.068,0.098,0.43,0
2026-06-07,A019,Team Manila B,Manila,Retail,Day,Voice,Order Support,new,2026-06,2540000,6.8,990.0,0.847,445.55,71.56,90.5,4.59,0.829,0.072,0.112,0.58,0
2026-06-07,A020,Team Manila B,Manila,Retail,Swing,Voice,Order Support,steady,2026-06,2540000,6.8,1059.0,0.857,413.8,66.6,91.94,4.59,0.835,0.075,0.109,0.73,0
2026-06-07,A021,Team Manila B,Manila,Retail,Night,Voice,Order Support,senior,2026-06,2540000,6.8,1129.0,0.827,389.99,62.88,93.02,4.59,0.84,0.064,0.092,0.28,0
2026-06-07,A022,Team Manila B,Manila,Retail,Day,Voice,Order Support,new,2026-06,2540000,6.8,1199.0,0.837,445.55,71.56,90.5,4.59,0.829,0.068,0.106,0.43,0
2026-06-07,A023,Team Manila B,Manila,Retail,Swing,Voice,Order Support,steady,2026-06,2540000,6.8,1269.0,0.847,413.8,66.6,91.94,4.59,0.835,0.072,0.103,0.58,0
2026-06-07,A024,Team Manila B,Manila,Retail,Night,Voice,Order Support,senior,2026-06,2540000,6.8,1339.0,0.857,389.99,62.88,93.02,4.59,0.84,0.075,0.101,0.73,0
2026-06-07,A025,Team Cebu C,Cebu,Travel,Day,Voice,Reservations,new,2026-06,2540000,6.8,990.0,0.832,498.04,71.56,90.5,4.18,0.791,0.114,0.115,0.28,0
2026-06-07,A026,Team Cebu C,Cebu,Travel,Swing,Voice,Reservations,steady,2026-06,2540000,6.8,1059.0,0.842,462.4,66.6,91.94,4.18,0.797,0.118,0.097,0.43,0
2026-06-07,A027,Team Cebu C,Cebu,Travel,Night,Voice,Reservations,senior,2026-06,2540000,6.8,1129.0,0.852,435.67,62.88,93.02,4.18,0.802,0.122,0.095,0.58,0
2026-06-07,A028,Team Cebu C,Cebu,Travel,Day,Voice,Reservations,new,2026-06,2540000,6.8,1199.0,0.862,498.04,71.56,90.5,4.18,0.791,0.126,0.109,0.73,0
2026-06-07,A029,Team Cebu C,Cebu,Travel,Swing,Voice,Reservations,steady,2026-06,2540000,6.8,1269.0,0.832,462.4,66.6,91.94,4.18,0.797,0.114,0.106,0.28,0
2026-06-07,A030,Team Cebu C,Cebu,Travel,Night,Voice,Reservations,senior,2026-06,2540000,6.8,1339.0,0.842,435.67,62.88,93.02,4.18,0.802,0.118,0.104,0.43,0
2026-06-07,A031,Team Cebu C,Cebu,Travel,Day,Voice,Reservations,new,2026-06,2540000,6.8,990.0,0.852,498.04,71.56,90.5,4.18,0.791,0.122,0.103,0.58,0
2026-06-07,A032,Team Cebu C,Cebu,Travel,Swing,Voice,Reservations,steady,2026-06,2540000,6.8,1059.0,0.862,462.4,66.6,91.94,4.18,0.797,0.126,0.1,0.73,0
2026-06-07,A033,Team Cebu C,Cebu,Travel,Night,Voice,Reservations,senior,2026-06,2540000,6.8,1129.0,0.832,435.67,62.88,93.02,4.18,0.802,0.114,0.098,0.28,0
2026-06-07,A034,Team Cebu C,Cebu,Travel,Day,Voice,Reservations,new,2026-06,2540000,6.8,1199.0,0.842,498.04,71.56,90.5,4.18,0.791,0.118,0.112,0.43,0
2026-06-07,A035,Team Cebu C,Cebu,Travel,Swing,Voice,Reservations,steady,2026-06,2540000,6.8,1269.0,0.852,462.4,66.6,91.94,4.18,0.797,0.122,0.109,0.58,0
2026-06-07,A036,Team Cebu C,Cebu,Travel,Night,Voice,Reservations,senior,2026-06,2540000,6.8,1339.0,0.862,435.67,62.88,93.02,4.18,0.802,0.126,0.092,0.73,0
2026-06-07,A037,Team Davao D,Davao,Healthcare,Day,Voice,Benefits,new,2026-06,2540000,6.8,990.0,0.829,463.05,71.56,90.5,4.56,0.827,0.068,0.106,0.28,0
2026-06-07,A038,Team Davao D,Davao,Healthcare,Swing,Voice,Benefits,steady,2026-06,2540000,6.8,1059.0,0.839,430.0,66.6,91.94,4.56,0.833,0.072,0.103,0.43,0
2026-06-07,A039,Team Davao D,Davao,Healthcare,Night,Voice,Benefits,senior,2026-06,2540000,6.8,1129.0,0.849,405.21,62.88,93.02,4.56,0.838,0.076,0.101,0.58,0
2026-06-07,A040,Team Davao D,Davao,Healthcare,Day,Voice,Benefits,new,2026-06,2540000,6.8,1199.0,0.859,463.05,71.56,90.5,4.56,0.827,0.08,0.115,0.73,0
2026-06-07,A041,Team Davao D,Davao,Healthcare,Swing,Voice,Benefits,steady,2026-06,2540000,6.8,1269.0,0.829,430.0,66.6,91.94,4.56,0.833,0.068,0.097,0.28,0
2026-06-07,A042,Team Davao D,Davao,Healthcare,Night,Voice,Benefits,senior,2026-06,2540000,6.8,1339.0,0.839,405.21,62.88,93.02,4.56,0.838,0.072,0.095,0.43,0
2026-06-07,A043,Team Davao D,Davao,Healthcare,Day,Voice,Benefits,new,2026-06,2540000,6.8,990.0,0.849,463.05,71.56,90.5,4.56,0.827,0.076,0.109,0.58,0
2026-06-07,A044,Team Davao D,Davao,Healthcare,Swing,Voice,Benefits,steady,2026-06,2540000,6.8,1059.0,0.859,430.0,66.6,91.94,4.56,0.833,0.08,0.106,0.73,0
2026-06-07,A045,Team Davao D,Davao,Healthcare,Night,Voice,Benefits,senior,2026-06,2540000,6.8,1129.0,0.829,405.21,62.88,93.02,4.56,0.838,0.068,0.104,0.28,0
2026-06-07,A046,Team Davao D,Davao,Healthcare,Day,Voice,Benefits,new,2026-06,2540000,6.8,1199.0,0.839,463.05,71.56,90.5,4.56,0.827,0.072,0.103,0.43,0
2026-06-07,A047,Team Davao D,Davao,Healthcare,Swing,Voice,Benefits,steady,2026-06,2540000,6.8,1269.0,0.849,430.0,66.6,91.94,4.56,0.833,0.076,0.1,0.58,0
2026-06-07,A048,Team Davao D,Davao,Healthcare,Night,Voice,Benefits,senior,2026-06,2540000,6.8,1339.0,0.859,405.21,62.88,93.02,4.56,0.838,0.08,0.098,0.73,0
2026-06-08,A001,Team Manila A,Manila,Telco,Day,Voice,Retention,new,2026-06,2540000,6.8,1619.0,0.83,533.54,84.16,90.32,4.52,0.825,0.073,0.121,0.36,0
2026-06-08,A002,Team Manila A,Manila,Telco,Swing,Voice,Retention,steady,2026-06,2540000,6.8,1734.0,0.84,499.2,79.2,91.76,4.52,0.831,0.077,0.118,0.51,0
2026-06-08,A003,Team Manila A,Manila,Telco,Night,Voice,Retention,senior,2026-06,2540000,6.8,1848.0,0.85,473.44,75.48,92.84,4.52,0.836,0.081,0.116,0.66,0
2026-06-08,A004,Team Manila A,Manila,Telco,Day,Voice,Retention,new,2026-06,2540000,6.8,1962.0,0.86,533.54,84.16,90.32,4.52,0.825,0.085,0.13,0.81,0
2026-06-08,A005,Team Manila A,Manila,Telco,Swing,Voice,Retention,steady,2026-06,2540000,6.8,2076.0,0.83,499.2,79.2,91.76,4.52,0.831,0.073,0.127,0.36,0
2026-06-08,A006,Team Manila A,Manila,Telco,Night,Voice,Retention,senior,2026-06,2540000,6.8,2191.0,0.84,473.44,75.48,92.84,4.52,0.836,0.077,0.11,0.51,0
2026-06-08,A007,Team Manila A,Manila,Telco,Day,Voice,Retention,new,2026-06,2540000,6.8,1619.0,0.85,533.54,84.16,86.52,4.47,0.825,0.081,0.124,0.66,0
2026-06-08,A008,Team Manila A,Manila,Telco,Swing,Voice,Retention,steady,2026-06,2540000,6.8,1734.0,0.86,499.2,79.2,91.76,4.52,0.831,0.085,0.121,0.81,0
2026-06-08,A009,Team Manila A,Manila,Telco,Night,Voice,Retention,senior,2026-06,2540000,6.8,1848.0,0.83,473.44,75.48,92.84,4.52,0.836,0.073,0.119,0.36,0
2026-06-08,A010,Team Manila A,Manila,Telco,Day,Voice,Retention,new,2026-06,2540000,6.8,1962.0,0.84,533.54,84.16,90.32,4.52,0.825,0.077,0.133,0.51,0
2026-06-08,A011,Team Manila A,Manila,Telco,Swing,Voice,Retention,steady,2026-06,2540000,6.8,2076.0,0.85,499.2,79.2,91.76,4.52,0.831,0.081,0.115,0.66,0
2026-06-08,A012,Team Manila A,Manila,Telco,Night,Voice,Retention,senior,2026-06,2540000,6.8,2191.0,0.86,473.44,75.48,92.84,4.52,0.836,0.085,0.113,0.81,0
2026-06-08,A013,Team Manila B,Manila,Retail,Day,Voice,Order Support,new,2026-06,2540000,6.8,1619.0,0.827,450.55,72.76,90.32,4.58,0.829,0.064,0.109,0.36,0
2026-06-08,A014,Team Manila B,Manila,Retail,Swing,Voice,Order Support,steady,2026-06,2540000,6.8,1734.0,0.837,418.8,67.8,91.76,4.58,0.835,0.068,0.106,0.51,0
2026-06-08,A015,Team Manila B,Manila,Retail,Night,Voice,Order Support,senior,2026-06,2540000,6.8,1848.0,0.847,394.99,64.08,92.84,4.58,0.84,0.072,0.104,0.66,0
2026-06-08,A016,Team Manila B,Manila,Retail,Day,Voice,Order Support,new,2026-06,2540000,6.8,1962.0,0.857,450.55,72.76,90.32,4.58,0.829,0.075,0.103,0.81,0
2026-06-08,A017,Team Manila B,Manila,Retail,Swing,Voice,Order Support,steady,2026-06,2540000,6.8,2076.0,0.827,418.8,67.8,91.76,4.58,0.835,0.064,0.1,0.36,0
2026-06-08,A018,Team Manila B,Manila,Retail,Night,Voice,Order Support,senior,2026-06,2540000,6.8,2191.0,0.837,394.99,64.08,92.84,4.58,0.84,0.068,0.098,0.51,0
2026-06-08,A019,Team Manila B,Manila,Retail,Day,Voice,Order Support,new,2026-06,2540000,6.8,1619.0,0.847,450.55,72.76,90.32,4.58,0.829,0.072,0.112,0.66,0
2026-06-08,A020,Team Manila B,Manila,Retail,Swing,Voice,Order Support,steady,2026-06,2540000,6.8,1734.0,0.857,418.8,67.8,91.76,4.58,0.835,0.075,0.109,0.81,0
2026-06-08,A021,Team Manila B,Manila,Retail,Night,Voice,Order Support,senior,2026-06,2540000,6.8,1848.0,0.827,394.99,64.08,92.84,4.58,0.84,0.064,0.092,0.36,0
2026-06-08,A022,Team Manila B,Manila,Retail,Day,Voice,Order Support,new,2026-06,2540000,6.8,1962.0,0.837,450.55,72.76,90.32,4.58,0.829,0.068,0.106,0.51,0
2026-06-08,A023,Team Manila B,Manila,Retail,Swing,Voice,Order Support,steady,2026-06,2540000,6.8,2076.0,0.847,418.8,67.8,91.76,4.58,0.835,0.072,0.103,0.66,0
2026-06-08,A024,Team Manila B,Manila,Retail,Night,Voice,Order Support,senior,2026-06,2540000,6.8,2191.0,0.857,394.99,64.08,92.84,4.58,0.84,0.075,0.101,0.81,0
2026-06-08,A025,Team Cebu C,Cebu,Travel,Day,Voice,Reservations,new,2026-06,2540000,6.8,1619.0,0.832,503.04,72.76,90.32,4.09,0.783,0.123,0.115,0.36,0
2026-06-08,A026,Team Cebu C,Cebu,Travel,Swing,Voice,Reservations,steady,2026-06,2540000,6.8,1734.0,0.842,467.4,67.8,91.76,4.09,0.789,0.127,0.097,0.51,0
2026-06-08,A027,Team Cebu C,Cebu,Travel,Night,Voice,Reservations,senior,2026-06,2540000,6.8,1848.0,0.852,440.67,64.08,92.84,4.09,0.794,0.131,0.095,0.66,0
2026-06-08,A028,Team Cebu C,Cebu,Travel,Day,Voice,Reservations,new,2026-06,2540000,6.8,1962.0,0.862,503.04,72.76,90.32,4.09,0.783,0.135,0.109,0.81,0
2026-06-08,A029,Team Cebu C,Cebu,Travel,Swing,Voice,Reservations,steady,2026-06,2540000,6.8,2076.0,0.832,467.4,67.8,91.76,4.09,0.789,0.123,0.106,0.36,0
2026-06-08,A030,Team Cebu C,Cebu,Travel,Night,Voice,Reservations,senior,2026-06,2540000,6.8,2191.0,0.842,440.67,64.08,92.84,4.09,0.794,0.127,0.104,0.51,0
2026-06-08,A031,Team Cebu C,Cebu,Travel,Day,Voice,Reservations,new,2026-06,2540000,6.8,1619.0,0.852,503.04,72.76,90.32,4.09,0.783,0.131,0.103,0.66,0
2026-06-08,A032,Team Cebu C,Cebu,Travel,Swing,Voice,Reservations,steady,2026-06,2540000,6.8,1734.0,0.862,467.4,67.8,91.76,4.09,0.789,0.135,0.1,0.81,0
2026-06-08,A033,Team Cebu C,Cebu,Travel,Night,Voice,Reservations,senior,2026-06,2540000,6.8,1848.0,0.832,440.67,64.08,92.84,4.09,0.794,0.123,0.098,0.36,0
2026-06-08,A034,Team Cebu C,Cebu,Travel,Day,Voice,Reservations,new,2026-06,2540000,6.8,1962.0,0.842,503.04,72.76,90.32,4.09,0.783,0.127,0.112,0.51,0
2026-06-08,A035,Team Cebu C,Cebu,Travel,Swing,Voice,Reservations,steady,2026-06,2540000,6.8,2076.0,0.852,467.4,67.8,91.76,4.09,0.789,0.131,0.109,0.66,0
2026-06-08,A036,Team Cebu C,Cebu,Travel,Night,Voice,Reservations,senior,2026-06,2540000,6.8,2191.0,0.862,440.67,64.08,92.84,4.09,0.794,0.135,0.092,0.81,0
2026-06-08,A037,Team Davao D,Davao,Healthcare,Day,Voice,Benefits,new,2026-06,2540000,6.8,1619.0,0.829,468.05,72.76,90.32,4.55,0.827,0.068,0.106,0.36,0
2026-06-08,A038,Team Davao D,Davao,Healthcare,Swing,Voice,Benefits,steady,2026-06,2540000,6.8,1734.0,0.839,435.0,67.8,91.76,4.55,0.833,0.072,0.103,0.51,0
2026-06-08,A039,Team Davao D,Davao,Healthcare,Night,Voice,Benefits,senior,2026-06,2540000,6.8,1848.0,0.849,410.21,64.08,92.84,4.55,0.838,0.076,0.101,0.66,0
2026-06-08,A040,Team Davao D,Davao,Healthcare,Day,Voice,Benefits,new,2026-06,2540000,6.8,1962.0,0.859,468.05,72.76,90.32,4.55,0.827,0.08,0.115,0.81,0
2026-06-08,A041,Team Davao D,Davao,Healthcare,Swing,Voice,Benefits,steady,2026-06,2540000,6.8,2076.0,0.829,435.0,67.8,91.76,4.55,0.833,0.068,0.097,0.36,0
2026-06-08,A042,Team Davao D,Davao,Healthcare,Night,Voice,Benefits,senior,2026-06,2540000,6.8,2191.0,0.839,410.21,64.08,92.84,4.55,0.838,0.072,0.095,0.51,0
2026-06-08,A043,Team Davao D,Davao,Healthcare,Day,Voice,Benefits,new,2026-06,2540000,6.8,1619.0,0.849,468.05,72.76,90.32,4.55,0.827,0.076,0.109,0.66,0
2026-06-08,A044,Team Davao D,Davao,Healthcare,Swing,Voice,Benefits,steady,2026-06,2540000,6.8,1734.0,0.859,435.0,67.8,91.76,4.55,0.833,0.08,0.106,0.81,0
2026-06-08,A045,Team Davao D,Davao,Healthcare,Night,Voice,Benefits,senior,2026-06,2540000,6.8,1848.0,0.829,410.21,64.08,92.84,4.55,0.838,0.068,0.104,0.36,0
2026-06-08,A046,Team Davao D,Davao,Healthcare,Day,Voice,Benefits,new,2026-06,2540000,6.8,1962.0,0.839,468.05,72.76,90.32,4.55,0.827,0.072,0.103,0.51,0
2026-06-08,A047,Team Davao D,Davao,Healthcare,Swing,Voice,Benefits,steady,2026-06,2540000,6.8,2076.0,0.849,435.0,67.8,91.76,4.55,0.833,0.076,0.1,0.66,0
2026-06-08,A048,Team Davao D,Davao,Healthcare,Night,Voice,Benefits,senior,2026-06,2540000,6.8,2191.0,0.859,410.21,64.08,92.84,4.55,0.838,0.08,0.098,0.81,0
2026-06-09,A001,Team Manila A,Manila,Telco,Day,Voice,Retention,new,2026-06,2540000,6.8,1559.0,0.83,554.54,89.16,90.14,4.51,0.825,0.073,0.127,0.44,0
2026-06-09,A002,Team Manila A,Manila,Telco,Swing,Voice,Retention,steady,2026-06,2540000,6.8,1669.0,0.84,520.2,84.2,91.58,4.51,0.831,0.077,0.124,0.59,0
2026-06-09,A003,Team Manila A,Manila,Telco,Night,Voice,Retention,senior,2026-06,2540000,6.8,1779.0,0.85,494.44,80.48,92.66,4.51,0.836,0.081,0.122,0.74,0
2026-06-09,A004,Team Manila A,Manila,Telco,Day,Voice,Retention,new,2026-06,2540000,6.8,1889.0,0.86,554.54,89.16,90.14,4.51,0.825,0.085,0.136,0.89,0
2026-06-09,A005,Team Manila A,Manila,Telco,Swing,Voice,Retention,steady,2026-06,2540000,6.8,2000.0,0.83,520.2,84.2,91.58,4.51,0.831,0.073,0.133,0.44,0
2026-06-09,A006,Team Manila A,Manila,Telco,Night,Voice,Retention,senior,2026-06,2540000,6.8,2110.0,0.84,494.44,80.48,92.66,4.51,0.836,0.077,0.116,0.59,0
2026-06-09,A007,Team Manila A,Manila,Telco,Day,Voice,Retention,new,2026-06,2540000,6.8,1559.0,0.85,554.54,89.16,82.54,4.41,0.825,0.081,0.13,0.74,0
2026-06-09,A008,Team Manila A,Manila,Telco,Swing,Voice,Retention,steady,2026-06,2540000,6.8,1669.0,0.86,520.2,84.2,91.58,4.51,0.831,0.085,0.127,0.89,0
2026-06-09,A009,Team Manila A,Manila,Telco,Night,Voice,Retention,senior,2026-06,2540000,6.8,1779.0,0.83,494.44,80.48,92.66,4.51,0.836,0.073,0.125,0.44,0
2026-06-09,A010,Team Manila A,Manila,Telco,Day,Voice,Retention,new,2026-06,2540000,6.8,1889.0,0.84,554.54,89.16,90.14,4.51,0.825,0.077,0.139,0.59,0
2026-06-09,A011,Team Manila A,Manila,Telco,Swing,Voice,Retention,steady,2026-06,2540000,6.8,2000.0,0.85,520.2,84.2,91.58,4.51,0.831,0.081,0.121,0.74,0
2026-06-09,A012,Team Manila A,Manila,Telco,Night,Voice,Retention,senior,2026-06,2540000,6.8,2110.0,0.86,494.44,80.48,92.66,4.51,0.836,0.085,0.119,0.89,0
2026-06-09,A013,Team Manila B,Manila,Retail,Day,Voice,Order Support,new,2026-06,2540000,6.8,1559.0,0.827,455.55,73.96,90.14,4.57,0.829,0.064,0.109,0.44,0
2026-06-09,A014,Team Manila B,Manila,Retail,Swing,Voice,Order Support,steady,2026-06,2540000,6.8,1669.0,0.837,423.8,69.0,91.58,4.57,0.835,0.068,0.106,0.59,0
2026-06-09,A015,Team Manila B,Manila,Retail,Night,Voice,Order Support,senior,2026-06,2540000,6.8,1779.0,0.847,399.99,65.28,92.66,4.57,0.84,0.072,0.104,0.74,0
2026-06-09,A016,Team Manila B,Manila,Retail,Day,Voice,Order Support,new,2026-06,2540000,6.8,1889.0,0.857,455.55,73.96,90.14,4.57,0.829,0.075,0.103,0.89,0
2026-06-09,A017,Team Manila B,Manila,Retail,Swing,Voice,Order Support,steady,2026-06,2540000,6.8,2000.0,0.827,423.8,69.0,91.58,4.57,0.835,0.064,0.1,0.44,0
2026-06-09,A018,Team Manila B,Manila,Retail,Night,Voice,Order Support,senior,2026-06,2540000,6.8,2110.0,0.837,399.99,65.28,92.66,4.57,0.84,0.068,0.098,0.59,0
2026-06-09,A019,Team Manila B,Manila,Retail,Day,Voice,Order Support,new,2026-06,2540000,6.8,1559.0,0.847,455.55,73.96,90.14,4.57,0.829,0.072,0.112,0.74,0
2026-06-09,A020,Team Manila B,Manila,Retail,Swing,Voice,Order Support,steady,2026-06,2540000,6.8,1669.0,0.857,423.8,69.0,91.58,4.57,0.835,0.075,0.109,0.89,0
2026-06-09,A021,Team Manila B,Manila,Retail,Night,Voice,Order Support,senior,2026-06,2540000,6.8,1779.0,0.827,399.99,65.28,92.66,4.57,0.84,0.064,0.092,0.44,0
2026-06-09,A022,Team Manila B,Manila,Retail,Day,Voice,Order Support,new,2026-06,2540000,6.8,1889.0,0.837,455.55,73.96,90.14,4.57,0.829,0.068,0.106,0.59,0
2026-06-09,A023,Team Manila B,Manila,Retail,Swing,Voice,Order Support,steady,2026-06,2540000,6.8,2000.0,0.847,423.8,69.0,91.58,4.57,0.835,0.072,0.103,0.74,0
2026-06-09,A024,Team Manila B,Manila,Retail,Night,Voice,Order Support,senior,2026-06,2540000,6.8,2110.0,0.857,399.99,65.28,92.66,4.57,0.84,0.075,0.101,0.89,0
2026-06-09,A025,Team Cebu C,Cebu,Travel,Day,Voice,Reservations,new,2026-06,2540000,6.8,1559.0,0.832,508.04,73.96,90.14,4.0,0.775,0.132,0.115,0.44,0
2026-06-09,A026,Team Cebu C,Cebu,Travel,Swing,Voice,Reservations,steady,2026-06,2540000,6.8,1669.0,0.842,472.4,69.0,91.58,4.0,0.781,0.136,0.097,0.59,0
2026-06-09,A027,Team Cebu C,Cebu,Travel,Night,Voice,Reservations,senior,2026-06,2540000,6.8,1779.0,0.852,445.67,65.28,92.66,4.0,0.786,0.14,0.095,0.74,0
2026-06-09,A028,Team Cebu C,Cebu,Travel,Day,Voice,Reservations,new,2026-06,2540000,6.8,1889.0,0.862,508.04,73.96,90.14,4.0,0.775,0.144,0.109,0.89,0
2026-06-09,A029,Team Cebu C,Cebu,Travel,Swing,Voice,Reservations,steady,2026-06,2540000,6.8,2000.0,0.832,472.4,69.0,91.58,4.0,0.781,0.132,0.106,0.44,0
2026-06-09,A030,Team Cebu C,Cebu,Travel,Night,Voice,Reservations,senior,2026-06,2540000,6.8,2110.0,0.842,445.67,65.28,92.66,4.0,0.786,0.136,0.104,0.59,0
2026-06-09,A031,Team Cebu C,Cebu,Travel,Day,Voice,Reservations,new,2026-06,2540000,6.8,1559.0,0.852,508.04,73.96,90.14,4.0,0.775,0.14,0.103,0.74,1
2026-06-09,A032,Team Cebu C,Cebu,Travel,Swing,Voice,Reservations,steady,2026-06,2540000,6.8,1669.0,0.862,472.4,69.0,91.58,4.0,0.781,0.144,0.1,0.89,0
2026-06-09,A033,Team Cebu C,Cebu,Travel,Night,Voice,Reservations,senior,2026-06,2540000,6.8,1779.0,0.832,445.67,65.28,92.66,4.0,0.786,0.132,0.098,0.44,0
2026-06-09,A034,Team Cebu C,Cebu,Travel,Day,Voice,Reservations,new,2026-06,2540000,6.8,1889.0,0.842,508.04,73.96,90.14,4.0,0.775,0.136,0.112,0.59,0
2026-06-09,A035,Team Cebu C,Cebu,Travel,Swing,Voice,Reservations,steady,2026-06,2540000,6.8,2000.0,0.852,472.4,69.0,91.58,4.0,0.781,0.14,0.109,0.74,0
2026-06-09,A036,Team Cebu C,Cebu,Travel,Night,Voice,Reservations,senior,2026-06,2540000,6.8,2110.0,0.862,445.67,65.28,92.66,4.0,0.786,0.144,0.092,0.89,0
2026-06-09,A037,Team Davao D,Davao,Healthcare,Day,Voice,Benefits,new,2026-06,2540000,6.8,1559.0,0.829,473.05,73.96,90.14,4.54,0.827,0.068,0.106,0.44,0
2026-06-09,A038,Team Davao D,Davao,Healthcare,Swing,Voice,Benefits,steady,2026-06,2540000,6.8,1669.0,0.839,440.0,69.0,91.58,4.54,0.833,0.072,0.103,0.59,0
2026-06-09,A039,Team Davao D,Davao,Healthcare,Night,Voice,Benefits,senior,2026-06,2540000,6.8,1779.0,0.849,415.21,65.28,92.66,4.54,0.838,0.076,0.101,0.74,0
2026-06-09,A040,Team Davao D,Davao,Healthcare,Day,Voice,Benefits,new,2026-06,2540000,6.8,1889.0,0.859,473.05,73.96,90.14,4.54,0.827,0.08,0.115,0.89,0
2026-06-09,A041,Team Davao D,Davao,Healthcare,Swing,Voice,Benefits,steady,2026-06,2540000,6.8,2000.0,0.829,440.0,69.0,91.58,4.54,0.833,0.068,0.097,0.44,0
2026-06-09,A042,Team Davao D,Davao,Healthcare,Night,Voice,Benefits,senior,2026-06,2540000,6.8,2110.0,0.839,415.21,65.28,92.66,4.54,0.838,0.072,0.095,0.59,0
2026-06-09,A043,Team Davao D,Davao,Healthcare,Day,Voice,Benefits,new,2026-06,2540000,6.8,1559.0,0.849,473.05,73.96,90.14,4.54,0.827,0.076,0.109,0.74,0
2026-06-09,A044,Team Davao D,Davao,Healthcare,Swing,Voice,Benefits,steady,2026-06,2540000,6.8,1669.0,0.859,440.0,69.0,91.58,4.54,0.833,0.08,0.106,0.89,0
2026-06-09,A045,Team Davao D,Davao,Healthcare,Night,Voice,Benefits,senior,2026-06,2540000,6.8,1779.0,0.829,415.21,65.28,92.66,4.54,0.838,0.068,0.104,0.44,0
2026-06-09,A046,Team Davao D,Davao,Healthcare,Day,Voice,Benefits,new,2026-06,2540000,6.8,1889.0,0.839,473.05,73.96,90.14,4.54,0.827,0.072,0.103,0.59,0
2026-06-09,A047,Team Davao D,Davao,Healthcare,Swing,Voice,Benefits,steady,2026-06,2540000,6.8,2000.0,0.849,440.0,69.0,91.58,4.54,0.833,0.076,0.1,0.74,0
2026-06-09,A048,Team Davao D,Davao,Healthcare,Night,Voice,Benefits,senior,2026-06,2540000,6.8,2110.0,0.859,415.21,65.28,92.66,4.54,0.838,0.08,0.098,0.89,0
2026-06-10,A001,Team Manila A,Manila,Telco,Day,Voice,Retention,new,2026-06,2540000,6.8,1499.0,0.83,540.54,85.76,90.14,4.51,0.825,0.073,0.133,0.2,0
2026-06-10,A002,Team Manila A,Manila,Telco,Swing,Voice,Retention,steady,2026-06,2540000,6.8,1605.0,0.84,506.2,80.8,91.58,4.51,0.831,0.077,0.13,0.35,0
2026-06-10,A003,Team Manila A,Manila,Telco,Night,Voice,Retention,senior,2026-06,2540000,6.8,1711.0,0.85,480.44,77.08,92.66,4.51,0.836,0.081,0.128,0.5,0
2026-06-10,A004,Team Manila A,Manila,Telco,Day,Voice,Retention,new,2026-06,2540000,6.8,1817.0,0.86,540.54,85.76,90.14,4.51,0.825,0.085,0.142,0.65,0
2026-06-10,A005,Team Manila A,Manila,Telco,Swing,Voice,Retention,steady,2026-06,2540000,6.8,1923.0,0.83,506.2,80.8,91.58,4.51,0.831,0.073,0.139,0.2,0
2026-06-10,A006,Team Manila A,Manila,Telco,Night,Voice,Retention,senior,2026-06,2540000,6.8,2028.0,0.84,480.44,77.08,92.66,4.51,0.836,0.077,0.122,0.35,0
2026-06-10,A007,Team Manila A,Manila,Telco,Day,Voice,Retention,new,2026-06,2540000,6.8,1499.0,0.85,540.54,85.76,78.74,4.36,0.825,0.081,0.136,0.5,0
2026-06-10,A008,Team Manila A,Manila,Telco,Swing,Voice,Retention,steady,2026-06,2540000,6.8,1605.0,0.86,506.2,80.8,91.58,4.51,0.831,0.085,0.133,0.65,0
2026-06-10,A009,Team Manila A,Manila,Telco,Night,Voice,Retention,senior,2026-06,2540000,6.8,1711.0,0.83,480.44,77.08,92.66,4.51,0.836,0.073,0.131,0.2,0
2026-06-10,A010,Team Manila A,Manila,Telco,Day,Voice,Retention,new,2026-06,2540000,6.8,1817.0,0.84,540.54,85.76,90.14,4.51,0.825,0.077,0.145,0.35,0
2026-06-10,A011,Team Manila A,Manila,Telco,Swing,Voice,Retention,steady,2026-06,2540000,6.8,1923.0,0.85,506.2,80.8,91.58,4.51,0.831,0.081,0.127,0.5,0
2026-06-10,A012,Team Manila A,Manila,Telco,Night,Voice,Retention,senior,2026-06,2540000,6.8,2028.0,0.86,480.44,77.08,92.66,4.51,0.836,0.085,0.125,0.65,0
2026-06-10,A013,Team Manila B,Manila,Retail,Day,Voice,Order Support,new,2026-06,2540000,6.8,1499.0,0.827,425.55,66.76,90.14,4.57,0.829,0.064,0.109,0.2,1
2026-06-10,A014,Team Manila B,Manila,Retail,Swing,Voice,Order Support,steady,2026-06,2540000,6.8,1605.0,0.837,393.8,61.8,91.58,4.57,0.835,0.068,0.106,0.35,0
2026-06-10,A015,Team Manila B,Manila,Retail,Night,Voice,Order Support,senior,2026-06,2540000,6.8,1711.0,0.847,369.99,58.08,92.66,4.57,0.84,0.072,0.104,0.5,0
2026-06-10,A016,Team Manila B,Manila,Retail,Day,Voice,Order Support,new,2026-06,2540000,6.8,1817.0,0.857,425.55,66.76,90.14,4.57,0.829,0.075,0.103,0.65,0
2026-06-10,A017,Team Manila B,Manila,Retail,Swing,Voice,Order Support,steady,2026-06,2540000,6.8,1923.0,0.827,393.8,61.8,91.58,4.57,0.835,0.064,0.1,0.2,0
2026-06-10,A018,Team Manila B,Manila,Retail,Night,Voice,Order Support,senior,2026-06,2540000,6.8,2028.0,0.837,369.99,58.08,92.66,4.57,0.84,0.068,0.098,0.35,0
2026-06-10,A019,Team Manila B,Manila,Retail,Day,Voice,Order Support,new,2026-06,2540000,6.8,1499.0,0.847,425.55,66.76,90.14,4.57,0.829,0.072,0.112,0.5,0
2026-06-10,A020,Team Manila B,Manila,Retail,Swing,Voice,Order Support,steady,2026-06,2540000,6.8,1605.0,0.857,393.8,61.8,91.58,4.57,0.835,0.075,0.109,0.65,0
2026-06-10,A021,Team Manila B,Manila,Retail,Night,Voice,Order Support,senior,2026-06,2540000,6.8,1711.0,0.827,369.99,58.08,92.66,4.57,0.84,0.064,0.092,0.2,0
2026-06-10,A022,Team Manila B,Manila,Retail,Day,Voice,Order Support,new,2026-06,2540000,6.8,1817.0,0.837,425.55,66.76,90.14,4.57,0.829,0.068,0.106,0.35,0
2026-06-10,A023,Team Manila B,Manila,Retail,Swing,Voice,Order Support,steady,2026-06,2540000,6.8,1923.0,0.847,393.8,61.8,91.58,4.57,0.835,0.072,0.103,0.5,0
2026-06-10,A024,Team Manila B,Manila,Retail,Night,Voice,Order Support,senior,2026-06,2540000,6.8,2028.0,0.857,369.99,58.08,92.66,4.57,0.84,0.075,0.101,0.65,0
2026-06-10,A025,Team Cebu C,Cebu,Travel,Day,Voice,Reservations,new,2026-06,2540000,6.8,1499.0,0.832,478.04,66.76,90.14,3.92,0.767,0.141,0.115,0.2,0
2026-06-10,A026,Team Cebu C,Cebu,Travel,Swing,Voice,Reservations,steady,2026-06,2540000,6.8,1605.0,0.842,442.4,61.8,91.58,3.92,0.773,0.145,0.097,0.35,0
2026-06-10,A027,Team Cebu C,Cebu,Travel,Night,Voice,Reservations,senior,2026-06,2540000,6.8,1711.0,0.852,415.67,58.08,92.66,3.92,0.778,0.149,0.095,0.5,0
2026-06-10,A028,Team Cebu C,Cebu,Travel,Day,Voice,Reservations,new,2026-06,2540000,6.8,1817.0,0.862,478.04,66.76,90.14,3.92,0.767,0.153,0.109,0.65,0
2026-06-10,A029,Team Cebu C,Cebu,Travel,Swing,Voice,Reservations,steady,2026-06,2540000,6.8,1923.0,0.832,442.4,61.8,91.58,3.92,0.773,0.141,0.106,0.2,0
2026-06-10,A030,Team Cebu C,Cebu,Travel,Night,Voice,Reservations,senior,2026-06,2540000,6.8,2028.0,0.842,415.67,58.08,92.66,3.92,0.778,0.145,0.104,0.35,0
2026-06-10,A031,Team Cebu C,Cebu,Travel,Day,Voice,Reservations,new,2026-06,2540000,6.8,1499.0,0.852,478.04,66.76,90.14,3.92,0.767,0.149,0.103,0.5,0
2026-06-10,A032,Team Cebu C,Cebu,Travel,Swing,Voice,Reservations,steady,2026-06,2540000,6.8,1605.0,0.862,442.4,61.8,91.58,3.92,0.773,0.153,0.1,0.65,0
2026-06-10,A033,Team Cebu C,Cebu,Travel,Night,Voice,Reservations,senior,2026-06,2540000,6.8,1711.0,0.832,415.67,58.08,92.66,3.92,0.778,0.141,0.098,0.2,0
2026-06-10,A034,Team Cebu C,Cebu,Travel,Day,Voice,Reservations,new,2026-06,2540000,6.8,1817.0,0.842,478.04,66.76,90.14,3.92,0.767,0.145,0.112,0.35,0
2026-06-10,A035,Team Cebu C,Cebu,Travel,Swing,Voice,Reservations,steady,2026-06,2540000,6.8,1923.0,0.852,442.4,61.8,91.58,3.92,0.773,0.149,0.109,0.5,0
2026-06-10,A036,Team Cebu C,Cebu,Travel,Night,Voice,Reservations,senior,2026-06,2540000,6.8,2028.0,0.862,415.67,58.08,92.66,3.92,0.778,0.153,0.092,0.65,0
2026-06-10,A037,Team Davao D,Davao,Healthcare,Day,Voice,Benefits,new,2026-06,2540000,6.8,1499.0,0.844,443.05,66.76,90.14,4.54,0.827,0.068,0.106,0.55,0
2026-06-10,A038,Team Davao D,Davao,Healthcare,Swing,Voice,Benefits,steady,2026-06,2540000,6.8,1605.0,0.854,410.0,61.8,91.58,4.54,0.833,0.072,0.103,0.7,0
2026-06-10,A039,Team Davao D,Davao,Healthcare,Night,Voice,Benefits,senior,2026-06,2540000,6.8,1711.0,0.864,385.21,58.08,92.66,4.54,0.838,0.076,0.101,0.85,0
2026-06-10,A040,Team Davao D,Davao,Healthcare,Day,Voice,Benefits,new,2026-06,2540000,6.8,1817.0,0.874,443.05,66.76,90.14,4.54,0.827,0.08,0.115,1.0,0
2026-06-10,A041,Team Davao D,Davao,Healthcare,Swing,Voice,Benefits,steady,2026-06,2540000,6.8,1923.0,0.844,410.0,61.8,91.58,4.54,0.833,0.068,0.097,0.55,0
2026-06-10,A042,Team Davao D,Davao,Healthcare,Night,Voice,Benefits,senior,2026-06,2540000,6.8,2028.0,0.854,385.21,58.08,92.66,4.54,0.838,0.072,0.095,0.7,0
2026-06-10,A043,Team Davao D,Davao,Healthcare,Day,Voice,Benefits,new,2026-06,2540000,6.8,1499.0,0.864,443.05,66.76,90.14,4.54,0.827,0.076,0.109,0.85,0
2026-06-10,A044,Team Davao D,Davao,Healthcare,Swing,Voice,Benefits,steady,2026-06,2540000,6.8,1605.0,0.874,410.0,61.8,91.58,4.54,0.833,0.08,0.106,1.0,0
2026-06-10,A045,Team Davao D,Davao,Healthcare,Night,Voice,Benefits,senior,2026-06,2540000,6.8,1711.0,0.844,385.21,58.08,92.66,4.54,0.838,0.068,0.104,0.55,0
2026-06-10,A046,Team Davao D,Davao,Healthcare,Day,Voice,Benefits,new,2026-06,2540000,6.8,1817.0,0.854,443.05,66.76,90.14,4.54,0.827,0.072,0.103,0.7,0
2026-06-10,A047,Team Davao D,Davao,Healthcare,Swing,Voice,Benefits,steady,2026-06,2540000,6.8,1923.0,0.864,410.0,61.8,91.58,4.54,0.833,0.076,0.1,0.85,0
2026-06-10,A048,Team Davao D,Davao,Healthcare,Night,Voice,Benefits,senior,2026-06,2540000,6.8,2028.0,0.874,385.21,58.08,92.66,4.54,0.838,0.08,0.098,1.0,0
2026-06-11,A001,Team Manila A,Manila,Telco,Day,Voice,Retention,new,2026-06,2540000,6.8,1484.0,0.83,561.54,90.76,90.32,4.52,0.825,0.073,0.139,0.2,0
2026-06-11,A002,Team Manila A,Manila,Telco,Swing,Voice,Retention,steady,2026-06,2540000,6.8,1589.0,0.84,527.2,85.8,91.76,4.52,0.831,0.077,0.136,0.35,0
2026-06-11,A003,Team Manila A,Manila,Telco,Night,Voice,Retention,senior,2026-06,2540000,6.8,1694.0,0.85,501.44,82.08,92.84,4.52,0.836,0.081,0.134,0.5,0
2026-06-11,A004,Team Manila A,Manila,Telco,Day,Voice,Retention,new,2026-06,2540000,6.8,1799.0,0.86,561.54,90.76,90.32,4.52,0.825,0.085,0.148,0.65,0
2026-06-11,A005,Team Manila A,Manila,Telco,Swing,Voice,Retention,steady,2026-06,2540000,6.8,1903.0,0.83,527.2,85.8,91.76,4.52,0.831,0.073,0.145,0.2,0
2026-06-11,A006,Team Manila A,Manila,Telco,Night,Voice,Retention,senior,2026-06,2540000,6.8,2008.0,0.84,501.44,82.08,92.84,4.52,0.836,0.077,0.128,0.35,0
2026-06-11,A007,Team Manila A,Manila,Telco,Day,Voice,Retention,new,2026-06,2540000,6.8,1484.0,0.85,561.54,90.76,75.12,4.32,0.825,0.081,0.142,0.5,0
2026-06-11,A008,Team Manila A,Manila,Telco,Swing,Voice,Retention,steady,2026-06,2540000,6.8,1589.0,0.86,527.2,85.8,91.76,4.52,0.831,0.085,0.139,0.65,0
2026-06-11,A009,Team Manila A,Manila,Telco,Night,Voice,Retention,senior,2026-06,2540000,6.8,1694.0,0.83,501.44,82.08,92.84,4.52,0.836,0.073,0.137,0.2,0
2026-06-11,A010,Team Manila A,Manila,Telco,Day,Voice,Retention,new,2026-06,2540000,6.8,1799.0,0.84,561.54,90.76,90.32,4.52,0.825,0.077,0.151,0.35,0
2026-06-11,A011,Team Manila A,Manila,Telco,Swing,Voice,Retention,steady,2026-06,2540000,6.8,1903.0,0.85,527.2,85.8,91.76,4.52,0.831,0.081,0.133,0.5,0
2026-06-11,A012,Team Manila A,Manila,Telco,Night,Voice,Retention,senior,2026-06,2540000,6.8,2008.0,0.86,501.44,82.08,92.84,4.52,0.836,0.085,0.131,0.65,0
2026-06-11,A013,Team Manila B,Manila,Retail,Day,Voice,Order Support,new,2026-06,2540000,6.8,1484.0,0.827,430.55,67.96,90.32,4.58,0.829,0.064,0.109,0.2,0
2026-06-11,A014,Team Manila B,Manila,Retail,Swing,Voice,Order Support,steady,2026-06,2540000,6.8,1589.0,0.837,398.8,63.0,91.76,4.58,0.835,0.068,0.106,0.35,0
2026-06-11,A015,Team Manila B,Manila,Retail,Night,Voice,Order Support,senior,2026-06,2540000,6.8,1694.0,0.847,374.99,59.28,92.84,4.58,0.84,0.072,0.104,0.5,0
2026-06-11,A016,Team Manila B,Manila,Retail,Day,Voice,Order Support,new,2026-06,2540000,6.8,1799.0,0.857,430.55,67.96,90.32,4.58,0.829,0.075,0.103,0.65,0
2026-06-11,A017,Team Manila B,Manila,Retail,Swing,Voice,Order Support,steady,2026-06,2540000,6.8,1903.0,0.827,398.8,63.0,91.76,4.58,0.835,0.064,0.1,0.2,0
2026-06-11,A018,Team Manila B,Manila,Retail,Night,Voice,Order Support,senior,2026-06,2540000,6.8,2008.0,0.837,374.99,59.28,92.84,4.58,0.84,0.068,0.098,0.35,0
2026-06-11,A019,Team Manila B,Manila,Retail,Day,Voice,Order Support,new,2026-06,2540000,6.8,1484.0,0.847,430.55,67.96,90.32,4.58,0.829,0.072,0.112,0.5,0
2026-06-11,A020,Team Manila B,Manila,Retail,Swing,Voice,Order Support,steady,2026-06,2540000,6.8,1589.0,0.857,398.8,63.0,91.76,4.58,0.835,0.075,0.109,0.65,0
2026-06-11,A021,Team Manila B,Manila,Retail,Night,Voice,Order Support,senior,2026-06,2540000,6.8,1694.0,0.827,374.99,59.28,92.84,4.58,0.84,0.064,0.092,0.2,0
2026-06-11,A022,Team Manila B,Manila,Retail,Day,Voice,Order Support,new,2026-06,2540000,6.8,1799.0,0.837,430.55,67.96,90.32,4.58,0.829,0.068,0.106,0.35,0
2026-06-11,A023,Team Manila B,Manila,Retail,Swing,Voice,Order Support,steady,2026-06,2540000,6.8,1903.0,0.847,398.8,63.0,91.76,4.58,0.835,0.072,0.103,0.5,0
2026-06-11,A024,Team Manila B,Manila,Retail,Night,Voice,Order Support,senior,2026-06,2540000,6.8,2008.0,0.857,374.99,59.28,92.84,4.58,0.84,0.075,0.101,0.65,0
2026-06-11,A025,Team Cebu C,Cebu,Travel,Day,Voice,Reservations,new,2026-06,2540000,6.8,1484.0,0.832,483.04,67.96,90.32,3.85,0.759,0.15,0.115,0.2,0
2026-06-11,A026,Team Cebu C,Cebu,Travel,Swing,Voice,Reservations,steady,2026-06,2540000,6.8,1589.0,0.842,447.4,63.0,91.76,3.85,0.765,0.154,0.097,0.35,0
2026-06-11,A027,Team Cebu C,Cebu,Travel,Night,Voice,Reservations,senior,2026-06,2540000,6.8,1694.0,0.852,420.67,59.28,92.84,3.85,0.77,0.158,0.095,0.5,0
2026-06-11,A028,Team Cebu C,Cebu,Travel,Day,Voice,Reservations,new,2026-06,2540000,6.8,1799.0,0.862,483.04,67.96,90.32,3.85,0.759,0.162,0.109,0.65,0
2026-06-11,A029,Team Cebu C,Cebu,Travel,Swing,Voice,Reservations,steady,2026-06,2540000,6.8,1903.0,0.832,447.4,63.0,91.76,3.85,0.765,0.15,0.106,0.2,0
2026-06-11,A030,Team Cebu C,Cebu,Travel,Night,Voice,Reservations,senior,2026-06,2540000,6.8,2008.0,0.842,420.67,59.28,92.84,3.85,0.77,0.154,0.104,0.35,0
2026-06-11,A031,Team Cebu C,Cebu,Travel,Day,Voice,Reservations,new,2026-06,2540000,6.8,1484.0,0.852,483.04,67.96,90.32,3.85,0.759,0.158,0.103,0.5,0
2026-06-11,A032,Team Cebu C,Cebu,Travel,Swing,Voice,Reservations,steady,2026-06,2540000,6.8,1589.0,0.862,447.4,63.0,91.76,3.85,0.765,0.162,0.1,0.65,0
2026-06-11,A033,Team Cebu C,Cebu,Travel,Night,Voice,Reservations,senior,2026-06,2540000,6.8,1694.0,0.832,420.67,59.28,92.84,3.85,0.77,0.15,0.098,0.2,0
2026-06-11,A034,Team Cebu C,Cebu,Travel,Day,Voice,Reservations,new,2026-06,2540000,6.8,1799.0,0.842,483.04,67.96,90.32,3.85,0.759,0.154,0.112,0.35,0
2026-06-11,A035,Team Cebu C,Cebu,Travel,Swing,Voice,Reservations,steady,2026-06,2540000,6.8,1903.0,0.852,447.4,63.0,91.76,3.85,0.765,0.158,0.109,0.5,0
2026-06-11,A036,Team Cebu C,Cebu,Travel,Night,Voice,Reservations,senior,2026-06,2540000,6.8,2008.0,0.862,420.67,59.28,92.84,3.85,0.77,0.162,0.092,0.65,0
2026-06-11,A037,Team Davao D,Davao,Healthcare,Day,Voice,Benefits,new,2026-06,2540000,6.8,1484.0,0.859,448.05,67.96,90.32,4.55,0.827,0.068,0.106,0.9,0
2026-06-11,A038,Team Davao D,Davao,Healthcare,Swing,Voice,Benefits,steady,2026-06,2540000,6.8,1589.0,0.869,415.0,63.0,91.76,4.55,0.833,0.072,0.103,1.05,0
2026-06-11,A039,Team Davao D,Davao,Healthcare,Night,Voice,Benefits,senior,2026-06,2540000,6.8,1694.0,0.879,390.21,59.28,92.84,4.55,0.838,0.076,0.101,1.2,0
2026-06-11,A040,Team Davao D,Davao,Healthcare,Day,Voice,Benefits,new,2026-06,2540000,6.8,1799.0,0.889,448.05,67.96,90.32,4.55,0.827,0.08,0.115,1.35,0
2026-06-11,A041,Team Davao D,Davao,Healthcare,Swing,Voice,Benefits,steady,2026-06,2540000,6.8,1903.0,0.859,415.0,63.0,91.76,4.55,0.833,0.068,0.097,0.9,0
2026-06-11,A042,Team Davao D,Davao,Healthcare,Night,Voice,Benefits,senior,2026-06,2540000,6.8,2008.0,0.869,390.21,59.28,92.84,4.55,0.838,0.072,0.095,1.05,0
2026-06-11,A043,Team Davao D,Davao,Healthcare,Day,Voice,Benefits,new,2026-06,2540000,6.8,1484.0,0.879,448.05,67.96,90.32,4.55,0.827,0.076,0.109,1.2,0
2026-06-11,A044,Team Davao D,Davao,Healthcare,Swing,Voice,Benefits,steady,2026-06,2540000,6.8,1589.0,0.889,415.0,63.0,91.76,4.55,0.833,0.08,0.106,1.35,0
2026-06-11,A045,Team Davao D,Davao,Healthcare,Night,Voice,Benefits,senior,2026-06,2540000,6.8,1694.0,0.859,390.21,59.28,92.84,4.55,0.838,0.068,0.104,0.9,0
2026-06-11,A046,Team Davao D,Davao,Healthcare,Day,Voice,Benefits,new,2026-06,2540000,6.8,1799.0,0.869,448.05,67.96,90.32,4.55,0.827,0.072,0.103,1.05,0
2026-06-11,A047,Team Davao D,Davao,Healthcare,Swing,Voice,Benefits,steady,2026-06,2540000,6.8,1903.0,0.879,415.0,63.0,91.76,4.55,0.833,0.076,0.1,1.2,0
2026-06-11,A048,Team Davao D,Davao,Healthcare,Night,Voice,Benefits,senior,2026-06,2540000,6.8,2008.0,0.889,390.21,59.28,92.84,4.55,0.838,0.08,0.098,1.35,1
2026-06-12,A001,Team Manila A,Manila,Telco,Day,Voice,Retention,new,2026-06,2540000,6.8,1409.0,0.83,582.54,95.76,90.5,4.53,0.825,0.073,0.145,0.2,0
2026-06-12,A002,Team Manila A,Manila,Telco,Swing,Voice,Retention,steady,2026-06,2540000,6.8,1509.0,0.84,548.2,90.8,91.94,4.53,0.831,0.077,0.142,0.35,0
2026-06-12,A003,Team Manila A,Manila,Telco,Night,Voice,Retention,senior,2026-06,2540000,6.8,1608.0,0.85,522.44,87.08,93.02,4.53,0.836,0.081,0.14,0.5,0
2026-06-12,A004,Team Manila A,Manila,Telco,Day,Voice,Retention,new,2026-06,2540000,6.8,1708.0,0.86,582.54,95.76,90.5,4.53,0.825,0.085,0.154,0.65,0
2026-06-12,A005,Team Manila A,Manila,Telco,Swing,Voice,Retention,steady,2026-06,2540000,6.8,1807.0,0.83,548.2,90.8,91.94,4.53,0.831,0.073,0.151,0.2,0
2026-06-12,A006,Team Manila A,Manila,Telco,Night,Voice,Retention,senior,2026-06,2540000,6.8,1907.0,0.84,522.44,87.08,93.02,4.53,0.836,0.077,0.134,0.35,0
2026-06-12,A007,Team Manila A,Manila,Telco,Day,Voice,Retention,new,2026-06,2540000,6.8,1409.0,0.85,582.54,95.76,71.5,4.28,0.825,0.081,0.148,0.5,0
2026-06-12,A008,Team Manila A,Manila,Telco,Swing,Voice,Retention,steady,2026-06,2540000,6.8,1509.0,0.86,548.2,90.8,91.94,4.53,0.831,0.085,0.145,0.65,0
2026-06-12,A009,Team Manila A,Manila,Telco,Night,Voice,Retention,senior,2026-06,2540000,6.8,1608.0,0.83,522.44,87.08,93.02,4.53,0.836,0.073,0.143,0.2,0
2026-06-12,A010,Team Manila A,Manila,Telco,Day,Voice,Retention,new,2026-06,2540000,6.8,1708.0,0.84,582.54,95.76,90.5,4.53,0.825,0.077,0.157,0.35,0
2026-06-12,A011,Team Manila A,Manila,Telco,Swing,Voice,Retention,steady,2026-06,2540000,6.8,1807.0,0.85,548.2,90.8,91.94,4.53,0.831,0.081,0.139,0.5,0
2026-06-12,A012,Team Manila A,Manila,Telco,Night,Voice,Retention,senior,2026-06,2540000,6.8,1907.0,0.86,522.44,87.08,93.02,4.53,0.836,0.085,0.137,0.65,0
2026-06-12,A013,Team Manila B,Manila,Retail,Day,Voice,Order Support,new,2026-06,2540000,6.8,1409.0,0.827,435.55,69.16,90.5,4.59,0.829,0.064,0.109,0.2,0
2026-06-12,A014,Team Manila B,Manila,Retail,Swing,Voice,Order Support,steady,2026-06,2540000,6.8,1509.0,0.837,403.8,64.2,91.94,4.59,0.835,0.068,0.106,0.35,0
2026-06-12,A015,Team Manila B,Manila,Retail,Night,Voice,Order Support,senior,2026-06,2540000,6.8,1608.0,0.847,379.99,60.48,93.02,4.59,0.84,0.072,0.104,0.5,0
2026-06-12,A016,Team Manila B,Manila,Retail,Day,Voice,Order Support,new,2026-06,2540000,6.8,1708.0,0.857,435.55,69.16,90.5,4.59,0.829,0.075,0.103,0.65,0
2026-06-12,A017,Team Manila B,Manila,Retail,Swing,Voice,Order Support,steady,2026-06,2540000,6.8,1807.0,0.827,403.8,64.2,91.94,4.59,0.835,0.064,0.1,0.2,0
2026-06-12,A018,Team Manila B,Manila,Retail,Night,Voice,Order Support,senior,2026-06,2540000,6.8,1907.0,0.837,379.99,60.48,93.02,4.59,0.84,0.068,0.098,0.35,0
2026-06-12,A019,Team Manila B,Manila,Retail,Day,Voice,Order Support,new,2026-06,2540000,6.8,1409.0,0.847,435.55,69.16,90.5,4.59,0.829,0.072,0.112,0.5,0
2026-06-12,A020,Team Manila B,Manila,Retail,Swing,Voice,Order Support,steady,2026-06,2540000,6.8,1509.0,0.857,403.8,64.2,91.94,4.59,0.835,0.075,0.109,0.65,0
2026-06-12,A021,Team Manila B,Manila,Retail,Night,Voice,Order Support,senior,2026-06,2540000,6.8,1608.0,0.827,379.99,60.48,93.02,4.59,0.84,0.064,0.092,0.2,0
2026-06-12,A022,Team Manila B,Manila,Retail,Day,Voice,Order Support,new,2026-06,2540000,6.8,1708.0,0.837,435.55,69.16,90.5,4.59,0.829,0.068,0.106,0.35,0
2026-06-12,A023,Team Manila B,Manila,Retail,Swing,Voice,Order Support,steady,2026-06,2540000,6.8,1807.0,0.847,403.8,64.2,91.94,4.59,0.835,0.072,0.103,0.5,0
2026-06-12,A024,Team Manila B,Manila,Retail,Night,Voice,Order Support,senior,2026-06,2540000,6.8,1907.0,0.857,379.99,60.48,93.02,4.59,0.84,0.075,0.101,0.65,0
2026-06-12,A025,Team Cebu C,Cebu,Travel,Day,Voice,Reservations,new,2026-06,2540000,6.8,1409.0,0.832,488.04,69.16,90.5,3.78,0.751,0.159,0.115,0.2,0
2026-06-12,A026,Team Cebu C,Cebu,Travel,Swing,Voice,Reservations,steady,2026-06,2540000,6.8,1509.0,0.842,452.4,64.2,91.94,3.78,0.757,0.163,0.097,0.35,0
2026-06-12,A027,Team Cebu C,Cebu,Travel,Night,Voice,Reservations,senior,2026-06,2540000,6.8,1608.0,0.852,425.67,60.48,93.02,3.78,0.762,0.167,0.095,0.5,0
2026-06-12,A028,Team Cebu C,Cebu,Travel,Day,Voice,Reservations,new,2026-06,2540000,6.8,1708.0,0.862,488.04,69.16,90.5,3.78,0.751,0.171,0.109,0.65,0
2026-06-12,A029,Team Cebu C,Cebu,Travel,Swing,Voice,Reservations,steady,2026-06,2540000,6.8,1807.0,0.832,452.4,64.2,91.94,3.78,0.757,0.159,0.106,0.2,0
2026-06-12,A030,Team Cebu C,Cebu,Travel,Night,Voice,Reservations,senior,2026-06,2540000,6.8,1907.0,0.842,425.67,60.48,93.02,3.78,0.762,0.163,0.104,0.35,1
2026-06-12,A031,Team Cebu C,Cebu,Travel,Day,Voice,Reservations,new,2026-06,2540000,6.8,1409.0,0.852,488.04,69.16,90.5,3.78,0.751,0.167,0.103,0.5,0
2026-06-12,A032,Team Cebu C,Cebu,Travel,Swing,Voice,Reservations,steady,2026-06,2540000,6.8,1509.0,0.862,452.4,64.2,91.94,3.78,0.757,0.171,0.1,0.65,0
2026-06-12,A033,Team Cebu C,Cebu,Travel,Night,Voice,Reservations,senior,2026-06,2540000,6.8,1608.0,0.832,425.67,60.48,93.02,3.78,0.762,0.159,0.098,0.2,0
2026-06-12,A034,Team Cebu C,Cebu,Travel,Day,Voice,Reservations,new,2026-06,2540000,6.8,1708.0,0.842,488.04,69.16,90.5,3.78,0.751,0.163,0.112,0.35,0
2026-06-12,A035,Team Cebu C,Cebu,Travel,Swing,Voice,Reservations,steady,2026-06,2540000,6.8,1807.0,0.852,452.4,64.2,91.94,3.78,0.757,0.167,0.109,0.5,0
2026-06-12,A036,Team Cebu C,Cebu,Travel,Night,Voice,Reservations,senior,2026-06,2540000,6.8,1907.0,0.862,425.67,60.48,93.02,3.78,0.762,0.171,0.092,0.65,0
2026-06-12,A037,Team Davao D,Davao,Healthcare,Day,Voice,Benefits,new,2026-06,2540000,6.8,1409.0,0.874,453.05,69.16,90.5,4.56,0.827,0.068,0.106,1.25,0
2026-06-12,A038,Team Davao D,Davao,Healthcare,Swing,Voice,Benefits,steady,2026-06,2540000,6.8,1509.0,0.884,420.0,64.2,91.94,4.56,0.833,0.072,0.103,1.4,0
2026-06-12,A039,Team Davao D,Davao,Healthcare,Night,Voice,Benefits,senior,2026-06,2540000,6.8,1608.0,0.894,395.21,60.48,93.02,4.56,0.838,0.076,0.101,1.55,0
2026-06-12,A040,Team Davao D,Davao,Healthcare,Day,Voice,Benefits,new,2026-06,2540000,6.8,1708.0,0.904,453.05,69.16,90.5,4.56,0.827,0.08,0.115,1.7,0
2026-06-12,A041,Team Davao D,Davao,Healthcare,Swing,Voice,Benefits,steady,2026-06,2540000,6.8,1807.0,0.874,420.0,64.2,91.94,4.56,0.833,0.068,0.097,1.25,0
2026-06-12,A042,Team Davao D,Davao,Healthcare,Night,Voice,Benefits,senior,2026-06,2540000,6.8,1907.0,0.884,395.21,60.48,93.02,4.56,0.838,0.072,0.095,1.4,0
2026-06-12,A043,Team Davao D,Davao,Healthcare,Day,Voice,Benefits,new,2026-06,2540000,6.8,1409.0,0.894,453.05,69.16,90.5,4.56,0.827,0.076,0.109,1.55,0
2026-06-12,A044,Team Davao D,Davao,Healthcare,Swing,Voice,Benefits,steady,2026-06,2540000,6.8,1509.0,0.904,420.0,64.2,91.94,4.56,0.833,0.08,0.106,1.7,0
2026-06-12,A045,Team Davao D,Davao,Healthcare,Night,Voice,Benefits,senior,2026-06,2540000,6.8,1608.0,0.874,395.21,60.48,93.02,4.56,0.838,0.068,0.104,1.25,0
2026-06-12,A046,Team Davao D,Davao,Healthcare,Day,Voice,Benefits,new,2026-06,2540000,6.8,1708.0,0.884,453.05,69.16,90.5,4.56,0.827,0.072,0.103,1.4,0
2026-06-12,A047,Team Davao D,Davao,Healthcare,Swing,Voice,Benefits,steady,2026-06,2540000,6.8,1807.0,0.894,420.0,64.2,91.94,4.56,0.833,0.076,0.1,1.55,0
2026-06-12,A048,Team Davao D,Davao,Healthcare,Night,Voice,Benefits,senior,2026-06,2540000,6.8,1907.0,0.904,395.21,60.48,93.02,4.56,0.838,0.08,0.098,1.7,0
2026-06-13,A001,Team Manila A,Manila,Telco,Day,Voice,Retention,new,2026-06,2540000,6.8,1080.0,0.83,603.54,100.76,90.68,4.54,0.825,0.073,0.151,0.2,0
2026-06-13,A002,Team Manila A,Manila,Telco,Swing,Voice,Retention,steady,2026-06,2540000,6.8,1156.0,0.84,569.2,95.8,92.12,4.54,0.831,0.077,0.148,0.35,0
2026-06-13,A003,Team Manila A,Manila,Telco,Night,Voice,Retention,senior,2026-06,2540000,6.8,1232.0,0.85,543.44,92.08,93.2,4.54,0.836,0.081,0.146,0.5,0
2026-06-13,A004,Team Manila A,Manila,Telco,Day,Voice,Retention,new,2026-06,2540000,6.8,1308.0,0.86,603.54,100.76,90.68,4.54,0.825,0.085,0.16,0.65,0
2026-06-13,A005,Team Manila A,Manila,Telco,Swing,Voice,Retention,steady,2026-06,2540000,6.8,1384.0,0.83,569.2,95.8,92.12,4.54,0.831,0.073,0.157,0.2,0
2026-06-13,A006,Team Manila A,Manila,Telco,Night,Voice,Retention,senior,2026-06,2540000,6.8,1460.0,0.84,543.44,92.08,93.2,4.54,0.836,0.077,0.14,0.35,0
2026-06-13,A007,Team Manila A,Manila,Telco,Day,Voice,Retention,new,2026-06,2540000,6.8,1080.0,0.85,603.54,100.76,67.88,4.24,0.825,0.081,0.154,0.5,0
2026-06-13,A008,Team Manila A,Manila,Telco,Swing,Voice,Retention,steady,2026-06,2540000,6.8,1156.0,0.86,569.2,95.8,92.12,4.54,0.831,0.085,0.151,0.65,0
2026-06-13,A009,Team Manila A,Manila,Telco,Night,Voice,Retention,senior,2026-06,2540000,6.8,1232.0,0.83,543.44,92.08,93.2,4.54,0.836,0.073,0.149,0.2,0
2026-06-13,A010,Team Manila A,Manila,Telco,Day,Voice,Retention,new,2026-06,2540000,6.8,1308.0,0.84,603.54,100.76,90.68,4.54,0.825,0.077,0.163,0.35,0
2026-06-13,A011,Team Manila A,Manila,Telco,Swing,Voice,Retention,steady,2026-06,2540000,6.8,1384.0,0.85,569.2,95.8,92.12,4.54,0.831,0.081,0.145,0.5,0
2026-06-13,A012,Team Manila A,Manila,Telco,Night,Voice,Retention,senior,2026-06,2540000,6.8,1460.0,0.86,543.44,92.08,93.2,4.54,0.836,0.085,0.143,0.65,1
2026-06-13,A013,Team Manila B,Manila,Retail,Day,Voice,Order Support,new,2026-06,2540000,6.8,1080.0,0.827,440.55,70.36,90.68,4.6,0.829,0.064,0.109,0.2,0
2026-06-13,A014,Team Manila B,Manila,Retail,Swing,Voice,Order Support,steady,2026-06,2540000,6.8,1156.0,0.837,408.8,65.4,92.12,4.6,0.835,0.068,0.106,0.35,0
2026-06-13,A015,Team Manila B,Manila,Retail,Night,Voice,Order Support,senior,2026-06,2540000,6.8,1232.0,0.847,384.99,61.68,93.2,4.6,0.84,0.072,0.104,0.5,0
2026-06-13,A016,Team Manila B,Manila,Retail,Day,Voice,Order Support,new,2026-06,2540000,6.8,1308.0,0.857,440.55,70.36,90.68,4.6,0.829,0.075,0.103,0.65,0
2026-06-13,A017,Team Manila B,Manila,Retail,Swing,Voice,Order Support,steady,2026-06,2540000,6.8,1384.0,0.827,408.8,65.4,92.12,4.6,0.835,0.064,0.1,0.2,0
2026-06-13,A018,Team Manila B,Manila,Retail,Night,Voice,Order Support,senior,2026-06,2540000,6.8,1460.0,0.837,384.99,61.68,93.2,4.6,0.84,0.068,0.098,0.35,0
2026-06-13,A019,Team Manila B,Manila,Retail,Day,Voice,Order Support,new,2026-06,2540000,6.8,1080.0,0.847,440.55,70.36,90.68,4.6,0.829,0.072,0.112,0.5,0
2026-06-13,A020,Team Manila B,Manila,Retail,Swing,Voice,Order Support,steady,2026-06,2540000,6.8,1156.0,0.857,408.8,65.4,92.12,4.6,0.835,0.075,0.109,0.65,0
2026-06-13,A021,Team Manila B,Manila,Retail,Night,Voice,Order Support,senior,2026-06,2540000,6.8,1232.0,0.827,384.99,61.68,93.2,4.6,0.84,0.064,0.092,0.2,0
2026-06-13,A022,Team Manila B,Manila,Retail,Day,Voice,Order Support,new,2026-06,2540000,6.8,1308.0,0.837,440.55,70.36,90.68,4.6,0.829,0.068,0.106,0.35,0
2026-06-13,A023,Team Manila B,Manila,Retail,Swing,Voice,Order Support,steady,2026-06,2540000,6.8,1384.0,0.847,408.8,65.4,92.12,4.6,0.835,0.072,0.103,0.5,0
2026-06-13,A024,Team Manila B,Manila,Retail,Night,Voice,Order Support,senior,2026-06,2540000,6.8,1460.0,0.857,384.99,61.68,93.2,4.6,0.84,0.075,0.101,0.65,0
2026-06-13,A025,Team Cebu C,Cebu,Travel,Day,Voice,Reservations,new,2026-06,2540000,6.8,1080.0,0.832,493.04,70.36,90.68,3.71,0.743,0.168,0.115,0.2,0
2026-06-13,A026,Team Cebu C,Cebu,Travel,Swing,Voice,Reservations,steady,2026-06,2540000,6.8,1156.0,0.842,457.4,65.4,92.12,3.71,0.749,0.172,0.097,0.35,0
2026-06-13,A027,Team Cebu C,Cebu,Travel,Night,Voice,Reservations,senior,2026-06,2540000,6.8,1232.0,0.852,430.67,61.68,93.2,3.71,0.754,0.176,0.095,0.5,0
2026-06-13,A028,Team Cebu C,Cebu,Travel,Day,Voice,Reservations,new,2026-06,2540000,6.8,1308.0,0.862,493.04,70.36,90.68,3.71,0.743,0.18,0.109,0.65,0
2026-06-13,A029,Team Cebu C,Cebu,Travel,Swing,Voice,Reservations,steady,2026-06,2540000,6.8,1384.0,0.832,457.4,65.4,92.12,3.71,0.749,0.168,0.106,0.2,0
2026-06-13,A030,Team Cebu C,Cebu,Travel,Night,Voice,Reservations,senior,2026-06,2540000,6.8,1460.0,0.842,430.67,61.68,93.2,3.71,0.754,0.172,0.104,0.35,0
2026-06-13,A031,Team Cebu C,Cebu,Travel,Day,Voice,Reservations,new,2026-06,2540000,6.8,1080.0,0.852,493.04,70.36,90.68,3.71,0.743,0.176,0.103,0.5,0
2026-06-13,A032,Team Cebu C,Cebu,Travel,Swing,Voice,Reservations,steady,2026-06,2540000,6.8,1156.0,0.862,457.4,65.4,92.12,3.71,0.749,0.18,0.1,0.65,0
2026-06-13,A033,Team Cebu C,Cebu,Travel,Night,Voice,Reservations,senior,2026-06,2540000,6.8,1232.0,0.832,430.67,61.68,93.2,3.71,0.754,0.168,0.098,0.2,0
2026-06-13,A034,Team Cebu C,Cebu,Travel,Day,Voice,Reservations,new,2026-06,2540000,6.8,1308.0,0.842,493.04,70.36,90.68,3.71,0.743,0.172,0.112,0.35,0
2026-06-13,A035,Team Cebu C,Cebu,Travel,Swing,Voice,Reservations,steady,2026-06,2540000,6.8,1384.0,0.852,457.4,65.4,92.12,3.71,0.749,0.176,0.109,0.5,0
2026-06-13,A036,Team Cebu C,Cebu,Travel,Night,Voice,Reservations,senior,2026-06,2540000,6.8,1460.0,0.862,430.67,61.68,93.2,3.71,0.754,0.18,0.092,0.65,0
2026-06-13,A037,Team Davao D,Davao,Healthcare,Day,Voice,Benefits,new,2026-06,2540000,6.8,1080.0,0.889,458.05,70.36,90.68,4.57,0.827,0.068,0.106,1.6,0
2026-06-13,A038,Team Davao D,Davao,Healthcare,Swing,Voice,Benefits,steady,2026-06,2540000,6.8,1156.0,0.899,425.0,65.4,92.12,4.57,0.833,0.072,0.103,1.75,0
2026-06-13,A039,Team Davao D,Davao,Healthcare,Night,Voice,Benefits,senior,2026-06,2540000,6.8,1232.0,0.909,400.21,61.68,93.2,4.57,0.838,0.076,0.101,1.9,0
2026-06-13,A040,Team Davao D,Davao,Healthcare,Day,Voice,Benefits,new,2026-06,2540000,6.8,1308.0,0.919,458.05,70.36,90.68,4.57,0.827,0.08,0.115,2.05,0
2026-06-13,A041,Team Davao D,Davao,Healthcare,Swing,Voice,Benefits,steady,2026-06,2540000,6.8,1384.0,0.889,425.0,65.4,92.12,4.57,0.833,0.068,0.097,1.6,0
2026-06-13,A042,Team Davao D,Davao,Healthcare,Night,Voice,Benefits,senior,2026-06,2540000,6.8,1460.0,0.899,400.21,61.68,93.2,4.57,0.838,0.072,0.095,1.75,0
2026-06-13,A043,Team Davao D,Davao,Healthcare,Day,Voice,Benefits,new,2026-06,2540000,6.8,1080.0,0.909,458.05,70.36,90.68,4.57,0.827,0.076,0.109,1.9,0
2026-06-13,A044,Team Davao D,Davao,Healthcare,Swing,Voice,Benefits,steady,2026-06,2540000,6.8,1156.0,0.919,425.0,65.4,92.12,4.57,0.833,0.08,0.106,2.05,0
2026-06-13,A045,Team Davao D,Davao,Healthcare,Night,Voice,Benefits,senior,2026-06,2540000,6.8,1232.0,0.889,400.21,61.68,93.2,4.57,0.838,0.068,0.104,1.6,0
2026-06-13,A046,Team Davao D,Davao,Healthcare,Day,Voice,Benefits,new,2026-06,2540000,6.8,1308.0,0.899,458.05,70.36,90.68,4.57,0.827,0.072,0.103,1.75,0
2026-06-13,A047,Team Davao D,Davao,Healthcare,Swing,Voice,Benefits,steady,2026-06,2540000,6.8,1384.0,0.909,425.0,65.4,92.12,4.57,0.833,0.076,0.1,1.9,0
2026-06-13,A048,Team Davao D,Davao,Healthcare,Night,Voice,Benefits,senior,2026-06,2540000,6.8,1460.0,0.919,400.21,61.68,93.2,4.57,0.838,0.08,0.098,2.05,0
2026-06-14,A001,Team Manila A,Manila,Telco,Day,Voice,Retention,new,2026-06,2540000,6.8,990.0,0.83,624.54,105.76,90.5,4.53,0.825,0.073,0.157,0.28,0
2026-06-14,A002,Team Manila A,Manila,Telco,Swing,Voice,Retention,steady,2026-06,2540000,6.8,1059.0,0.84,590.2,100.8,91.94,4.53,0.831,0.077,0.154,0.43,0
2026-06-14,A003,Team Manila A,Manila,Telco,Night,Voice,Retention,senior,2026-06,2540000,6.8,1129.0,0.85,564.44,97.08,93.02,4.53,0.836,0.081,0.152,0.58,0
2026-06-14,A004,Team Manila A,Manila,Telco,Day,Voice,Retention,new,2026-06,2540000,6.8,1199.0,0.86,624.54,105.76,90.5,4.53,0.825,0.085,0.166,0.73,0
2026-06-14,A005,Team Manila A,Manila,Telco,Swing,Voice,Retention,steady,2026-06,2540000,6.8,1269.0,0.83,590.2,100.8,91.94,4.53,0.831,0.073,0.163,0.28,0
2026-06-14,A006,Team Manila A,Manila,Telco,Night,Voice,Retention,senior,2026-06,2540000,6.8,1339.0,0.84,564.44,97.08,93.02,4.53,0.836,0.077,0.146,0.43,0
2026-06-14,A007,Team Manila A,Manila,Telco,Day,Voice,Retention,new,2026-06,2540000,6.8,990.0,0.85,624.54,105.76,63.9,4.18,0.825,0.081,0.16,0.58,0
2026-06-14,A008,Team Manila A,Manila,Telco,Swing,Voice,Retention,steady,2026-06,2540000,6.8,1059.0,0.86,590.2,100.8,91.94,4.53,0.831,0.085,0.157,0.73,0
2026-06-14,A009,Team Manila A,Manila,Telco,Night,Voice,Retention,senior,2026-06,2540000,6.8,1129.0,0.83,564.44,97.08,93.02,4.53,0.836,0.073,0.155,0.28,0
2026-06-14,A010,Team Manila A,Manila,Telco,Day,Voice,Retention,new,2026-06,2540000,6.8,1199.0,0.84,624.54,105.76,90.5,4.53,0.825,0.077,0.169,0.43,0
2026-06-14,A011,Team Manila A,Manila,Telco,Swing,Voice,Retention,steady,2026-06,2540000,6.8,1269.0,0.85,590.2,100.8,91.94,4.53,0.831,0.081,0.151,0.58,0
2026-06-14,A012,Team Manila A,Manila,Telco,Night,Voice,Retention,senior,2026-06,2540000,6.8,1339.0,0.86,564.44,97.08,93.02,4.53,0.836,0.085,0.149,0.73,0
2026-06-14,A013,Team Manila B,Manila,Retail,Day,Voice,Order Support,new,2026-06,2540000,6.8,990.0,0.827,445.55,71.56,90.5,4.59,0.829,0.064,0.109,0.28,0
2026-06-14,A014,Team Manila B,Manila,Retail,Swing,Voice,Order Support,steady,2026-06,2540000,6.8,1059.0,0.837,413.8,66.6,91.94,4.59,0.835,0.068,0.106,0.43,0
2026-06-14,A015,Team Manila B,Manila,Retail,Night,Voice,Order Support,senior,2026-06,2540000,6.8,1129.0,0.847,389.99,62.88,93.02,4.59,0.84,0.072,0.104,0.58,0
2026-06-14,A016,Team Manila B,Manila,Retail,Day,Voice,Order Support,new,2026-06,2540000,6.8,1199.0,0.857,445.55,71.56,90.5,4.59,0.829,0.075,0.103,0.73,0
2026-06-14,A017,Team Manila B,Manila,Retail,Swing,Voice,Order Support,steady,2026-06,2540000,6.8,1269.0,0.827,413.8,66.6,91.94,4.59,0.835,0.064,0.1,0.28,0
2026-06-14,A018,Team Manila B,Manila,Retail,Night,Voice,Order Support,senior,2026-06,2540000,6.8,1339.0,0.837,389.99,62.88,93.02,4.59,0.84,0.068,0.098,0.43,0
2026-06-14,A019,Team Manila B,Manila,Retail,Day,Voice,Order Support,new,2026-06,2540000,6.8,990.0,0.847,445.55,71.56,90.5,4.59,0.829,0.072,0.112,0.58,0
2026-06-14,A020,Team Manila B,Manila,Retail,Swing,Voice,Order Support,steady,2026-06,2540000,6.8,1059.0,0.857,413.8,66.6,91.94,4.59,0.835,0.075,0.109,0.73,0
2026-06-14,A021,Team Manila B,Manila,Retail,Night,Voice,Order Support,senior,2026-06,2540000,6.8,1129.0,0.827,389.99,62.88,93.02,4.59,0.84,0.064,0.092,0.28,0
2026-06-14,A022,Team Manila B,Manila,Retail,Day,Voice,Order Support,new,2026-06,2540000,6.8,1199.0,0.837,445.55,71.56,90.5,4.59,0.829,0.068,0.106,0.43,0
2026-06-14,A023,Team Manila B,Manila,Retail,Swing,Voice,Order Support,steady,2026-06,2540000,6.8,1269.0,0.847,413.8,66.6,91.94,4.59,0.835,0.072,0.103,0.58,0
2026-06-14,A024,Team Manila B,Manila,Retail,Night,Voice,Order Support,senior,2026-06,2540000,6.8,1339.0,0.857,389.99,62.88,93.02,4.59,0.84,0.075,0.101,0.73,0
2026-06-14,A025,Team Cebu C,Cebu,Travel,Day,Voice,Reservations,new,2026-06,2540000,6.8,990.0,0.832,498.04,71.56,90.5,3.62,0.735,0.177,0.115,0.28,0
2026-06-14,A026,Team Cebu C,Cebu,Travel,Swing,Voice,Reservations,steady,2026-06,2540000,6.8,1059.0,0.842,462.4,66.6,91.94,3.62,0.741,0.181,0.097,0.43,0
2026-06-14,A027,Team Cebu C,Cebu,Travel,Night,Voice,Reservations,senior,2026-06,2540000,6.8,1129.0,0.852,435.67,62.88,93.02,3.62,0.746,0.185,0.095,0.58,0
2026-06-14,A028,Team Cebu C,Cebu,Travel,Day,Voice,Reservations,new,2026-06,2540000,6.8,1199.0,0.862,498.04,71.56,90.5,3.62,0.735,0.189,0.109,0.73,0
2026-06-14,A029,Team Cebu C,Cebu,Travel,Swing,Voice,Reservations,steady,2026-06,2540000,6.8,1269.0,0.832,462.4,66.6,91.94,3.62,0.741,0.177,0.106,0.28,0
2026-06-14,A030,Team Cebu C,Cebu,Travel,Night,Voice,Reservations,senior,2026-06,2540000,6.8,1339.0,0.842,435.67,62.88,93.02,3.62,0.746,0.181,0.104,0.43,0
2026-06-14,A031,Team Cebu C,Cebu,Travel,Day,Voice,Reservations,new,2026-06,2540000,6.8,990.0,0.852,498.04,71.56,90.5,3.62,0.735,0.185,0.103,0.58,0
2026-06-14,A032,Team Cebu C,Cebu,Travel,Swing,Voice,Reservations,steady,2026-06,2540000,6.8,1059.0,0.862,462.4,66.6,91.94,3.62,0.741,0.189,0.1,0.73,0
2026-06-14,A033,Team Cebu C,Cebu,Travel,Night,Voice,Reservations,senior,2026-06,2540000,6.8,1129.0,0.832,435.67,62.88,93.02,3.62,0.746,0.177,0.098,0.28,0
2026-06-14,A034,Team Cebu C,Cebu,Travel,Day,Voice,Reservations,new,2026-06,2540000,6.8,1199.0,0.842,498.04,71.56,90.5,3.62,0.735,0.181,0.112,0.43,0
2026-06-14,A035,Team Cebu C,Cebu,Travel,Swing,Voice,Reservations,steady,2026-06,2540000,6.8,1269.0,0.852,462.4,66.6,91.94,3.62,0.741,0.185,0.109,0.58,0
2026-06-14,A036,Team Cebu C,Cebu,Travel,Night,Voice,Reservations,senior,2026-06,2540000,6.8,1339.0,0.862,435.67,62.88,93.02,3.62,0.746,0.189,0.092,0.73,0
2026-06-14,A037,Team Davao D,Davao,Healthcare,Day,Voice,Benefits,new,2026-06,2540000,6.8,990.0,0.904,463.05,71.56,90.5,4.56,0.827,0.068,0.106,2.03,0
2026-06-14,A038,Team Davao D,Davao,Healthcare,Swing,Voice,Benefits,steady,2026-06,2540000,6.8,1059.0,0.914,430.0,66.6,91.94,4.56,0.833,0.072,0.103,2.18,0
2026-06-14,A039,Team Davao D,Davao,Healthcare,Night,Voice,Benefits,senior,2026-06,2540000,6.8,1129.0,0.924,405.21,62.88,93.02,4.56,0.838,0.076,0.101,2.33,0
2026-06-14,A040,Team Davao D,Davao,Healthcare,Day,Voice,Benefits,new,2026-06,2540000,6.8,1199.0,0.934,463.05,71.56,90.5,4.56,0.827,0.08,0.115,2.48,0
2026-06-14,A041,Team Davao D,Davao,Healthcare,Swing,Voice,Benefits,steady,2026-06,2540000,6.8,1269.0,0.904,430.0,66.6,91.94,4.56,0.833,0.068,0.097,2.03,0
2026-06-14,A042,Team Davao D,Davao,Healthcare,Night,Voice,Benefits,senior,2026-06,2540000,6.8,1339.0,0.914,405.21,62.88,93.02,4.56,0.838,0.072,0.095,2.18,0
2026-06-14,A043,Team Davao D,Davao,Healthcare,Day,Voice,Benefits,new,2026-06,2540000,6.8,990.0,0.924,463.05,71.56,90.5,4.56,0.827,0.076,0.109,2.33,0
2026-06-14,A044,Team Davao D,Davao,Healthcare,Swing,Voice,Benefits,steady,2026-06,2540000,6.8,1059.0,0.934,430.0,66.6,91.94,4.56,0.833,0.08,0.106,2.48,0
2026-06-14,A045,Team Davao D,Davao,Healthcare,Night,Voice,Benefits,senior,2026-06,2540000,6.8,1129.0,0.904,405.21,62.88,93.02,4.56,0.838,0.068,0.104,2.03,0
2026-06-14,A046,Team Davao D,Davao,Healthcare,Day,Voice,Benefits,new,2026-06,2540000,6.8,1199.0,0.914,463.05,71.56,90.5,4.56,0.827,0.072,0.103,2.18,0
2026-06-14,A047,Team Davao D,Davao,Healthcare,Swing,Voice,Benefits,steady,2026-06,2540000,6.8,1269.0,0.924,430.0,66.6,91.94,4.56,0.833,0.076,0.1,2.33,1
2026-06-14,A048,Team Davao D,Davao,Healthcare,Night,Voice,Benefits,senior,2026-06,2540000,6.8,1339.0,0.934,405.21,62.88,93.02,4.56,0.838,0.08,0.098,2.48,0
